keyword,travel_style,dep_dt,arr_dt,evt_status_nm,evt_nm1,evt_nm2,god_nm1,god_nm2,menu_4lvl_nm,price_adt,evt_dt_cnt,evt_night_cnt,carrier,dep_place,event_code,god_id,detail_url
다낭,휴양형,20260328,20260401,행사취소,"★초특가/출발임박★대구 [여행 그 이상의 경험] 다낭,호이안 5일",▶[코트야드 바이 메리어트][2025년 신규 오픈],"대구 [여행 그 이상의 경험] 다낭,호이안 5일",▶[코트야드 바이 메리어트(RIVER VIEW ROOM)] (2025신규오픈),다낭/호이안,469000,5,3,티웨이항공,대구,B27A260328TW065,64320,
다낭,휴양형,20260613,20260617,판매중,"#선착순6명특가[RS][웹예약한정] 다낭,호이안 5일",▶[멜리아빈펄(스위트룸)],"[주말특가][지금 더 특별한 여행 ALL SUITE] 다낭,호이안 4/5일",▶[멜리아빈펄(스위트룸)],다낭/호이안/후에,479000,5,3,에어서울,인천,B27A260613RS023,63314,
다낭,휴양형,20260627,20260701,판매중,"부산 [진에어] 다낭,호이안 5일",▶[멜리아빈펄(스위트룸)],"부산 [지금 더 특별한 여행 ALL SUITE] 다낭,호이안 5일",▶[멜리아빈펄(스위트룸)],BEST 인기상품,499000,5,3,진에어,부산,B27A260627LJ022,62443,
다낭,휴양형,20260413,20260417,행사취소,"부산 [진에어_183] 다낭,호이안 5일",▶[래디슨],"부산 [다시, 푸른바다 미케비치 위에 서다] 다낭,호이안 5일",▶[래디슨],다낭/호이안,499000,5,3,진에어,부산,B27A260413LJ031,63032,
다낭,휴양형,20260610,20260614,판매중,"[주말특가] 대구 [지금 더 특별한 여행 ALL SUITE] 다낭,호이안 5일/6일",▶[멜리아빈펄(스위트룸)],"[주말특가] 대구 [지금 더 특별한 여행 ALL SUITE] 다낭,호이안 5일/6일",▶[멜리아빈펄(스위트룸)],다낭/호이안,499000,5,3,티웨이항공,대구,B27A260610TW088,63501,
다낭,휴양형,20260328,20260402,판매마감,"★초특가★대구 [4박6일][NO팁/NO옵션] 다낭,호이안 5일",▶5성급호텔+마사지2회+바구니배+씨클로+한강유람선,"대구 [NO팁/NO옵션] 다낭,호이안 5일/6일",▶5성급호텔+마사지2회+바구니배+씨클로+한강유람선,다낭/호이안,499000,6,4,티웨이항공,대구,B27A260328TW126,60707,
다낭,휴양형,20260329,20260403,판매마감,"대구 [4N6D][지금 더 특별한 여행 ALL SUITE] 다낭,호이안 6일",▶[멜리아빈펄(스위트룸)],"대구 [지금 더 특별한 여행 ALL SUITE] 다낭,호이안 5일/6일",▶[멜리아빈펄(스위트룸)],다낭/호이안,519000,6,4,티웨이항공,대구,B27A260329TW117,62417,
다낭,휴양형,20260323,20260327,행사취소,"부산 [진에어_LJ183][NO팁_NO옵션_자유시간 보장] 다낭,호이안 5일",▶[5성급호텔],"부산 [NO팁_NO옵션_자유시간 보장] 다낭,호이안 5일",▶[5성급호텔],다낭/호이안,529000,5,3,진에어,부산,B27A260323LJ062,62653,
다낭,휴양형,20260628,20260702,판매중,"[TW013] 다낭,호이안 5일",▶[멜리아빈펄(스위트룸)],"[정통][지금 더 특별한 여행 ALL SUITE] 다낭,호이안 4/5일",▶[멜리아빈펄(스위트룸)],다낭/호이안/후에,539000,5,3,티웨이항공,인천,B27A260628TW067,62401,
다낭,휴양형,20260613,20260617,판매중,"[TW013] 다낭,호이안 5일",▶[포 포인츠 바이 쉐라톤],"[정통][식사에 진심, 미식의 향연] 다낭,호이안 4/5일",▶[포 포인츠 바이 쉐라톤],다낭/호이안/후에,539000,5,3,티웨이항공,인천,B27A260613TW073,62122,
다낭,휴양형,20260606,20260610,판매중,"[TW013] 다낭,호이안 5일",▶[노보텔],"[정통][다채로움으로 기억되는] 다낭,호이안 4/5일",▶[노보텔],다낭/호이안/후에,549000,5,3,티웨이항공,인천,B27A260606TW075,60490,
다낭,휴양형,20260616,20260620,판매중,"부산 [에어부산] 다낭,호이안 5일",▶[코트야드 by 메리어트(2025년 신규오픈)],"부산 [여행 그 이상의 경험] 다낭,호이안 5일",▶[코트야드 바이 메리어트(RIVER VIEW ROOM)](2025신규오픈),BEST 인기상품,549000,5,3,에어부산,부산,B27A260616BX003,64318,
다낭,휴양형,20260608,20260612,판매중,"[TW013] 다낭,호이안 5일",▶[래디슨],"[정통][다시, 푸른바다 미케비치 위에 서다] 다낭,호이안 4/5일",▶[래디슨],다낭/호이안/후에,559000,5,3,티웨이항공,인천,B27A260608TW063,63002,
다낭,휴양형,20260420,20260424,판매중,"#선착순6명특가 699→569[RS] 다낭,호이안 5일",▶[코트야드 바이 메리어트(RIVER VIEW ROOM)](2025신규오픈),"★3월 프로모션★[정통][여행 그 이상의 경험] 다낭,호이안 4/5일",▶[코트야드 바이 메리어트(RIVER VIEW ROOM)](2025신규오픈),다낭/호이안/후에,569000,5,3,에어서울,인천,B27A260420RS012,64264,
다낭,휴양형,20260328,20260401,행사취소,"대구 [NO옵션][THE NEW PREMIUM] 다낭,호이안 5일",▶[힐튼],"대구 [NO옵션][THE NEW PREMIUM 더할 나위 없는 완벽한] 다낭,호이안 5일/6일",▶[힐튼],NO옵션,599000,5,3,티웨이항공,대구,B27A260328TW067,64194,
다낭,휴양형,20260323,20260327,행사취소,"부산 [오전출발][NO팁_NO옵션] 다낭,호이안 5일",▶[5성급호텔],"부산 [NO팁_NO옵션] 다낭,호이안 5일",▶[5성급호텔],다낭/호이안,599000,5,3,비엣젯,부산,B27A260323VJ012,65705,
다낭,휴양형,20260321,20260325,행사취소,"부산 [대한항공][자유여행] 다낭,호이안 5일",▶[미카즈키 다낭 리조트],부산 [자유여행][미카즈키 리조트],"▶다낭,호이안 5일",휴양 & 자유여행,629000,5,3,대한항공,부산,B27A260321KE067,65295,
다낭,휴양형,20260628,20260702,판매중,"부산 [진에어][NO옵션/쇼핑2회] 다낭,호이안 5일",▶[노보텔],"부산 [야경이 완성하는 시그니처][NO옵션/쇼핑2회] 다낭,호이안 5일",▶[노보텔],다낭/호이안,649000,5,3,진에어,부산,B27A260628LJ057,65714,
다낭,휴양형,20260323,20260327,판매마감,"대구 [다시, 푸른바다 미케비치 위에 서다] 다낭,호이안 5일",▶[래디슨],"대구 [다시, 푸른바다 미케비치 위에 서다] 다낭,호이안 5일",▶[래디슨],다낭/호이안,649000,5,3,티웨이항공,대구,B27A260323TW122,65462,
다낭,휴양형,20260322,20260326,판매마감,"부산 [에어부산] 다낭,호이안 5일",▶[힐튼],"부산 [완벽한 나의 N번째 여행] 다낭,호이안 5일",▶[힐튼],다낭/호이안,659000,5,3,에어부산,부산,B27A260322BX005,61311,
다낭,휴양형,20260328,20260401,행사취소,"대구 ▶Y25 NEW◀[THE COLLECTION][NO옵션][모든 순간이 프리미엄, STAY IN SHILLA] 다낭,호이안 5일",▶[신라모노그램](롯데유일),"대구 [NO옵션][모든 순간이 프리미엄, STAY IN SHILLA] 다낭,호이안 5일/6일",▶[신라모노그램](롯데유일),NO옵션,669000,5,3,티웨이항공,대구,B27A260328TW113,65299,
다낭,휴양형,20260329,20260403,판매마감,"★출발확정★대구 [4N6D][야경이 완성하는 시그니처][NO옵션/쇼핑2회] 다낭,호이안 6일",▶[노보텔],"대구 [야경이 완성하는 시그니처][NO옵션/쇼핑2회] 다낭,호이안 5일/6일",▶[노보텔],NO옵션,669000,6,4,티웨이항공,대구,B27A260329TW120,65682,
다낭,휴양형,20261101,20261105,판매중,"청주 [TW] 다낭,호이안 5일",▶[멜리아빈펄(스위트룸)],"청주 [지금 더 특별한 여행 ALL SUITE] 다낭,호이안 5/6일",▶[멜리아빈펄(스위트룸)],베트남-다낭/호이안,689000,5,3,티웨이항공,청주,B27A261101TW008,62447,
다낭,휴양형,20260614,20260618,판매중,"[RS][웹예약한정][NO옵션] 다낭,호이안 5일",▶[힐튼],"[주말특가][NO옵션][THE NEW PREMIUM 더할 나위 없는 완벽한] 다낭,호이안 4/5일",▶[힐튼],다낭/호이안/후에,689000,5,3,에어서울,인천,B27A260614RS024,64361,
다낭,휴양형,20260615,20260619,판매중,"부산[에어부산_BX7315][롯데유일] 다낭,호이안 5일",▶[신라모노그램],"부산 [신라호텔의 첫걸음, 격이 다른 신라모노그램] 다낭,호이안 5일",▶[신라모노그램],다낭/호이안,699000,5,3,에어부산,부산,B27A260615BX016,58695,
다낭,휴양형,20260622,20260626,판매중,"부산 [에어부산]★초특가★[NO옵션] 다낭,호이안 5일",▶[신라모노그램](롯데유일),"부산 [NO옵션][모든 순간이 프리미엄, STAY IN SHILLA] 다낭,호이안 5일",▶[신라모노그램](롯데유일),NO옵션,699000,5,3,에어부산,부산,B27A260622BX008,62325,
다낭,휴양형,20261101,20261105,행사취소,"청주 [정통][완벽한 나의 N번째 여행] 다낭,호이안 5일",▶[힐튼],"청주 [정통][완벽한 나의 N번째 여행] 다낭,호이안 5/6일",▶[힐튼],베트남-다낭/호이안,699000,5,3,티웨이항공,청주,B27A261101TW004,63143,
다낭,휴양형,20260322,20260326,행사취소,"부산 [오전출발][NO옵션] 다낭,호이안 5일","▶[보코 마 벨 다낭, IHG]","부산 [NO옵션][완벽한 선택, 그리고 특별한 기억] 다낭,호이안 5일","▶[보코 마 벨 다낭, IHG]",다낭/호이안,699000,5,3,비엣젯,부산,B27A260322VJ001,64130,
다낭,휴양형,20260901,20260905,판매중,"부산 [진에어][NO옵션] 다낭,호이안 5일",▶[멜리아빈펄(스위트룸)],"부산 [0320_21 현대플러스][NO옵션][머무는 순간까지 ALL SUITE] 다낭,호이안 5/6일",▶[멜리아빈펄(스위트룸)],NO옵션,699000,5,3,진에어,부산,B27A260901LJ055,65955,
다낭,휴양형,20260526,20260530,판매중,"☆확정임박☆[RS][NO옵션/쇼핑2회] 다낭,호이안 5일",▶[노보텔],"[정통][야경이 완성하는 시그니처][NO옵션/쇼핑2회] 다낭,호이안 4/5일",▶[노보텔],NO옵션,719000,5,3,에어서울,인천,B27A260526RS026,65658,
다낭,휴양형,20261101,20261105,판매중,"청주 [TW] 다낭,호이안 5일",▶[코트야드 바이 메리어트](2025신규오픈),"청주 [정통][여행 그 이상의 경험] 다낭,호이안 5일",▶[코트야드 바이 메리어트](2025신규오픈),베트남-다낭/호이안,719000,5,3,티웨이항공,청주,B27A261101TW003,64330,
다낭,휴양형,20260613,20260617,판매중,"[TW013][롯데유일] 다낭,호이안 5일",▶[신라모노그램](롯데유일),"[정통][신라호텔의 첫걸음, 격이 다른 신라모노그램 다낭] 다낭,호이안 4/5일",▶[신라모노그램](롯데유일),다낭/호이안/후에,729000,5,3,티웨이항공,인천,B27A260613TW068,58675,
다낭,휴양형,20260621,20260625,판매중,"#3월한정선착순특가[RS][NO옵션] 다낭,호이안 5일",▶[멜리아 다낭 비치 리조트_신관UP],"★3월 프로모션★[정통][NO옵션][마음 속 쉼표가 필요할 때, HEALING IN] 다낭,호이안 4/5일",▶[멜리아 다낭 비치 리조트_신관UP],NO옵션,729000,5,3,에어서울,인천,B27A260621RS019,64529,
다낭,휴양형,20260420,20260424,판매중,"[RS][NO옵션] 다낭,호이안 5일",▶[멜리아빈펄(스위트룸)],"[0320_21 현대플러스][NO옵션][머무는 순간까지 ALL SUITE] 다낭,호이안 4/5일",▶[멜리아빈펄(스위트룸)],다낭/호이안/후에,729000,5,3,에어서울,인천,B27A260420RS030,65911,
다낭,휴양형,20260623,20260627,판매중,"[TW013][NO옵션] 다낭,호이안 5일","▶[보코 마 벨 다낭, IHG]","[정통][NO옵션][완벽한 선택, 그리고 특별한 기억] 다낭,호이안 4/5일","▶[보코 마 벨 다낭, IHG]",다낭/호이안/후에,739000,5,3,티웨이항공,인천,B27A260623TW072,64108,
다낭,휴양형,20260323,20260327,행사취소,"부산 [오전출발][NO옵션] 다낭,호이안 5일",▶[윈덤 솔레일(스위트룸)](2025 신규오픈),"부산 [NO옵션][PREMIUM COLLECTION_모든 것이 특별한 ALL SUITE] 다낭,호이안 5일",▶[윈덤 솔레일(스위트룸)](2025 신규오픈),다낭/호이안,749000,5,3,비엣젯,부산,B27A260323VJ008,65262,
다낭,휴양형,20260913,20260917,판매중,부산 [진에어][자유여행][코트야드by메리어트],"▶다낭,호이안 5일",부산 [자유여행][코트야드by메리어트],"▶다낭,호이안 5일",휴양 & 자유여행,749000,5,3,진에어,부산,B27A260913LJ053,65953,
다낭,휴양형,20260329,20260402,행사취소,"부산 [대한항공][NO옵션] 다낭,호이안 5일",▶[힐튼다낭],"부산 [NO옵션][THE NEW PREMIUM 더할 나위 없는 완벽한] 다낭,호이안 5일",▶[힐튼],NO옵션,749000,5,3,대한항공,부산,B27A260329KE042,64189,
다낭,휴양형,20260609,20260613,판매중,"#3월한정선착순특가[TW013][NO옵션] 다낭,호이안 5일",▶[윈덤 솔레일(스위트룸)](2025 신규오픈),"★3월 프로모션★[정통][NO옵션][PREMIUM COLLECTION] 다낭,호이안 4/5일",▶[윈덤 솔레일(스위트룸)](2025 신규오픈),NO옵션,759000,5,3,티웨이항공,인천,B27A260609TW051,65248,
다낭,휴양형,20260404,20260408,행사취소,"[TW011][NO옵션] 다낭,호이안 5일","▶[크라운 플라자 다낭 시티 센터, IHG]","XXX[정통][NO옵션][다낭, 그 순간을 체크인: 잊지 못할 여행의 기록] 다낭,호이안 4/5일","▶[크라운 플라자 다낭 시티 센터, IHG]",NO옵션,769000,5,3,티웨이항공,인천,B27A260404TW035,63381,
다낭,휴양형,20260616,20260620,판매중,"[TW013][NO팁/NO쇼핑] 다낭,호이안 5일","▶[크라운 플라자 시티 센터, IHG]","★3월 프로모션★[정통][THE COLLECTION][NO팁/NO쇼핑][이 순간, 특별함을 담은 여행기록] 다낭,호이안 4/5일","▶[크라운 플라자 시티 센터, IHG]",다낭/호이안/후에,799000,5,3,티웨이항공,인천,B27A260616TW078,63442,
다낭,휴양형,20260629,20260703,판매중,부산 [진에어][자유여행_풀빌라][메리어트 리조트 & 스파],"▶다낭,호이안 5일",부산 [자유여행_풀빌라][메리어트 리조트 & 스파],"▶다낭,호이안 5일",다낭/호이안,799000,5,3,진에어,부산,B27A260629LJ060,65951,
다낭,휴양형,20260325,20260329,판매마감,"청주 [TW][미식ing] 다낭,호이안 5일",▶[포포인츠 바이 쉐라톤],"청주 [정통][미식ing][식사에 진심, 미식의 향연] 다낭,호이안 5일",▶[포포인츠 바이 쉐라톤],베트남-다낭/호이안,799000,5,3,티웨이항공,청주,B27A260325TW069,62145,
다낭,휴양형,20260606,20260610,판매중,"[TW013][NO옵션] 다낭,호이안 5일",▶[신라모노그램](롯데관광 단독계약),"[홈쇼핑HIT][NO옵션][모든 순간이 프리미엄, STAY IN SHILLA] 다낭,호이안 4/5일",▶[신라모노그램](롯데유일),NO옵션,809000,5,3,티웨이항공,인천,B27A260606TW047,65139,
다낭,휴양형,20260325,20260329,판매마감,"청주 [TW][데일리마사지] 다낭,호이안 5일",▶[래디슨],"청주 [다시, 푸른바다 미케비치 위에 서다][데일리마사지] 다낭,호이안 5일",▶[래디슨],베트남-다낭/호이안,829000,5,3,티웨이항공,청주,B27A260325TW129,63046,
다낭,휴양형,20261123,20261127,판매중,"청주 [NO옵션][다낭, 그 순간을 체크인: 잊지 못할 여행의 기록] 다낭,호이안 5일","▶[크라운 플라자 다낭 시티 센터, IHG]","청주 [NO옵션][다낭, 그 순간을 체크인: 잊지 못할 여행의 기록] 다낭,호이안 5/6일","▶[크라운 플라자 다낭 시티 센터, IHG]",베트남-다낭/호이안,839000,5,3,티웨이항공,청주,B27A261123TW002,64181,
다낭,휴양형,20260628,20260702,판매중,"[TW013][NO팁/NO옵션/쇼핑2회] 다낭,호이안 5일","▶[크라운 플라자 시티 센터, IHG]","[정통][THE COLLECTION][NO팁/NO옵션/쇼핑2회][취향을 채우다, 더 특별해질 여행] 다낭,호이안 4/5일","▶[크라운 플라자 시티 센터, IHG]",THE COLLECTION,859000,5,3,티웨이항공,인천,B27A260628TW080,63437,
다낭,휴양형,20261101,20261105,판매중,"청주 [TW][NO옵션] 다낭,호이안 5일","▶[보코 마 벨 다낭, IHG]","청주 [정통][NO옵션][완벽한 선택, 그리고 특별한 기억] 다낭,호이안 5/6일","▶[보코 마 벨 다낭, IHG]",베트남-다낭/호이안,869000,5,3,티웨이항공,청주,B27A261101TW005,64133,
다낭,휴양형,20260330,20260403,판매중,"청주 [TW] 다낭,호이안 5일",▶[신라모노그램],"청주 [정통][신라호텔의 첫걸음, 격이 다른 신라모노그램 다낭] 다낭,호이안 5일",▶[신라모노그램],베트남-다낭/호이안,879000,5,3,티웨이항공,청주,B27A260330TW086,64783,
다낭,휴양형,20260609,20260613,판매중,"#3월한정특가[TW013][NO팁/NO옵션/쇼핑1회] 다낭,호이안 5일",▶[노보텔],"★3월 프로모션★[정통][THE COLLECTION][NO팁/NO옵션/쇼핑1회][마음에 남는 여행의 한 페이지] 다낭,호이안 4/5일",▶[노보텔],THE COLLECTION,889000,5,3,티웨이항공,인천,B27A260609TW079,64455,
다낭,휴양형,20260321,20260325,판매마감,"대구 [NO옵션][PREMIUM COLLECTION_모든 것이 특별한 ALL SUITE] 다낭,호이안 5일",▶[윈덤 솔레일(스위트룸)](2025 신규오픈),"대구 [NO옵션][PREMIUM COLLECTION_모든 것이 특별한 ALL SUITE] 다낭,호이안 5일",▶[윈덤 솔레일(스위트룸)](2025 신규오픈),NO옵션,899000,5,3,티웨이항공,대구,B27A260321TW110,65271,
다낭,휴양형,20261121,20261125,판매중,"청주 [TW][NO옵션] 다낭,호이안 5일",▶[멜리아 다낭 비치 리조트_신관UP],"청주 ▶Y25 NEW◀[정통][NO옵션][마음 속 쉼표가 필요할 때, HEALING IN] 다낭,호이안 4/5/6일",▶[멜리아 다낭 비치 리조트_신관UP],베트남-다낭/호이안,899000,5,3,티웨이항공,청주,B27A261121TW007,64561,
다낭,휴양형,20260515,20260519,판매마감,"청주 [TW][NO옵션/쇼핑2회] 다낭,호이안 5일",▶[노보텔],"청주 [정통][야경이 완성하는 시그니처][NO옵션/쇼핑2회] 다낭,호이안 5일",▶[노보텔],베트남-다낭/호이안,899000,5,3,티웨이항공,청주,B27A260515TW086,65720,
다낭,휴양형,20260329,20260402,행사취소,"부산 [진에어][NO팁/NO옵션/쇼핑1회] 다낭,호이안 5일",▶[노보텔],"부산 [THE COLLECTION][NO팁/NO옵션/쇼핑1회][마음에 남는 여행의 한 페이지] 다낭,호이안 5일",▶[노보텔],다낭/호이안,899000,5,3,진에어,부산,B27A260329LJ032,63122,
다낭,휴양형,20260321,20260325,행사취소,"청주 [TW][NO옵션] 다낭,호이안 5일",▶[힐튼],"청주 [NO옵션][THE NEW PREMIUM] 다낭,호이안 5/6일",▶[힐튼],베트남-다낭/호이안,899000,5,3,티웨이항공,청주,B27A260321TW073,64198,
다낭,휴양형,20260703,20260707,판매중,"청주 [TW][NO옵션] 다낭,호이안 5일",▶[신라모노그램](롯데유일),"청주 [THE COLLECTION][NO옵션][모든 순간이 프리미엄, STAY IN SHILLA] 다낭,호이안 5일",▶[신라모노그램](롯데유일),베트남-다낭/호이안,929000,5,3,티웨이항공,청주,B27A260703TW081,65264,
다낭,휴양형,20260609,20260613,판매중,"★3월 예약한정★[TW013][NO팁/NO옵션/NO쇼핑] 다낭,호이안 5일",▶[윈덤 솔레일](2025 신규오픈),"★3월 프로모션★[정통][THE COLLECTION][NO팁/NO옵션/NO쇼핑][지금 여기에, 우리가 원하는 모든 것] 다낭,호이안 4/5일",▶[윈덤 솔레일](2025 신규오픈),다낭/호이안/후에,939000,5,3,티웨이항공,인천,B27A260609TW077,63424,
다낭,휴양형,20260328,20260401,행사취소,"대구 [NO옵션][마음 속 쉼표가 필요할 때, HEALING IN] 다낭,호이안 5일",▶[멜리아 다낭 비치 리조트_신관UP],"#판매종료# 대구 [NO옵션][마음 속 쉼표가 필요할 때, HEALING IN] 다낭,호이안 5일",▶[멜리아 다낭 비치 리조트_신관UP],NO옵션,949000,5,3,티웨이항공,대구,B27A260328TW082,64549,
다낭,휴양형,20260610,20260614,판매중,"대구 [NO옵션][머무는 순간까지 ALL SUITE] 다낭,호이안 5일",▶[멜리아빈펄(스위트룸)],"대구 [0320_21 현대플러스][NO옵션][머무는 순간까지 ALL SUITE] 다낭,호이안 5/6일",▶[멜리아빈펄(스위트룸)],NO옵션,949000,5,3,티웨이항공,대구,B27A260610TW091,65973,
다낭,휴양형,20260325,20260329,판매마감,"청주 [TW][NO옵션] 다낭,호이안 5일",▶[윈덤 솔레일(스위트룸)](2025 신규오픈),"청주 [정통][NO옵션][PREMIUM COLLECTION_모든 것이 특별한 ALL SUITE] 다낭,호이안 5일",▶[윈덤 솔레일(스위트룸)](2025 신규오픈),베트남-다낭/호이안,1029000,5,3,티웨이항공,청주,B27A260325TW116,65261,
다낭,휴양형,20261108,20261112,판매중,"청주 [TW][NO팁/NO옵션/쇼핑1회] 다낭,호이안 5일",▶[노보텔],"청주 [정통][NO팁/NO옵션/쇼핑1회][마음에 남는 여행의 한 페이지] 다낭,호이안 5일",▶[노보텔],베트남-다낭/호이안,1039000,5,3,티웨이항공,청주,B27A261108TW006,64523,
다낭,휴양형,20260323,20260327,판매마감,"^**#■출발확정★[RS][NO옵션] 다낭,호이안 5일",▶[멜리아빈펄 다낭 리버프런트],"★3월 프로모션★[BEST][NO옵션][THE NEW PREMIUM 더할 나위 없는 완벽한] 다낭,호이안 4/5일",▶[힐튼],다낭/호이안/후에,1049000,5,3,에어서울,인천,B27A260323RS018,64157,
다낭,휴양형,20260628,20260702,판매중,부산 [다낭 골프패키지 18H*3회][멜리아빈펄],▶다낭 골프 5일,부산 [다낭 골프패키지 18H*3회][멜리아빈펄],▶다낭 골프 5일,부산출발 골프,1099000,5,3,진에어,부산,B27A260628LJ061,56926,
다낭,휴양형,20260615,20260619,판매중,"[TW013][NO팁/NO옵션/NO쇼핑] 다낭,호이안 5일",▶[신라모노그램](롯데관광 단독계약),"[정통][THE COLLECTION][NO팁/NO옵션/NO쇼핑][영원히 기억 될 감동, 신라모노그램] 다낭,호이안 4/5일",▶[신라모노그램](롯데관광 단독계약),다낭/호이안/후에,1429000,5,3,티웨이항공,인천,B27A260615TW076,63619,
다낭,휴양형,20260321,20260325,행사취소,"부산 [비즈니스_대한항공] 다낭,호이안 5일",▶[래디슨],"부산 [비즈니스_대한항공][다시, 푸른바다 미케비치 위에 서다] 다낭,호이안 5일",▶[래디슨],다낭/호이안,1699000,5,3,대한항공,부산,B27A260321KE064,65472,
다낭,휴양형,20260413,20260417,행사취소,"[TW011][NO팁/NO옵션/NO쇼핑] 다낭,호이안 5일",▶[하얏트 리젠시],"[품격][NO팁/NO옵션/NO쇼핑][하얏트의 품격, 3일간의 기록] 다낭,호이안 4/5일",▶[하얏트 리젠시],다낭/호이안/후에,1799000,5,3,티웨이항공,인천,B27A260413TW044,59880,
다낭,휴양형,20260321,20260325,행사취소,"부산 [비즈니스_대한항공][NO옵션] 다낭,호이안 5일",▶[힐튼],"부산 [비즈니즈_대한항공][NO옵션][THE NEW PREMIUM 더할 나위 없는 완벽한] 다낭,호이안 5일",▶[힐튼],다낭/호이안,1899000,5,3,대한항공,부산,B27A260321KE063,65464,
다낭,휴양형,20260322,20260326,행사취소,부산 [대한항공][PRIVATE TOUR][NO팁/NO옵션/NO쇼핑] 다낭 5일,▶[힐튼](이그제큐티브룸UP),부산 [PRIVATE TOUR][NO팁/NO옵션/NO쇼핑] 다낭 5일,▶[힐튼](이그제큐티브룸UP),다낭/호이안,2490000,5,3,대한항공,부산,B27A260322KE066,65556,
다낭,휴양형,20260321,20260325,판매마감,대구 [품격][PRIVATE TOUR][NO팁/NO옵션/NO쇼핑] 다낭 5일,▶[힐튼](이그제큐티브룸UP),대구 [품격][PRIVATE TOUR][NO팁/NO옵션/NO쇼핑] 다낭 5일,▶[힐튼](이그제큐티브룸UP),★PRIVATE_TOUR★,2849000,5,3,티웨이항공,대구,B27A260321TW123,65537,
다낭,휴양형,20260623,20260627,판매중,[KE][PRIVATE TOUR][NO팁/NO옵션/NO쇼핑] 다낭 5일,▶[힐튼](이그제큐티브룸UP),[품격][PRIVATE TOUR][NO팁/NO옵션/NO쇼핑] 다낭 5일,▶[힐튼](이그제큐티브룸UP),다낭,2909000,5,3,대한항공,인천,B27A260623KE029,65440,
다낭,휴양형,20260325,20260329,판매중,"청주 [PRIVATE TOUR][NO옵션/NO팁/NO쇼핑] 다낭,호이안 5일",▶[힐튼],"청주 [PRIVATE TOUR][NO옵션/NO팁/NO쇼핑] 다낭,호이안 5/6일",▶[힐튼],베트남-다낭/호이안,3300000,5,3,에어로케이,청주,B27A260325RF011,65570,
다낭,휴양형,20260329,20260402,판매중,"[KE][HIGH&][비즈니스/클래스][4명단독 출발가능][NO팁/NO옵션/NO쇼핑] 다낭,호이안 5일","▶[크라운 플라자 시티 센터, IHG]",[HIGH&][비즈니스/클래스][4명단독 출발가능][NO팁/NO옵션/NO쇼핑][선택이 아닌 기준이 되는 완벽한 여행기록] 다낭 5일,"▶[크라운 플라자 시티 센터, IHG]",다낭/호이안/후에,3889000,5,3,대한항공,인천,B27A260329KE022,64458,
다낭,휴양형,20260509,20260513,판매중,[KE][프레스티지석][PRIVATE TOUR][NO팁/NO옵션/NO쇼핑] 다낭 5일,▶[힐튼](이그제큐티브룸UP),[품격][비즈니스 클래스][PRIVATE TOUR][NO팁/NO옵션/NO쇼핑] 다낭 5일,▶[힐튼](이그제큐티브룸UP),다낭,3999000,5,3,대한항공,인천,B27A260509KE030,65458,
다낭,휴양형,20260630,20260704,판매중,[KE][PRIVATE TOUR][NO팁/NO옵션/NO쇼핑] 다낭 5일,▶[인터컨티넨탈 다낭],[품격][PRIVATE TOUR][NO팁/NO옵션/NO쇼핑] 다낭 5일,▶[인터컨티넨탈 다낭],다낭/호이안/후에,4379000,5,3,대한항공,인천,B27A260630KE027,65322,
다낭,휴양형,20260413,20260417,판매중,[KE][프레스티지석][PRIVATE TOUR][NO팁/NO옵션/NO쇼핑] 다낭 5일,▶[인터컨티넨탈 다낭],"[품격][비즈니스 클래스][PRIVATE TOUR][NO팁/NO옵션/NO쇼핑] 다낭 4,5일",▶[인터컨티넨탈 다낭],다낭,5889000,5,3,대한항공,인천,B27A260413KE032,65350,
나트랑,휴양형,20260609,20260613,판매중,[TW] 인천 - 나트랑 5일,▶왕복 항공권,★3월 예약 한정 특가★ 인천 - 나트랑 왕복 항공권,▶TICKET ONLY,나트랑,349000,5,3,티웨이항공,인천,B30A260609TW055,58681,
나트랑,휴양형,20260427,20260501,판매중,"★선착순 6명 특가 589 → 489★[TW]나트랑,달랏 5일",▶[모벤픽X멀펄],"★3월 프로모션★[정통][쉼이 머무는 완벽한 순간] 나트랑,달랏 5일",▶[모벤픽(오션뷰) X 멀펄],나트랑/달랏,489000,5,3,티웨이항공,인천,B30A260427TW014,58808,
나트랑,휴양형,20260609,20260613,판매중,"★(3월한정) 선착순 6명 특가★[TW]나트랑,달랏 5일",▶[베스트웨스턴 프리미어],"[주말특가][정통][손잡고 걷는 해변, 그 순간의 행복] 나트랑,달랏 5일",▶[베스트웨스턴 프리미어],나트랑/달랏,519000,5,3,티웨이항공,인천,B30A260609TW043,65150,
나트랑,휴양형,20260511,20260515,행사취소,"[TW]나트랑,달랏 5일",▶[쉐라톤(2박) X 멀펄],"★3월 프로모션★[정통][최고의 여행, 품위있는 휴식] 나트랑,달랏 5일",▶[쉐라톤(2박) X 멀펄],나트랑/달랏,539000,5,3,티웨이항공,인천,B30A260511TW020,63201,
나트랑,휴양형,20260630,20260704,판매중,"[TW]나트랑,달랏 5일",▶[베스트웨스턴 X 골든 선],"[정통][황금빛 해변, 푸른 바다의 만남]나트랑,달랏 5일",▶[베스트웨스턴 프리미어(오션뷰) X 골든 선],나트랑/달랏,549000,5,3,티웨이항공,인천,B30A260630TW018,64955,
나트랑,휴양형,20260627,20260701,판매중,"부산[BX]나트랑,달랏 5일",▶[쉐라톤(2박) X 멀펄],"부산[정통][최고의 여행, 품위있는 휴식] 나트랑,달랏 5일",▶[쉐라톤(2박) X 멀펄],나트랑/달랏,559000,5,3,에어부산,부산,B30A260627BX004,63250,
나트랑,휴양형,20260525,20260529,판매중,"부산[VJ919]나트랑,달랏 5일",▶[베스트웨스턴 프리미어],"부산[정통][손잡고 걷는 해변, 그 순간의 행복] 나트랑,달랏 5일",▶[베스트웨스턴 프리미어],나트랑/달랏,569000,5,3,비엣젯,부산,B30A260525VJ001,65197,
나트랑,휴양형,20260609,20260613,판매중,"#주말특가#[TW]나트랑,달랏 5일",▶[멜리아(스위트룸) X 베스트웨스턴 프리미어],"[주말특가][정통][나트랑의 푸른해변과 달랏의 청정자연 품으로] 나트랑,달랏 5/6일",▶[멜리아(스위트룸) X 베스트웨스턴 프리미어],나트랑/달랏,599000,5,3,티웨이항공,인천,B30A260609TW037,65141,
나트랑,휴양형,20260510,20260514,판매중,"부산★출발확정★[BX]나트랑,달랏 5일",▶[멜리아(스위트룸) X 베스트웨스턴 프리미어],"부산[정통][나트랑의 푸른해변과 달랏의 청정자연 품으로] 나트랑,달랏 5일/6일",▶[멜리아(스위트룸) X 베스트웨스턴 프리미어],나트랑/달랏,599000,5,3,에어부산,부산,B30A260510BX000,65179,
나트랑,휴양형,20260609,20260613,판매중,"#주말특가#[TW][NO옵션]나트랑,달랏 5일",▶[래디슨블루(오션뷰) X 멀펄],"[주말특가][홈쇼핑HIT][정통][NO옵션][푸른 휴양의 도시 나트랑과 영원한 봄의 도시 달랏] 나트랑,달랏 5일",▶[래디슨블루(오션뷰) X 멀펄],나트랑/달랏,599000,5,3,티웨이항공,인천,B30A260609TW052,65837,
나트랑,휴양형,20260321,20260325,행사취소,부산[TW][NO팁/NO옵션/5성호텔][머드온천+전신마사지 2회+랑비엥 짚차+천국의계단+레일바이크+야간시티투어],▶나트랑+달랏 5일,부산[NO팁/NO옵션/5성호텔][머드온천+전신마사지 2회+랑비엥 짚차+천국의계단+레일바이크+야간시티투어],▶나트랑+달랏 5일,나트랑/달랏,599000,5,3,티웨이항공,부산,B30A260321TW111,63865,
나트랑,휴양형,20260329,20260403,판매마감,"대구 [TW|4N6D] [NO팁/NO옵션] 나트랑,달랏 6일",▶머드온천+마사지2회,"대구 [NO팁/NO옵션] 나트랑,달랏 5일/6일",▶머드온천+마사지2회,NO옵션,609000,6,4,티웨이항공,대구,B30A260329TW086,62976,
나트랑,휴양형,20260630,20260704,판매중,"★선착순 6명 특가 739 → 639★[TW][NO옵션]나트랑,달랏 5일",▶[베스트웨스턴 프리미어 X 멀펄],"★3월 프로모션★[정통][NO옵션][섬세하게 준비된 힐링] 나트랑,달랏 5/6일",▶[베스트웨스턴 프리미어(오션뷰) X 멀펄],나트랑/달랏,639000,5,3,티웨이항공,인천,B30A260630TW042,65144,
나트랑,휴양형,20260630,20260704,판매중,"★(3월한정) 선착순 6명 특가★[TW][NO옵션]나트랑,달랏 5일",▶[베스트웨스턴 프리미어(2박) X 골든 선],"★3월 프로모션★[정통][NO옵션][두 도시, 두 감성 그리고 나의 여행] 나트랑,달랏 5일",▶[베스트웨스턴 프리미어(2박) X 골든 선],NO옵션,649000,5,3,티웨이항공,인천,B30A260630TW021,64693,
나트랑,휴양형,20260630,20260704,판매중,"[TW][NO옵션]나트랑,달랏 5일",▶[멜리아(스위트룸) 2박 X 베스트웨스턴],"[0320,21_현대플러스][정통][NO옵션][온전한 여유, 가득한 경험] 나트랑,달랏 5일",▶[멜리아(스위트룸) 2박 X 베스트웨스턴 프리미어],나트랑/달랏,649000,5,3,티웨이항공,인천,B30A260630TW016,64555,
나트랑,휴양형,20260324,20260328,판매마감,"대구 [TW] 나트랑,달랏 5일",▶[베스트웨스턴 X 골든 선],"대구 [황금빛 해변, 푸른 바다의 만남] 나트랑,달랏 5일",▶[베스트웨스턴 프리미어 X 골든 선],나트랑/달랏,649000,5,3,티웨이항공,대구,B30A260324TW088,64973,
나트랑,휴양형,20260330,20260403,행사취소,"부산★3월 최저가 749→649★[TW][NO옵션]나트랑,달랏 5일일",▶[베스트웨스턴 프리미어 X 멀펄],"부산[정통][NO옵션][섬세하게 준비된 힐링] 나트랑,달랏 5일/6일",▶[베스트웨스턴 프리미어 X 멀펄],BEST 인기상품,649000,5,3,티웨이항공,부산,B30A260330TW066,65196,
나트랑,휴양형,20260609,20260613,판매중,"★(3월한정) 선착순 6명 특가★[TW]나트랑,달랏 5일",▶[인터컨티넨탈(2박)X멀펄],"[정통][롯데유일][품격있는 숙박과 미식, 한 차원 높은 힐링] 나트랑,달랏 5일",▶[인터컨티넨탈(2박)(롯데관광 단독계약) X 멀펄],나트랑/달랏,679000,5,3,티웨이항공,인천,B30A260609TW020,59382,
나트랑,휴양형,20260509,20260513,판매중,"★선착순 6명 특가 779 → 679★[TW][NO옵션]나트랑,달랏 5일",▶[멜리아(스위트룸) X 멀펄],"★3월 프로모션★[정통][NO옵션][피어나는 설렘, 따뜻한 감성] 나트랑,달랏 5일",▶[멜리아(스위트룸) X 멀펄],NO옵션,679000,5,3,티웨이항공,인천,B30A260509TW025,64933,
나트랑,휴양형,20260407,20260411,행사취소,"청주[TW]나트랑,달랏 5일",▶[모벤픽 X 멀펄],"청주[정통][쉼이 머무는 완벽한 순간] 나트랑,달랏 5일",▶[모벤픽(오션뷰) X 멀펄],베트남-나트랑/달랏,699000,5,3,티웨이항공,청주,B30A260407TW047,59930,
나트랑,휴양형,20260324,20260328,행사취소,"부산[VJ][NO옵션]나트랑,무이네 5일",▶[베스트웨스턴 프리미어 X 센타라 미라지],"부산[0321_홈앤쇼핑][정통][NO옵션][바다에 취하고 모래언덕에 물들다] 나트랑,무이네 5일/6일",▶[베스트웨스턴 프리미어 X 센타라 미라지],나트랑/달랏,699000,5,3,비엣젯,부산,B30A260324VJ032,65047,
나트랑,휴양형,20260506,20260510,판매중,"부산★홈쇼핑특가★[LJ][NO옵션]나트랑,달랏 5일",▶[래디슨블루(오션뷰) X 멀펄],"부산[정통][NO옵션][푸른 휴양의 도시 나트랑과 영원한 봄의 도시 달랏] 나트랑,달랏 5/6일",▶[래디슨블루(오션뷰) X 멀펄],나트랑/달랏,699000,5,3,진에어,부산,B30A260506LJ031,65902,
나트랑,휴양형,20260324,20260328,판매마감,"대구 [TW|3N5D] 나트랑,달랏 5일",▶[멜리아(스위트룸) X 베스트웨스턴 프리미어],"대구 [나트랑의 푸른해변과 달랏의 청정자연 품으로] 나트랑,달랏 5일/6일",▶[멜리아(스위트룸) X 베스트웨스턴 프리미어],나트랑/달랏,699000,5,3,티웨이항공,대구,B30A260324TW095,65177,
나트랑,휴양형,20260322,20260326,행사취소,"부산[TW][NO옵션]나트랑,달랏 5일",▶[모벤픽X멀펄],"부산[0321_홈앤쇼핑][정통][NO옵션][단순함 속의 특별함] 나트랑,달랏 5일/6일",▶[모벤픽(오션뷰) X 멀펄],BEST 인기상품,699000,5,3,티웨이항공,부산,B30A260322TW045,63682,
나트랑,휴양형,20260414,20260418,행사취소,"[RS][NO옵션]나트랑,달랏 5일",▶[모벤픽 X 멀펄],"[0321_홈앤쇼핑][NO옵션][단순함 속의 특별함] 나트랑,달랏 5일",▶[모벤픽(오션뷰) X 멀펄],NO옵션,709000,5,3,에어서울,인천,B30A260414RS005,59990,
나트랑,휴양형,20260323,20260327,판매마감,"대구 [TW] 나트랑, 달랏 5일",▶[베스트웨스턴 프리미어],"대구 [손잡고 걷는 해변, 그 순간의 행복] 나트랑,달랏 5일",▶[베스트웨스턴 프리미어],나트랑/달랏,709000,5,3,티웨이항공,대구,B30A260323TW101,65209,
나트랑,휴양형,20260419,20260423,행사취소,"[TW][NO옵션]나트랑,무이네 5일",▶[베스트웨스턴 프리미어X센타라 미라지],"[0321_홈앤쇼핑][정통][NO옵션][바다에 취하고 모래언덕에 물들다] 나트랑,무이네 5일",▶[베스트웨스턴 프리미어(오션뷰) X 센타라 미라지],NO옵션,729000,5,3,티웨이항공,인천,B30A260419TW019,63964,
나트랑,휴양형,20260323,20260327,판매마감,"[웹예약 한정] 대구 [TW|3N5D] [NO옵션]나트랑,달랏 5일",▶[모벤픽 X 멀펄],"[주말특가] 대구 [NO옵션][단순함 속의 특별함] 나트랑,달랏 5일/6일",▶[모벤픽 X 멀펄],NO옵션,749000,5,3,티웨이항공,대구,B30A260323TW110,65456,
나트랑,휴양형,20260503,20260507,판매중,"부산[TW][NO옵션]나트랑,달랏 5일",▶[멜리아(스위트룸) 2박 X 베스트웨스턴 프리미어],"부산[0320,21_현대플러스][정통][NO옵션][온전한 여유, 가득한 경험] 나트랑,달랏 5/6일",▶[멜리아(스위트룸) 2박 X 베스트웨스턴 프리미어],나트랑/달랏,749000,5,3,티웨이항공,부산,B30A260503TW071,65960,
나트랑,휴양형,20260630,20260704,판매중,"★(3월한정) 선착순 6명 특가★[TW][NO옵션]나트랑,달랏 5일",▶[멜리아(스위트룸) X 그랜드 머큐어],"★3월 프로모션★[정통][NO옵션][꽃으로 물든 도시를 엿보다] 나트랑,달랏 5일",▶[멜리아(스위트룸) X 그랜드 머큐어],나트랑/달랏,749000,5,3,티웨이항공,인천,B30A260630TW026,63796,
나트랑,휴양형,20260906,20260910,판매중,"청주[TW]나트랑,달랏 5일",▶[멜리아(스위트룸) X 베스트웨스턴 프리미어],"청주[정통][나트랑의 푸른해변과 달랏의 청정자연 품으로] 나트랑,달랏 5일",▶[멜리아(스위트룸) X 베스트웨스턴 프리미어],베트남-나트랑/달랏,789000,5,3,티웨이항공,청주,B30A260906TW037,65185,
나트랑,휴양형,20260325,20260329,판매마감,"대구 [TW|3N5D] [NO옵션]나트랑,달랏 5일",▶[모벤픽 X 멀펄],"대구 [0321_홈앤쇼핑][NO옵션][단순함 속의 특별함] 나트랑,달랏 5일/6일",▶[모벤픽(오션뷰) X 멀펄],금주의 PICK,799000,5,3,티웨이항공,대구,B30A260325TW037,60569,
나트랑,휴양형,20260321,20260325,판매마감,"청주[TW]나트랑,달랏 5일",▶[베스트웨스턴 X 골든 선],"청주[정통][황금빛 해변, 푸른 바다의 만남]나트랑,달랏 5일",▶[베스트웨스턴 프리미어 X 골든 선],베트남-나트랑/달랏,799000,5,3,티웨이항공,청주,B30A260321TW086,64968,
나트랑,휴양형,20260324,20260328,판매마감,"대구 [TW|3N5D] [NO옵션]나트랑,무이네 5일",▶[베스트웨스턴 프리미어X센타라 미라지],"대구 [0321_홈앤쇼핑][NO옵션][바다에 취하고 모래언덕에 물들다] 나트랑,무이네 5일/6일",▶[베스트웨스턴 프리미어 X 센타라 미라지],금주의 PICK,799000,5,3,티웨이항공,대구,B30A260324TW091,65058,
나트랑,휴양형,20260321,20260325,판매마감,"청주[TW]나트랑,달랏 5일",▶[베스트웨스턴 프리미어],"청주[정통][손잡고 걷는 해변, 그 순간의 행복] 나트랑,달랏 5일",▶[베스트웨스턴 프리미어],베트남-나트랑/달랏,799000,5,3,티웨이항공,청주,B30A260321TW103,65221,
나트랑,휴양형,20260321,20260325,행사취소,"대구 [TW|3N5D] [NO옵션]나트랑,달랏 5일",▶[베스트웨스턴 프리미어 X 멀펄],"대구 [NO옵션][섬세하게 준비된 힐링] 나트랑,달랏 5일/6일",▶[베스트웨스턴 프리미어 X 멀펄],NO옵션,849000,5,3,티웨이항공,대구,B30A260321TW104,65214,
나트랑,휴양형,20260324,20260328,판매마감,"대구 [TW|3N5D] [NO옵션]나트랑,달랏 5일",▶[멜리아(스위트룸) X 멀펄],"대구 [NO옵션][피어나는 설렘, 따뜻한 감성] 나트랑,달랏 5일/6일",▶[멜리아(스위트룸) X 멀펄],나트랑/달랏,849000,5,3,티웨이항공,대구,B30A260324TW089,61452,
나트랑,휴양형,20260414,20260418,행사취소,"청주[TW][NO옵션]나트랑,무이네 5일",▶[베스트웨스턴 프리미어 X 센타라 미라지],"[0321_홈앤쇼핑]청주[정통][NO옵션][바다에 취하고 모래언덕에 물들다] 나트랑,무이네 5일",▶[베스트웨스턴 프리미어(오션뷰) X 센타라 미라지],베트남-나트랑/달랏,859000,5,3,티웨이항공,청주,B30A260414TW055,65063,
나트랑,휴양형,20260420,20260424,행사취소,"청주[TW][NO옵션]나트랑,달랏 5일",▶[베스트웨스턴 프리미어 X 멀펄],"청주[정통][NO옵션][섬세하게 준비된 힐링]나트랑, 달랏 5일",▶[베스트웨스턴 프리미어 X 멀펄],베트남-나트랑/달랏,859000,5,3,티웨이항공,청주,B30A260420TW049,65220,
나트랑,휴양형,20261019,20261023,판매중,"청주[TW][NO옵션]나트랑,달랏 5일",▶[모벤픽 X 멀펄],"[0321_홈앤쇼핑]청주[정통][NO옵션][단순함 속의 특별함] 나트랑,달랏 5일",▶[모벤픽(오션뷰) X 멀펄],베트남-나트랑/달랏,859000,5,3,티웨이항공,청주,B30A261019TW034,63684,
나트랑,휴양형,20260323,20260327,판매마감,"청주[TW]나트랑,달랏 5일",▶[인터컨티넨탈(2박)X멀펄],"청주[정통][롯데유일][품격있는 숙박과 미식, 한 차원 높은 힐링] 나트랑,달랏 5일",▶[인터컨티넨탈(2박)(롯데관광 단독계약) X 멀펄],베트남-나트랑/달랏,879000,5,3,티웨이항공,청주,B30A260323TW025,60184,
나트랑,휴양형,20260906,20260910,판매중,"청주[TW][NO옵션]나트랑,달랏 5일",▶[멜리아(스위트룸) 2박 X 베스트웨스턴],"[0320,21_현대플러스]청주[정통][NO옵션][온전한 여유, 가득한 경험] 나트랑,달랏 5일",▶[멜리아(스위트룸) 2박 X 베스트웨스턴 프리미어],베트남-나트랑/달랏,899000,5,3,티웨이항공,청주,B30A260906TW038,64641,
나트랑,휴양형,20260321,20260325,판매마감,"청주[TW][NO옵션]나트랑,달랏 5일",▶[베스트웨스턴 프리미어(2박) X 골든 선],"청주[정통][NO옵션][두 도시, 두 감성 그리고 나의 여행] 나트랑,달랏 5일",▶[베스트웨스턴 프리미어(2박) X 골든 선],베트남-나트랑/달랏,899000,5,3,티웨이항공,청주,B30A260321TW069,64777,
나트랑,휴양형,20260630,20260704,행사취소,"청주[TW][NO옵션]나트랑,달랏 5일",▶[래디슨블루(오션뷰) X 멀펄],"청주[정통][NO옵션][푸른 휴양의 도시 나트랑과 영원한 봄의 도시 달랏] 나트랑,달랏 5일",▶[래디슨블루(오션뷰) X 멀펄],베트남-나트랑/달랏,899000,5,3,티웨이항공,청주,B30A260630TW053,65924,
나트랑,휴양형,20260405,20260410,판매마감,"대구 [TW|4N6D] [NO옵션]나트랑,달랏 6일",▶[래디슨블루(오션뷰) X 멀펄],"대구 [NO옵션][푸른 휴양의 도시 나트랑과 영원한 봄의 도시 달랏] 나트랑,달랏 5일/6일",▶[래디슨블루(오션뷰) X 멀펄],나트랑/달랏,899000,6,4,티웨이항공,대구,B30A260405TW061,65905,
나트랑,휴양형,20260321,20260325,판매마감,"청주[TW][NO옵션]나트랑,달랏 5일",▶[멜리아(스위트룸) X 멀펄],"청주[정통][NO옵션][피어나는 설렘, 따뜻한 감성] 나트랑,달랏 5일",▶[멜리아(스위트룸) X 멀펄],베트남-나트랑/달랏,919000,5,3,티웨이항공,청주,B30A260321TW083,64963,
나트랑,휴양형,20260504,20260508,판매중,"대구 [3N5D][NO옵션]나트랑,달랏 5일",▶[멜리아(스위트룸) 2박 X 베스트웨스턴 프리미어],"대구 [0320,0321_현대플러스][NO옵션][온전한 여유, 가득한 경험] 나트랑,달랏 5일/6일",▶[멜리아(스위트룸) 2박 X 베스트웨스턴 프리미어],나트랑/달랏,949000,5,3,티웨이항공,대구,B30A260504TW068,59903,
나트랑,휴양형,20260321,20260325,판매마감,"★출발확정★청주[TW][NO옵션]나트랑,달랏 5일",▶[멜리아(스위트)X그랜드 머큐어],"청주[정통][NO옵션][꽃으로 물든 도시를 엿보다] 나트랑,달랏 5일",▶[멜리아(스위트룸) X 그랜드 머큐어],베트남-나트랑/달랏,999000,5,3,티웨이항공,청주,B30A260321TW062,64706,
나트랑,휴양형,20261004,20261008,판매중,[TW][에어텔/자유여행]나트랑 5일,▶[인터컨티넨탈 나트랑](롯데관광 단독계약),"[정통][에어텔/자유여행][아름다운 바다, 완벽한 휴가] 나트랑 5일",▶[인터컨티넨탈 나트랑](롯데관광 단독계약),나트랑,1009000,5,3,티웨이항공,인천,B30A261004TW026,57084,
나트랑,휴양형,20260609,20260613,판매중,[TW][NO옵션][풀빌라 UPGRADE] 푸꾸옥 5일,▶[모벤픽 리조트],▶Y26 NEW◀[정통][에어텔/자유여행][풀빌라 UPGRADE] 나트랑 5일,▶[모벤픽 리조트 캄란베이],나트랑,1079000,5,3,티웨이항공,인천,B30A260609TW056,65976,
나트랑,휴양형,20260427,20260501,판매중,"[RS][NO팁/NO옵션/NO쇼핑] 나트랑,달랏 5일",▶[쉐라톤 X 멀펄],"★3월 프로모션★[정통][THE COLLECTION][NO팁/NO옵션/NO쇼핑][프리미엄 여행의 시작, 꿈꿔온 완벽한 하루] 나트랑,달랏 5일",▶[쉐라톤(오션뷰) X 멀펄],나트랑/달랏,1119000,5,3,에어서울,인천,B30A260427RS018,63428,
나트랑,휴양형,20260324,20260328,판매중,【골퍼들의 천국】,나트랑 다이아몬드베이 골프&빌라 3박5일 (54H),【골퍼들의 천국】,나트랑 다이아몬드베이 골프&빌라 3박5일 (54H),태국/베트남 골프,1290000,5,3,티웨이항공,인천,B30D260324TW075,61164,
나트랑,휴양형,20260329,20260402,판매중,【골퍼들의 천국】,나트랑 3색골프 & 5성급 호텔 3박5일 (54H) #스톤마사지 포함,【골퍼들의 천국】,나트랑 3색골프 & 5성급 호텔 3박5일 (54H) #스톤마사지 포함,태국/베트남 골프,1490000,5,3,티웨이항공,인천,B30D260329TW087,63313,
나트랑,휴양형,20261004,20261008,판매중,"[TW][NO팁/NO옵션/쇼핑1회]나트랑,달랏 5일",▶[인터컨티넨탈(롯데관광 단독계약) X 머큐어],"▶특가 EVENT◀[품격][NO팁/NO옵션/쇼핑1회][편안한 선택, 그리고 완벽한 여행] 나트랑,달랏 5일",▶[인터컨티넨탈(롯데관광 단독계약) X 머큐어],NO팁/NO옵션/NO쇼핑,1559000,5,3,티웨이항공,인천,B30A261004TW025,57049,
나트랑,휴양형,20260321,20260325,판매마감,【골퍼들의 천국】,나트랑 윈덤 그랜드 KN 풀빌라 + KN 링크스 GC 3박5일 (54H),【골퍼들의 천국】,나트랑 윈덤 그랜드 KN 풀빌라 + KN 링크스 GC 3박5일 (54H),태국/베트남 골프,1690000,5,3,티웨이항공,인천,B30D260321TW073,63758,
나트랑,휴양형,20260321,20260325,판매마감,부산[BX][PRIVATE TOUR][NO팁/NO옵션NO쇼핑] 나트랑 5일,▶[인터컨티넨탈 나트랑(롯데관광 단독계약)],부산[품격][PRIVATE TOUR][NO팁/NO옵션/NO쇼핑] 나트랑 5일,▶[인터컨티넨탈 나트랑(롯데관광 단독계약)],NO옵션,3030000,5,3,에어부산,부산,B30A260321BX052,65478,
나트랑,휴양형,20260324,20260328,판매마감,대구 [PRIVATE TOUR][NO팁/NO옵션/NO쇼핑] 나트랑 5일,▶[인터컨티넨탈 나트랑(롯데관광 단독계약)],대구 [PRIVATE TOUR][NO팁/NO옵션/NO쇼핑] 나트랑 5일,▶[인터컨티넨탈 나트랑(롯데관광 단독계약)],★PRIVATE_TOUR★,3239000,5,3,티웨이항공,대구,B30A260324TW109,65447,
나트랑,휴양형,20260525,20260529,판매중,[KE][PRIVATE TOUR][NO팁/NO옵션/NO쇼핑] 나트랑 5일,▶[인터컨티넨탈 나트랑](롯데관광 단독계약),[품격][PRIVATE TOUR][NO팁/NO옵션/NO쇼핑] 나트랑 5일,▶[인터컨티넨탈 나트랑(롯데관광 단독계약)],나트랑,3289000,5,3,대한항공,인천,B30A260525KE022,65308,
나트랑,휴양형,20260324,20260328,판매마감,청주[TW][PRIVATE TOUR][NO팁/NO옵션/NO쇼핑] 나트랑 5일,▶[인터컨티넨탈 나트랑(롯데관광 단독계약)],청주[PRIVATE TOUR][NO팁/NO옵션/NO쇼핑] 나트랑 5일,▶[인터컨티넨탈 나트랑(롯데관광 단독계약)],베트남-나트랑/달랏,3539000,5,3,티웨이항공,청주,B30A260324TW112,65574,
나트랑,휴양형,20260523,20260527,판매중,"[HIGH&][비즈니스/클래스][4명단독 출발가능][NO팁/NO옵션/NO쇼핑]나트랑,달랏 5일",▶[인터컨티넨탈 X 그랜드 머큐어],"[HIGH&][비즈니스/클래스][4명단독 출발가능][NO팁/NO옵션/NO쇼핑][경험을 넘어선 품격의 정의]나트랑,달랏 5일",▶[인터컨티넨탈 X 그랜드 머큐어],나트랑/달랏,4799000,5,3,대한항공,인천,B30A260523KE016,64460,
나트랑,휴양형,20260525,20260529,판매중,[KE/프레스티지석][PRIVATE TOUR][NO팁/NO옵션/NO쇼핑] 나트랑 5일,▶[인터컨티넨탈 나트랑(롯데관광 단독계약)],[품격][비즈니스 클래스][PRIVATE TOUR][NO팁/NO옵션/NO쇼핑] 나트랑 5일,▶[인터컨티넨탈 나트랑(롯데관광 단독계약)],나트랑,4799000,5,3,대한항공,인천,B30A260525KE023,65337,
싱가포르,도시형,20260417,20260421,판매중,☆웹예약특가☆[OZ]['롯데관광'단독][NO쇼핑] 싱가포르 5일,▶[하루자유][가든스바이더베이 2돔&버드 파라다이스],[웹전용특가]['롯데관광'단독][NO쇼핑] 싱가포르 5일,▶[하루자유][가든스바이더베이 2돔&버드 파라다이스],싱가포르(롯데관광 단독),1279000,5,3,아시아나항공,인천,B05A260417OZ010,64884,
싱가포르,도시형,20260706,20260710,판매중,부산[★첫취항특가/선착순10명1399→1299★][두 나라 한번에 맛보기X특식3회X특급+준특급 호텔 숙박X쇼핑2회],▶싱가포르+쿠알라룸푸르 5일,부산★재취항기념특가★[두 나라 한번에 맛보기X특식3회X특급+준특급 호텔 숙박X쇼핑2회],"▶싱가포르+쿠알라룸푸르 5,6일",쿠알라룸푸르/싱가포르,1299000,5,3,에어 아시아 엑스,부산,B20A260706D7001,52229,
싱가포르,도시형,20260621,20260625,판매중,부산['롯데관광'단독][NO쇼핑][진짜 나다운 여행을 떠난다면] 싱가포르 5일,▶[하루 자유][가든스 바이 더 베이 2돔&버드 파라다이스],부산['롯데관광'단독][NO쇼핑][진짜 나다운 여행을 떠난다면] 싱가포르 5일,▶[하루 자유][가든스 바이 더 베이 2돔&버드 파라다이스],쿠알라룸푸르/싱가포르,1299000,5,3,제주항공,부산,B05A2606217C001,63665,
싱가포르,도시형,20260415,20260419,판매중,#선착순8명특가 1449→1299[OZ][롯데관광'단독][NO쇼핑] 싱가포르 5일,▶[하루자유][가든스바이더베이 2돔&버드 파라다이스],[정통][롯데관광'단독][NO쇼핑][진짜 나다운 여행을 떠난다면] 싱가포르 5일,▶[하루자유][가든스바이더베이 2돔&버드 파라다이스],싱가포르(롯데관광 단독),1319000,5,3,아시아나항공,인천,B05A260415OZ000,63215,
싱가포르,도시형,20260522,20260526,행사취소,☆웹예약특가☆[OZ]['롯데관광'단독][NO쇼핑] 싱가포르 5일,▶[전일관광][가든스바이더베이 2돔&버드 파라다이스],[웹전용특가]['롯데관광'단독][NO쇼핑] 싱가포르 5일,▶[전일관광][가든스바이더베이 2돔&버드 파라다이스],싱가포르(롯데관광 단독),1340000,5,3,아시아나항공,인천,B05A260522OZ009,64748,
싱가포르,도시형,20260417,20260421,판매중,#선착순8명특가 1549→1359[OZ][롯데관광'단독][NO쇼핑] 싱가포르 5일,▶[전일관광][가든스바이더베이 2돔&버드 파라다이스],"[정통]['롯데관광'단독][NO쇼핑][지금, 우리가 원하는 딱 그만큼] 싱가포르 5일",▶[전일관광][가든스바이더베이 2돔&버드 파라다이스],싱가포르(롯데관광 단독),1379000,5,3,아시아나항공,인천,B05A260417OZ011,63174,
싱가포르,도시형,20260411,20260415,판매중,"부산['롯데관광'단독][NO쇼핑][지금, 우리가 원하는 딱 그만큼] 싱가포르 5일",▶[전일 관광][가든스 바이 더 베이 2돔&버드 파라다이스],"부산['롯데관광'단독][NO쇼핑][지금, 우리가 원하는 딱 그만큼] 싱가포르 5일",▶[전일 관광][가든스 바이 더 베이 2돔&버드 파라다이스],쿠알라룸푸르/싱가포르,1399000,5,3,제주항공,부산,B05A2604117C002,62819,
싱가포르,도시형,20260410,20260414,판매중,[OZ][NO쇼핑] 싱가포르 5일,▶[하루 자유],[정통][NO쇼핑][도심 속 자연으로 걸어 들어가다 보면] 싱가포르 5일,▶[하루자유],싱가포르(연합),1409000,5,3,아시아나항공,인천,B05A260410OZ002,58913,
싱가포르,도시형,20260706,20260710,판매중,부산[싱가포르항공][NO쇼핑][出4명이상出][전일관광or1일자유+센토사섬+랩소디쇼],▶싱가포르 5일,부산[NO쇼핑][出4명이상出][전일관광or1일자유+센토사섬+랩소디쇼],▶싱가포르 5일,쿠알라룸푸르/싱가포르,1499000,5,3,싱가포르항공,부산,B05A260706SQ000,53753,
싱가포르,도시형,20260424,20260428,판매중,[OZ][NO쇼핑] 싱가포르 5일,▶[전일관광],[정통][NO쇼핑][좋았던 기억만으로 다시 떠난다] 싱가포르 5일,▶[전일관광],싱가포르(연합),1509000,5,3,아시아나항공,인천,B05A260424OZ003,58818,
싱가포르,도시형,20260323,20260327,행사취소,"[OZ][NO쇼핑] 싱가포르,바탐 5일",▶[두나라 여행][전일 관광],"[정통][NO쇼핑][하루쯤은 색다르게, 독특하게] 싱가포르,바탐 5일",▶[두나라 여행][전일 관광],싱가포르(연합),1909000,5,3,아시아나항공,인천,B05A260323OZ009,56657,
싱가포르,도시형,20260514,20260518,판매중,[OZ]['롯데관광'단독][NO쇼핑] 싱가포르 5일,▶[마리나 베이 샌즈 1박][하루 자유],[정통]['롯데관광'단독][NO쇼핑] [꿈꾸던 순간은 어느 새] 싱가포르 5일,▶[마리나 베이 샌즈 1박][하루 자유],싱가포르(롯데관광 단독),2009000,5,3,아시아나항공,인천,B05A260514OZ001,61718,
싱가포르,도시형,20260508,20260512,판매중,[OZ][NO팁/NO옵션/NO쇼핑] 싱가포르 5일,▶[전일 관광],[정통][NO팁/NO옵션/NO쇼핑][어디에서든 함께 있으면 행복해] 싱가포르 5일,▶[전일 관광],싱가포르(연합),2199000,5,3,아시아나항공,인천,B05A260508OZ006,60908,
싱가포르,도시형,20260630,20260704,판매중,[KE643][PRIVATE TOUR][NO팁/NO옵션/NO쇼핑] 싱가포르 5일,▶[전일관광][스위소텔3박],[품격][PRIVATE TOUR][NO팁/NO옵션/NO쇼핑] 싱가포르 5일,▶[전일관광][스위소텔3박],말레이시아/싱가포르,5329000,5,3,대한항공,인천,B05A260630KE021,56091,
싱가포르,도시형,20260609,20260613,판매중,[KE643][PRIVATE TOUR][비즈니스/클래스][NO팁/NO옵션/NO쇼핑] 싱가포르 5일,▶[전일관광][스위소텔3박],[품격][비즈니스 클래스][PRIVATE TOUR][NO팁/NO옵션/NO쇼핑] 싱가포르 5일,▶[전일관광][스위소텔3박],말레이시아/싱가포르,7395000,5,3,대한항공,인천,B05A260609KE020,56660,
