god_id,agency_id,god_cd,god_nm1,god_nm2,god_title,god_point,grd_nm,god_gb1_nm,god_gb2_nm,area_mc_nm,area_sc_nm,city_list,thema_nm,menu_4lvl_nm,search_keyword,travel_style,image_url,reg_dt,upd_dt
64320,1,B27A-0764320,"대구 [여행 그 이상의 경험] 다낭 ,호이안 5일",▶[코트야드 바이 메리어트(RIVER VIEW ROOM)] (2025신규오픈),◎ ['2025'신규 OPEN 5성급 호텔] [씨티뷰→리버뷰 업그레이드] [미슐랭선정 3회 포함 차별화 6大특식] [럭셔리 인기 마샤지샵(팁 포함)] [2대 야경투어_호이안X바나힐] [자유시간 총 3회],"[여행 그 이상의 경험, SPECIAL MOMENT IN DANANG] #2025 신규 OPEN, 5성급 호텔 3연박 씨티뷰→리버뷰 #더 업그레이드 된 식사_2024 미슐랭 선정 3회 + 현지 인기 맛집 담당자 엄선 6大 특식 #낭만가득 여유가득, 2대 야경투어[바나힐X호이안] #자유시간 총 3회 전격보장(오전 자유시간 + 바나힐 1시간 + 호이안 1시간 제공) #색다른 여행 색다른 경험 IN 다낭 ★바나힐 테마파크(케이블카 탑승+골든브릿지 등) [$70상당] ★호이안 야경투어(야시장, 연등구경, 소원초 띄우기) [$30상당] ★지정샵 스톤 전신 마사지 90분 [$30상당] ★호이안 거리에 가득한 아름다운 풍등 DIY 클래스 [$10상당] ★후기 폭발_베트남 전통의상입고 인생샷 찰칵 [$10상당]",정통,패키지,일반패키지,동남아,다낭,"다낭,호이안,대구",,다낭/호이안,다낭,휴양형,http://dimgcdn.lottetour.com/TN/6a/6a10a6dcdd1e93930084f8815c5063b5.tn.300x200.jpg,2025-06-26 09:30:09,2026-03-18 11:11:09
63314,1,B27A-0763314,"[주말특가][지금 더 특별한 여행 ALL SUITE] 다낭 ,호이안 4/5일",▶[멜리아빈펄(스위트룸)],◎ [전 일정 5성급 월드체인 스위트룸(DLB) 업그레이드] [자유시간 3회(호텔 오전+바나힐+한시장)] [스톤마사지_UP] [호이안 낮과 밤 완전정복] [미슐랭 선정 맛집 2회 포함 차별화 6大특식],"[DANANG & SWEET] 여행의 시작과 끝, ALL SUITE ROOM, 멜리아빈펄 다낭 리버프런트 # 전 일정 5성급 월드체인호텔 SUITE ROOM(DLB) 숙박 # 자유시간 2회 제공 # 알차고 특별한 혜택 - 바나힐 테마파크(케이블카탑승+골든브릿지 등) [$70상당] - 호이안 야경투어(야시장, 연등구경 및 소원초띄우기) [$30상당] -'세계 6대 해변'이라 불리는 미케비치 템플다낭에서 음료제공 (음료OR커피 1잔 제공) - 전신마사지 60분 → 스톤 전신마사지 90분 업그레이드 # '식사의 기준을 높이다' # 단체식당 OUT, 식당 실명제 _ 전일정 차별화 6대 특식",정통,패키지,일반패키지,동남아,다낭,"다낭,인천,호이안",,다낭/호이안/후에,다낭,휴양형,http://dimgcdn.lottetour.com/TN/dc/dc29fa8dc095a59fb90448a78ad743c9.tn.300x200.png,2025-01-17 11:43:21,2026-03-20 13:54:07
62443,1,B27A-0762443,"부산 [지금 더 특별한 여행 ALL SUITE] 다낭 ,호이안 5일",▶[멜리아빈펄(스위트룸)],◎ [전 일정 5성급 월드체인 스위트룸(DLB) 업그레이드] [자유시간 3회(호텔 오전+바나힐+한시장)] [스톤마사지_UP] [호이안 낮과 밤 완전정복] [미슐랭 선정 맛집 2회 포함 차별화 6大특식],"[DANANG & SWEET] 여행의 시작과 끝, ALL SUITE ROOM, 멜리아빈펄 다낭 리버프런트 # 전 일정 5성급 월드체인호텔 SUITE ROOM(DLB) 숙박 # 자유시간 2회 제공 # 알차고 특별한 혜택 - 바나힐 테마파크(케이블카탑승+골든브릿지 등) [$70상당] - 호이안 야경투어(야시장, 연등구경 및 소원초띄우기) [$30상당] -'세계 6대 해변'이라 불리는 미케비치 템플다낭에서 음료제공 (음료OR커피 1잔 제공) - 전신마사지 60분 → 스톤 전신마사지 90분 업그레이드 # '식사의 기준을 높이다' # 단체식당 OUT, 식당 실명제 _ 전일정 차별화 6대 특식",정통,패키지,일반패키지,동남아,다낭,"다낭,호이안,부산",,BEST 인기상품,다낭,휴양형,http://dimgcdn.lottetour.com/TN/dc/dc29fa8dc095a59fb90448a78ad743c9.tn.300x200.png,2024-08-02 10:03:48,2026-03-20 19:25:18
63032,1,B27A-0763032,"부산 [다시, 푸른바다 미케비치 위에 서다] 다낭 ,호이안 5일",▶[래디슨],"◎ [미케비치 바로 앞, 월드체인 호텔 숙박 #시티뷰→오션뷰] [데일리 마사지 1일 1회] [바나힐&호이안 야경투어] [미슐랭 선정 2회 + 5성급 호텔식 포함 차별화 6大특식][신라망고빙수]","다채로운 AMAZING 특전 BIG1. 데일로 마사지로 1일 1 마사지 ! 진정한 힐링 그 자체 BIG2. 포브스 선정 세계 6대 해변 '미케비치'가 펼쳐진 '디럭스 오션뷰' 무료UPGRADE BIG3. 빠질 수 없는 다낭X호이안 핵심 관광 포함 ① ★바나힐 테마파크(케이블카탑승+골든브릿지 등) ② 시내 관광(다낭 대성당, 마블마운틴, 린응사) ③ 다낭에 방문객 만족도 1위! 아오자이 체험 ① ★야경투어(야시장,연등구경,소원초 띄우기) ② ★투본강 보트투어 ③ 호이안 올드타운 관광 BIG4. 롯데관광이 준비한 특별 추가 특전 ① 성인 12명 이상 시 우리끼리 단독행사 진행 ② 신라모노그램 다낭 ‘망고빙수’ 제공 ③ 객실당 과일바구니 제공",정통,패키지,일반패키지,동남아,다낭,"다낭,호이안,부산",,다낭/호이안,다낭,휴양형,http://dimgcdn.lottetour.com/TN/5e/5e45c04806ce6d8608bb49b21c1c0c12.tn.300x200.jpg,2024-11-14 10:54:42,2026-03-20 18:40:10
63501,1,B27A-0763501,"[주말특가] 대구 [지금 더 특별한 여행 ALL SUITE] 다낭 ,호이안 5일/6일",▶[멜리아빈펄(스위트룸)],◎ [#전 일정 5성급 월드체인 스위트룸(DLB) 업그레이드][#자유시간 2회(오전 1회+바나힐 1시간)][#스톤마사지_UP][#호이안 낮과 밤 완전정복][#미슐랭 선정 맛집 1회 포함 차별화 6大특식],"[DANANG & SWEET] 여행의 시작과 끝, ALL SUITE ROOM, 멜리아빈펄 다낭 리버프런트",정통,패키지,일반패키지,동남아,다낭,"다낭,대구,호이안",,다낭/호이안,다낭,휴양형,http://dimgcdn.lottetour.com/TN/70/70379769af9e1a2a1a974c92fb0af688.tn.300x200.png,2025-02-19 10:51:00,2026-03-18 11:11:09
60707,1,B27A-0760707,"대구 [NO팁/NO옵션] 다낭 ,호이안 5일/6일",▶5성급호텔+마사지2회+바구니배+씨클로+한강유람선,◎ 추가경비가 없는 노팁!! 노옵션!! 전일정 5성급호텔 투숙!!,부담을 줄인 #NO옵션 상품 패키지 여행,정통,패키지,일반패키지,동남아,다낭,"다낭,대구,호이안",,다낭/호이안,다낭,휴양형,http://dimgcdn.lottetour.com/TN/14/14a25c8cc8585200211c5977374dfd77.tn.300x200.jpg,2023-10-11 11:15:31,2026-03-18 11:11:09
62417,1,B27A-0762417,"대구 [지금 더 특별한 여행 ALL SUITE] 다낭 ,호이안 5일/6일",▶[멜리아빈펄(스위트룸)],◎ [전 일정 5성급 월드체인 스위트룸(DLB) 업그레이드] [자유시간 3회(호텔 오전+바나힐+한시장)] [스톤마사지_UP] [호이안 낮과 밤 완전정복] [미슐랭 선정 맛집 2회 포함 차별화 6大특식],"[DANANG & SWEET] 여행의 시작과 끝, ALL SUITE ROOM, 멜리아빈펄 다낭 리버프런트 # 전 일정 5성급 월드체인호텔 SUITE ROOM(DLB) 숙박 # 자유시간 2회 제공 # 알차고 특별한 혜택 - 바나힐 테마파크(케이블카탑승+골든브릿지 등) [$70상당] - 호이안 야경투어(야시장, 연등구경 및 소원초띄우기) [$30상당] -'세계 6대 해변'이라 불리는 미케비치 템플다낭에서 음료제공 (음료OR커피 1잔 제공) - 전신마사지 60분 → 스톤 전신마사지 90분 업그레이드 # '식사의 기준을 높이다' # 단체식당 OUT, 식당 실명제 _ 전일정 차별화 6대 특식",정통,패키지,일반패키지,동남아,다낭,"다낭,호이안,대구",,다낭/호이안,다낭,휴양형,http://dimgcdn.lottetour.com/TN/dc/dc29fa8dc095a59fb90448a78ad743c9.tn.300x200.png,2024-07-30 17:24:29,2026-03-18 11:11:09
62653,1,B27A-0762653,"부산 [NO팁_NO옵션_자유시간 보장] 다낭 ,호이안 5일",▶[5성급호텔],#5성급 호텔 #바나힐 테마파크 #호이안 야경투어 #마사지 2회 #한강유람선 #바구니배 #선짜야시장,부담을 줄인 NO팁 / NO옵션 상품,정통,패키지,일반패키지,동남아,다낭,"다낭,부산,호이안",,다낭/호이안,다낭,휴양형,http://dimgcdn.lottetour.com/TN/d9/d960251a6c12bf55af5e649f2b82b824.tn.300x200.jpg,2024-09-04 17:33:38,2026-03-19 09:39:39
62401,1,B27A-0762401,"[정통][지금 더 특별한 여행 ALL SUITE] 다낭 ,호이안 4/5일",▶[멜리아빈펄(스위트룸)],◎ [전 일정 5성급 월드체인 스위트룸(DLB) 업그레이드] [자유시간 3회(호텔 오전+바나힐+한시장)] [스톤마사지_UP] [호이안 낮과 밤 완전정복] [미슐랭 선정 맛집 2회 포함 차별화 6大특식],"[DANANG & SWEET] 여행의 시작과 끝, ALL SUITE ROOM, 멜리아빈펄 다낭 리버프런트 # 전 일정 5성급 월드체인호텔 SUITE ROOM(DLB) 숙박 # 자유시간 2회 제공 # 알차고 특별한 혜택 - 바나힐 테마파크(케이블카탑승+골든브릿지 등) [$70상당] - 호이안 야경투어(야시장, 연등구경 및 소원초띄우기) [$30상당] -'세계 6대 해변'이라 불리는 미케비치 템플다낭에서 음료제공 (음료OR커피 1잔 제공) - 전신마사지 60분 → 스톤 전신마사지 90분 업그레이드 # '식사의 기준을 높이다' # 단체식당 OUT, 식당 실명제 _ 전일정 차별화 6대 특식",정통,패키지,일반패키지,동남아,다낭,"다낭,인천,호이안",,다낭/호이안/후에,다낭,휴양형,http://dimgcdn.lottetour.com/TN/dc/dc29fa8dc095a59fb90448a78ad743c9.tn.300x200.png,2024-07-26 17:00:21,2026-03-17 10:19:03
62122,1,B27A-0762122,"[정통][식사에 진심, 미식의 향연] 다낭 ,호이안 4/5일",▶[포 포인츠 바이 쉐라톤],"◎ [미케비치 바로 앞, 5성급 월드체인 호텔 숙박] [호텔 오전 자유 1회+한시장 자유 1회] [바나힐&호이안완전정복] [미슐랭 선정 맛집 3회 + SNS맛집 + 한식 맛집 포함_6大차별화미식]","[미식ing 맛있는 다낭] #미케비치 바로 앞, 월드체인 5성급 호텔 3박 #오전 자유시간 1회 제공 #THE 특별한 혜택 - 바나힐 테마파크(케이블카 탑승+골든브릿지 등) [$70상당] - 호이안 야경투어(야시장, 연등구경, 소원초 띄우기) [$30상당] - 다낭대성당/한시장 1시간 자유시간 보장!! - 전신 마사지 60분 → 120분 업그레이드 [$40상당] - 망고가든, 망고빙수 1인 1개 제공 #THE 업그레이드된 차별화 미식투어 # 미슐랭선정+SNS맛집포함 차별화 유명 로컬맛집으로만 구성된 업그레이드 6大특식",정통,패키지,일반패키지,동남아,다낭,"다낭,인천,호이안",,다낭/호이안/후에,다낭,휴양형,http://dimgcdn.lottetour.com/TN/71/713051d7a5cfb1a70d6028a7e8ad1b6e.tn.300x200.jpg,2024-06-18 12:18:26,2026-01-07 14:18:17
60490,1,B27A-0760490,"[정통][다채로움으로 기억되는] 다낭 ,호이안 4/5일",▶[노보텔],◎ [ACCOR 계열 5성급 월드체인 호텔 숙박] [한강 바로 앞] [루프탑 수영장] [★체크필수★바나 힐&호이안 2대야경투어] [2024 미슐랭 선정 마담란 등 차별화특식],"다채로운 모든 것의 총 집합, [COLORFUL 다낭] 월드체인 5성급 '노보텔 다낭 프리미어 한강' + 2대 야경투어(바나힐&호이안) + 차별화6大특식",정통,패키지,일반패키지,동남아,다낭,"다낭,인천,호이안",,다낭/호이안/후에,다낭,휴양형,http://dimgcdn.lottetour.com/TN/96/960c37f08758321808b823747d122fd8.tn.300x200.jpg,2023-08-30 12:00:00,2026-03-16 17:04:10
64318,1,B27A-0764318,"부산 [여행 그 이상의 경험] 다낭 ,호이안 5일",▶[코트야드 바이 메리어트(RIVER VIEW ROOM)](2025신규오픈),◎ ['2025'신규 OPEN 5성급 호텔] [씨티뷰→리버뷰 업그레이드] [미슐랭선정 3회 포함 차별화 6大특식] [럭셔리 인기 마샤지샵(팁 포함)] [2대 야경투어_호이안X바나힐] [자유시간 총 3회],"[여행 그 이상의 경험, SPECIAL MOMENT IN DANANG] #2025 신규 OPEN, 5성급 호텔 3연박 씨티뷰→리버뷰 #더 업그레이드 된 식사_2024 미슐랭 선정 3회 + 현지 인기 맛집 담당자 엄선 6大 특식 #낭만가득 여유가득, 2대 야경투어[바나힐X호이안] #자유시간 총 3회 전격보장(오전 자유시간 + 바나힐 1시간 + 호이안 1시간 제공) #색다른 여행 색다른 경험 IN 다낭 ★바나힐 테마파크(케이블카 탑승+골든브릿지 등) [$70상당] ★호이안 야경투어(야시장, 연등구경, 소원초 띄우기) [$30상당] ★지정샵 스톤 전신 마사지 90분 [$30상당] ★호이안 거리에 가득한 아름다운 풍등 DIY 클래스 [$10상당] ★후기 폭발_베트남 전통의상입고 인생샷 찰칵 [$10상당]",정통,패키지,일반패키지,동남아,다낭,"다낭,호이안,부산",,BEST 인기상품,다낭,휴양형,http://dimgcdn.lottetour.com/TN/6a/6a10a6dcdd1e93930084f8815c5063b5.tn.300x200.jpg,2025-06-26 09:19:47,2026-03-20 18:40:10
63002,1,B27A-0763002,"[정통][다시, 푸른바다 미케비치 위에 서다] 다낭 ,호이안 4/5일",▶[래디슨],"◎ [미케비치 바로 앞, 월드체인 호텔 숙박 #시티뷰→오션뷰] [데일리 마사지 1일 1회] [미슐랭 선정 2회 + 5성급 호텔식 포함 차별화 6大특식][신라모노그램_망고빙수]","다채로운 AMAZING 특전 BIG1. 데일로 마사지로 1일 1 마사지 ! 진정한 힐링 그 자체 BIG2. 포브스 선정 세계 6대 해변 '미케비치'가 펼쳐진 '디럭스 오션뷰' 무료UPGRADE BIG3. 빠질 수 없는 다낭X호이안 핵심 관광 포함 ① ★바나힐 테마파크(케이블카탑승+골든브릿지 등) ② 시내 관광(다낭 대성당, 마블마운틴, 린응사) ③ 다낭에 방문객 만족도 1위! 아오자이 체험 ① ★야경투어(야시장,연등구경,소원초 띄우기) ② ★투본강 보트투어 ③ 호이안 올드타운 관광 BIG4. 롯데관광이 준비한 특별 추가 특전 ① 성인 12명 이상 시 우리끼리 단독행사 진행 ② 신라모노그램 다낭 ‘망고빙수’ 제공 ③ 객실당 과일바구니 제공",정통,패키지,일반패키지,동남아,다낭,"다낭,인천,호이안",,다낭/호이안/후에,다낭,휴양형,http://dimgcdn.lottetour.com/TN/5e/5e45c04806ce6d8608bb49b21c1c0c12.tn.300x200.jpg,2024-11-07 20:15:58,2026-02-13 11:30:00
64264,1,B27A-0764264,"★3월 프로모션★[정통][여행 그 이상의 경험] 다낭 ,호이안 4/5일",▶[코트야드 바이 메리어트(RIVER VIEW ROOM)](2025신규오픈),◎ ['2025'신규 OPEN 5성급 호텔] [씨티뷰→리버뷰 업그레이드] [미슐랭선정 3회 포함 차별화 6大특식] [럭셔리 인기 마샤지샵(팁 포함)] [2대 야경투어_호이안X바나힐] [자유시간 총 3회],"[여행 그 이상의 경험, SPECIAL MOMENT IN DANANG] #2025 신규 OPEN, 5성급 호텔 3연박 씨티뷰→리버뷰 #더 업그레이드 된 식사_2024 미슐랭 선정 3회 + 현지 인기 맛집 담당자 엄선 6大 특식 #낭만가득 여유가득, 2대 야경투어[바나힐X호이안] #자유시간 총 3회 전격보장(오전 자유시간 + 바나힐 1시간 + 호이안 1시간 제공) #색다른 여행 색다른 경험 IN 다낭 ★바나힐 테마파크(케이블카 탑승+골든브릿지 등) [$70상당] ★호이안 야경투어(야시장, 연등구경, 소원초 띄우기) [$30상당] ★지정샵 스톤 전신 마사지 90분 [$30상당] ★호이안 거리에 가득한 아름다운 풍등 DIY 클래스 [$10상당] ★후기 폭발_베트남 전통의상입고 인생샷 찰칵 [$10상당]",정통,패키지,일반패키지,동남아,다낭,"다낭,인천,호이안",,다낭/호이안/후에,다낭,휴양형,http://dimgcdn.lottetour.com/TN/6a/6a10a6dcdd1e93930084f8815c5063b5.tn.300x200.jpg,2025-06-17 12:32:08,2026-03-16 17:03:55
64194,1,B27A-0764194,"대구 [NO옵션][THE NEW PREMIUM 더할 나위 없는 완벽한] 다낭 ,호이안 5일/6일",▶[힐튼],◎ [NO옵션 $260상당 포함관광] [글로벌 5대 월드체인 '프리미엄' 5성급 호텔 숙박] [미슐랭선정 2회 포함 + SNS 맛집 6大특식] [자유시간 4회(바나힐+호이안+한시장+선짜야시장)],"[THE NEW PREMIUM 더할 나위 없는 완벽한 다낭] #ALL PREMIUM, 롯데관광만의 차별화 혜택# ★글로벌 5대 월드체인 5성급 힐튼 호텔 다낭 3연박 ★총 $260 상당 인기 필수관광 사전포함으로 부담없는 여행 ★자유시간 총 3회 제공( 바나힐 1시간 + 호이안 1시간 제공 + 한시장 1시간 + 선짜야시장 1시간 ) ★미슐랭 선정 맛집 2회 + 담당자 엄선 SNS맛집 포함, 프리미엄 6大 특식 ★2대 야경투어 ( 호이안 X 다낭 시내 한강) ★새콤달콤 과일 도시락 (1인 1개 제공)",정통,패키지,일반패키지,동남아,다낭,"다낭,호이안,대구",,NO옵션,다낭,휴양형,http://dimgcdn.lottetour.com/TN/fd/fd75b72f8213304f7fa21335d2486397.tn.300x200.jpg,2025-06-05 13:35:15,2026-03-18 11:11:09
65705,1,B27A-0765705,"부산 [NO팁_NO옵션] 다낭 ,호이안 5일",▶[5성급호텔],#5성급 호텔 #바나힐 테마파크 #호이안 야경투어 #마사지 2회 #한강유람선 #바구니배 #선짜야시장,부담을 줄인 NO팁 / NO옵션 상품,정통,패키지,일반패키지,동남아,다낭,"다낭,부산,호이안",,다낭/호이안,다낭,휴양형,http://dimgcdn.lottetour.com/TN/20/20e70e139f5aa61b684f8e847ab44d42.tn.300x200.jpg,2026-02-04 15:38:02,2026-03-19 09:39:26
65295,1,B27A-0765295,부산 [자유여행][미카즈키 리조트],"▶ 다낭 ,호이안 5일",미카즈키 다낭 리조트 내 워터파크 및 온천 이용권 3회,다낭 미카즈키 호텔은 일본식 온천 문화와 베트남 해변 리조트의 장점을 결합한 독특한 호텔입니다. 가족 단위 또는 편안한 휴식 중심의 여행을 원하는 분들에게 특히 추천되는 프리미엄 리조트입니다.,정통,패키지,일반패키지,동남아,다낭,"다낭,부산,호이안",,휴양 & 자유여행,다낭,휴양형,http://dimgcdn.lottetour.com/TN/9c/9cd111fac8a483de304edd93e523797e.tn.300x200.jpg,2025-12-11 15:07:25,2026-03-19 09:39:52
65714,1,B27A-0765714,"부산 [야경이 완성하는 시그니처][NO옵션/쇼핑2회] 다낭 ,호이안 5일",▶[노보텔],"◎[ACCOR 계열 5성급 월드체인 호텔 숙박] [루프탑 수영장] [NO옵션/$300상당 특전 포함] [쇼핑단,2회] [미슐랭 선정 1회] [3대 야경(바나힐/호이안/ 다낭 )]","# 롯데관광이라 가능한 THE 차별화 혜택 옵션 ALL 포함 X $300상당 혜택! 쇼핑센터 3회 → 2회 방문으로 부담 DOWN! 한강 시내 중심 위치, 월드체인 5성급 '노보텔 다낭 프리미어 한강' 3연박 스톤 전신마사지 (60분 → 90분 업그레이드) 호이안 완전 정복 (아오자이1DAY체험, 풍등DIY, 호이안 야경투어) 3대 야경투어 (바나힐 X 호이안 X 다낭 시내 한강) 미슐랭 선정 맛집 1회 + SNS맛집 포함, 프리미엄 6大 특식 여행의 즐거움을 만끽할 수 있는 여유로운 일정, 자유시간 총 5회",정통,패키지,일반패키지,동남아,다낭,"다낭,호이안,부산",,다낭/호이안,다낭,휴양형,http://dimgcdn.lottetour.com/TN/96/960c37f08758321808b823747d122fd8.tn.300x200.jpg,2026-02-05 16:22:41,2026-03-20 19:25:18
65462,1,B27A-0765462,"대구 [다시, 푸른바다 미케비치 위에 서다] 다낭 ,호이안 5일",▶[래디슨],"◎ [미케비치 바로 앞, 월드체인 호텔 숙박 #시티뷰→오션뷰] [데일리 마사지 1일 1회] [바나힐&호이안 야경투어] ['2025' 미슐랭 선정 2회 + 5성급 호텔식 포함 차별화 6大특식]","다채로운 AMAZING 특전 BIG1. 데일로 마사지로 1일 1 마사지 ! 진정한 힐링 그 자체 BIG2. 포브스 선정 세계 6대 해변 '미케비치'가 펼쳐진 '디럭스 오션뷰' 무료UPGRADE BIG3. 빠질 수 없는 다낭X호이안 핵심 관광 포함 ① ★바나힐 테마파크(케이블카탑승+골든브릿지 등) [$70상당] ② 시내 관광(다낭 대성당, 마블마운틴, 린응사) ③ 다낭에 방문객 만족도 1위! 아오자이 체험 ① ★야경투어(야시장,연등구경,소원초 띄우기) [$30 상당] ② ★투본강 보트투어 [$30 상당] ③ 호이안 올드타운 관광 [$20 상당] BIG4. 롯데관광이 준비한 특별 추가 특전 ① 성인 12명 이상 시 우리끼리 단독행사 진행 ② 객실당 과일바구니 제공",정통,패키지,일반패키지,동남아,다낭,"다낭,호이안,대구",,다낭/호이안,다낭,휴양형,http://dimgcdn.lottetour.com/TN/5e/5e45c04806ce6d8608bb49b21c1c0c12.tn.300x200.jpg,2026-01-02 13:38:39,2026-03-18 11:11:09
61311,1,B27A-0761311,"부산 [완벽한 나의 N번째 여행] 다낭 ,호이안 5일",▶[힐튼],#월드체인5성호텔 #패스트트랙 #미슐랭선정2회포함(6大 특식) #자유시간제공 #신라망고빙수 #바나힐 #호이안완전정복,"[격이 다른 여행, PREMIUM_HILTON DANANG] #글로벌 5대 월드체인 5성급 호텔 3연박 #자유시간 총 3회 제공(오전 자유시간 + 바나힐 1시간 + 호이안 1시간 제공) #롯데관광의 THE 특별한 혜택 ★ [2024 미슐랭 선정 2회 + 현지 인기 맛집 포함 6大 특식] ★바나힐 테마파크(케이블카 탑승+골든브릿지 등) [$70상당] ★호이안 야경투어(야시장, 연등구경, 소원초 띄우기) [$30상당] ★전신 마사지 1시간 [$20상당] ★5성급 호텔 신라 망고빙수 + 입국 패스트트랙 제공",정통,패키지,일반패키지,동남아,다낭,"다낭,호이안,부산",,다낭/호이안,다낭,휴양형,http://dimgcdn.lottetour.com/TN/42/42a0b982fb75df2982a1be40bc6bcda0.tn.300x200.jpg,2024-02-08 17:38:23,2026-01-26 18:03:32
65299,1,B27A-0765299,"대구 [NO옵션][모든 순간이 프리미엄, STAY IN SHILLA] 다낭 ,호이안 5일/6일",▶[신라모노그램](롯데유일),"◎ [롯데관광 단독계약, 전일정 신라모노그램 다낭 숙박] [오전 자유시간 2회] [NO옵션/$210상당 특전] [3대야경( 다낭 X호이안X바나힐] [미슐랭 2회+호텔식 1회_6大특식] [스톤마사지 90분]","# 모든 순간이 프리미엄, STAY IN SHILLA ▣ 롯데관광 단독계약 신라호텔의 새로운 라이프스타일 호텔 런칭! └전 일정 다낭에서 가장 아름다운 논누억 비치 앞에 위치한 '신라모노그램 다낭' 호텔 숙박 ▣ 총 $230 상당 인기 필수관광 사전포함으로 부담없는 여행 ▣ 오전 자유시간 2회 + 바나힐/호이안 자유시간 1시간 제공, 총 자유시간 4회 제공 ▣3대 야경투어 (바나힐 X 호이안 X 다낭 시내 한강) ▣미슐랭 선정 맛집 2회 + 5성급 호텔식 1회 포함, 프리미엄 6大 특식 ▣데일리 스톤 전신마사지 (1회 90분)",정통,패키지,일반패키지,동남아,다낭,"다낭,호이안,대구",,NO옵션,다낭,휴양형,http://dimgcdn.lottetour.com/TN/09/09f01cda512324b99fa09170a355297c.tn.300x200.png,2025-12-12 14:55:07,2026-03-18 11:11:09
65682,1,B27A-0765682,"대구 [야경이 완성하는 시그니처][NO옵션/쇼핑2회] 다낭 ,호이안 5일/6일",▶[노보텔],"◎[ACCOR 계열 5성급 월드체인 호텔 숙박] [루프탑 수영장] [NO옵션/$300상당 특전 포함] [쇼핑단,2회] [미슐랭 선정 1회] [3대 야경(바나힐/호이안/ 다낭 )]","# 롯데관광이라 가능한 THE 차별화 혜택 옵션 ALL 포함 X $300상당 혜택! 쇼핑센터 3회 → 2회 방문으로 부담 DOWN! 한강 시내 중심 위치, 월드체인 5성급 '노보텔 다낭 프리미어 한강' 3연박 스톤 전신마사지 (60분 → 90분 업그레이드) 호이안 완전 정복 (아오자이1DAY체험, 풍등DIY, 호이안 야경투어) 3대 야경투어 (바나힐 X 호이안 X 다낭 시내 한강) 미슐랭 선정 맛집 1회 + SNS맛집 포함, 프리미엄 6大 특식 여행의 즐거움을 만끽할 수 있는 여유로운 일정, 자유시간 총 5회",정통,패키지,일반패키지,동남아,다낭,"다낭,대구,호이안",,NO옵션,다낭,휴양형,http://dimgcdn.lottetour.com/TN/96/960c37f08758321808b823747d122fd8.tn.300x200.jpg,2026-02-03 09:53:10,2026-03-18 11:13:39
62447,1,B27A-0762447,"청주 [지금 더 특별한 여행 ALL SUITE] 다낭 ,호이안 5/6일",▶[멜리아빈펄(스위트룸)],◎ [전 일정 5성급 월드체인 스위트룸(DLB) 업그레이드] [자유시간 2회(오전 1회+바나힐 1시간)] [스톤마사지_UP] [호이안 낮과 밤 완전정복] [미슐랭 선정 맛집 1회 포함 차별화 6大특식],"[DANANG & SWEET] 여행의 시작과 끝, ALL SUITE ROOM, 멜리아빈펄 다낭 리버프런트 # 전 일정 5성급 월드체인호텔 SUITE ROOM(DLB) 숙박 # 자유시간 2회 제공 # 알차고 특별한 혜택 - 바나힐 테마파크(케이블카탑승+골든브릿지 등) [$70상당] - 호이안 야경투어(야시장, 연등구경 및 소원초띄우기) [$30상당] -'세계 6대 해변'이라 불리는 미케비치 템플다낭에서 음료제공 (음료OR커피 1잔 제공) - 전신마사지 60분 → 스톤 전신마사지 90분 업그레이드 # '식사의 기준을 높이다' # 단체식당 OUT, 식당 실명제 _ 전일정 차별화 6대 특식",정통,패키지,일반패키지,동남아,다낭,"다낭,호이안,청주",,베트남-다낭/호이안,다낭,휴양형,http://dimgcdn.lottetour.com/TN/dc/dc29fa8dc095a59fb90448a78ad743c9.tn.300x200.png,2024-08-02 17:30:32,2026-01-29 17:40:40
64361,1,B27A-0764361,"[주말특가][NO옵션][THE NEW PREMIUM 더할 나위 없는 완벽한] 다낭 ,호이안 4/5일",▶[힐튼],◎ [$270상당 포함관광] [글로벌 5대 월드체인 '프리미엄' 5성급 호텔 숙박] [미슐랭선정 2회 포함 + SNS 맛집 6大특식] [자유시간 4회(바나힐+호이안+한시장+선짜야시장)],"[THE NEW PREMIUM 더할 나위 없는 완벽한 다낭] #ALL PREMIUM, 롯데관광만의 차별화 혜택# ★글로벌 5대 월드체인 5성급 힐튼 호텔 다낭 3연박 ★총 $260 상당 인기 필수관광 사전포함으로 부담없는 여행 ★자유시간 총 3회 제공( 바나힐 1시간 + 호이안 1시간 제공 + 한시장 1시간 + 선짜야시장 1시간 ) ★미슐랭 선정 맛집 2회 + 담당자 엄선 SNS맛집 포함, 프리미엄 6大 특식 ★2대 야경투어 ( 호이안 X 다낭 시내 한강) ★새콤달콤 과일 도시락 (1인 1개 제공)",정통,패키지,일반패키지,동남아,다낭,"다낭,인천,호이안",,다낭/호이안/후에,다낭,휴양형,http://dimgcdn.lottetour.com/TN/fd/fd75b72f8213304f7fa21335d2486397.tn.300x200.jpg,2025-07-04 14:34:43,2026-03-20 13:53:50
58695,1,B27A-0758695,"부산 [신라호텔의 첫걸음, 격이 다른 신라모노그램] 다낭 ,호이안 5일",▶[신라모노그램],◎ 신라호텔의 새로운 라이프스타일 호텔 [자유시간 3회 X 호이안 야경투어][특별GIFT_미니바&망고빙수][미슐랭 2회+호텔식 1회_5大특식][전신마사지 1회][ 다낭 3大 대표간식],"신라호텔의 새로운 라이프스타일 호텔 런칭! 2022년 GRAND OPEN! 전 일정 다낭에서 가장 아름다운 논누억 비치 앞에 위치한 '신라모노그램 다낭' 호텔 숙박 호텔식 2회 포함 5大 특식 제공 자유시간 3회 포함, 식사부터 특전까지 차별화된 구성의 롯데관광 다낭 상품! 다낭은 롯데관광으로 간다낭!",정통,패키지,일반패키지,동남아,다낭,"다낭,부산,호이안",,다낭/호이안,다낭,휴양형,http://dimgcdn.lottetour.com/TN/09/09f01cda512324b99fa09170a355297c.tn.300x200.png,2022-05-16 12:42:09,2026-03-20 18:40:10
62325,1,B27A-0762325,"부산 [NO옵션][모든 순간이 프리미엄, STAY IN SHILLA] 다낭 ,호이안 5일",▶[신라모노그램](롯데유일),"◎ [롯데관광 단독계약, 전일정 신라모노그램 다낭 숙박] [오전 자유시간 2회] [NO옵션/$230상당 특전] [3대야경( 다낭 X호이안X바나힐] [미슐랭 2회+호텔식 1회_6大특식] [스톤마사지 90분]","# 모든 순간이 프리미엄, STAY IN SHILLA ▣ 롯데관광 단독계약 신라호텔의 새로운 라이프스타일 호텔 런칭! └전 일정 다낭에서 가장 아름다운 논누억 비치 앞에 위치한 '신라모노그램 다낭' 호텔 숙박 ▣ 총 $230 상당 인기 필수관광 사전포함으로 부담없는 여행 ▣ 오전 자유시간 2회 + 바나힐/호이안 자유시간 1시간 제공, 총 자유시간 4회 제공 ▣3대 야경투어 (바나힐 X 호이안 X 다낭 시내 한강) ▣미슐랭 선정 맛집 2회 + 5성급 호텔식 1회 포함, 프리미엄 6大 특식 ▣데일리 스톤 전신마사지 (1회 90분)",정통,패키지,일반패키지,동남아,다낭,"다낭,호이안,부산",,NO옵션,다낭,휴양형,http://dimgcdn.lottetour.com/TN/09/09f01cda512324b99fa09170a355297c.tn.300x200.png,2024-07-16 14:20:21,2026-03-20 19:25:18
63143,1,B27A-0763143,"청주 [정통][완벽한 나의 N번째 여행] 다낭 ,호이안 5/6일",▶[힐튼],◎ [글로벌 5대 월드체인 '프리미엄' 5성급 호텔 숙박] [미슐랭선정 2회 포함 프리미엄 6大특식] [자유시간 3회(호텔오전1회+바나힐+호이안)] [신라 망고빙수 제공],"[격이 다른 여행, PREMIUM_HILTON DANANG] #글로벌 5대 월드체인 5성급 호텔 3연박 #자유시간 총 3회 제공(오전 자유시간 + 바나힐 1시간 + 호이안 1시간 제공) #롯데관광의 THE 특별한 혜택 ★ [2024 미슐랭 선정 2회 + 현지 인기 맛집 포함 6大 특식] ★바나힐 테마파크(케이블카 탑승+골든브릿지 등) [$70상당] ★호이안 야경투어(야시장, 연등구경, 소원초 띄우기) [$30상당] ★전신 마사지 1시간 [$20상당] ★5성급 호텔 신라 망고빙수 제공",정통,패키지,일반패키지,동남아,다낭,"다낭,호이안,청주",,베트남-다낭/호이안,다낭,휴양형,http://dimgcdn.lottetour.com/TN/42/42a0b982fb75df2982a1be40bc6bcda0.tn.300x200.jpg,2024-12-06 17:42:07,2025-07-11 18:59:44
64130,1,B27A-0764130,"부산 [NO옵션][완벽한 선택, 그리고 특별한 기억] 다낭 ,호이안 5일","▶[보코 마 벨 다낭 , IHG]",◎ [NO옵션 $230상당 관광] [데일리 마사지] [인터컨티넨탈그룹(IHG) 월드체인 호텔] [미슐랭선정 2회 포함 6大특식] [3대 야경투어(호이안+바나힐+ 다낭 )] [자유시간 2회(바나힐&호이안)],"[THE NEW, NEW 새로운 공간에서 새로운 다낭을 선보이다] # 클래스가 다른 롯데관광만의 차별화 혜택 ★2023년 OPEN, 인터컨티넨탈 호텔 그룹(IHG) 호텔 전 일정 숙박 ★총 $230 상당 인기 필수관광 사전포함으로 부담없는 여행 ★데일리 스톤 전신마사지 (1일 60분씩 총 3회) ★3대 야경투어 (바나힐 X 호이안 X 다낭 시내 한강) ★미슐랭 선정 맛집 2회 + 담당자 엄선 SNS맛집 포함, 프리미엄 6大 특식",정통,패키지,일반패키지,동남아,다낭,"다낭,호이안,부산",,다낭/호이안,다낭,휴양형,http://dimgcdn.lottetour.com/TN/d4/d483980554470a54941beab9782d5347.tn.300x200.jpg,2025-05-22 11:25:57,2026-03-20 18:40:10
65955,1,B27A-0765955,"부산 [0320_21 현대플러스][NO옵션][머무는 순간까지 ALL SUITE] 다낭 ,호이안 5/6일",▶[멜리아빈펄(스위트룸)],◎ [$300상당 포함관광] [전 일정 5성급 월드체인 스위트룸(DLB) 업그레이드] [미슐랭선정 2회 포함 + SNS 맛집 6大특식] [자유시간 5회(호텔오전+바나힐+호이안+한시장+선짜야시장)],"머무는 순간까지 ALL SUITE, #ALL PREMIUM, 롯데관광만의 차별화 혜택# ★전 일정 5성급 월드체인호텔 SUITE ROOM(DLB) 숙박 ★총 $300 상당 인기 필수관광 사전포함으로 부담없는 여행 ★자유시간 총 5회 제공(호텔 오전 + 바나힐 1시간 + 호이안 1시간 제공 + 한시장 1시간 + 선짜야시장 1시간) ★미슐랭 선정 맛집 2회 + 담당자 엄선 SNS맛집 포함, 프리미엄 6大 특식 ★2대 야경투어 (호이안 X 다낭 시내 한강)",정통,패키지,일반패키지,동남아,다낭,"다낭,호이안,부산",,NO옵션,다낭,휴양형,http://dimgcdn.lottetour.com/TN/70/70379769af9e1a2a1a974c92fb0af688.tn.300x200.png,2026-03-18 16:37:12,2026-03-20 18:40:26
65658,1,B27A-0765658,"[정통][야경이 완성하는 시그니처][NO옵션/쇼핑2회] 다낭 ,호이안 4/5일",▶[노보텔],"◎[ACCOR 계열 5성급 월드체인 호텔 숙박] [루프탑 수영장] [NO옵션/$300상당 특전 포함] [쇼핑단,2회] [미슐랭 선정 1회] [3대 야경(바나힐/호이안/ 다낭 )]","# 롯데관광이라 가능한 THE 차별화 혜택 옵션 ALL 포함 X $300상당 혜택! 쇼핑센터 3회 → 2회 방문으로 부담 DOWN! 한강 시내 중심 위치, 월드체인 5성급 '노보텔 다낭 프리미어 한강' 3연박 스톤 전신마사지 (60분 → 90분 업그레이드) 호이안 완전 정복 (아오자이1DAY체험, 풍등DIY, 호이안 야경투어) 3대 야경투어 (바나힐 X 호이안 X 다낭 시내 한강) 미슐랭 선정 맛집 1회 + SNS맛집 포함, 프리미엄 6大 특식 여행의 즐거움을 만끽할 수 있는 여유로운 일정, 자유시간 총 5회",정통,패키지,일반패키지,동남아,다낭,"다낭,인천,호이안",,NO옵션,다낭,휴양형,http://dimgcdn.lottetour.com/TN/96/960c37f08758321808b823747d122fd8.tn.300x200.jpg,2026-01-28 13:29:04,2026-03-18 14:25:28
64330,1,B27A-0764330,"청주 [정통][여행 그 이상의 경험] 다낭 ,호이안 5일",▶[코트야드 바이 메리어트](2025신규오픈),◎ ['2025'신규 OPEN 5성급 호텔] [씨티뷰→리버뷰 업그레이드] [미슐랭선정 3회 포함 차별화 6大특식] [럭셔리 인기 마샤지샵(팁 포함)] [2대 야경투어_호이안X바나힐] [자유시간 총 3회],"[여행 그 이상의 경험, SPECIAL MOMENT IN DANANG] #2025 신규 OPEN, 5성급 호텔 3연박 씨티뷰→리버뷰 #더 업그레이드 된 식사_2024 미슐랭 선정 3회 + 현지 인기 맛집 담당자 엄선 6大 특식 #낭만가득 여유가득, 2대 야경투어[바나힐X호이안] #자유시간 총 3회 전격보장(오전 자유시간 + 바나힐 1시간 + 호이안 1시간 제공) #색다른 여행 색다른 경험 IN 다낭 ★바나힐 테마파크(케이블카 탑승+골든브릿지 등) [$70상당] ★호이안 야경투어(야시장, 연등구경, 소원초 띄우기) [$30상당] ★지정샵 스톤 전신 마사지 90분 [$30상당] ★호이안 거리에 가득한 아름다운 풍등 DIY 클래스 [$10상당] ★후기 폭발_베트남 전통의상입고 인생샷 찰칵 [$10상당]",정통,패키지,일반패키지,동남아,다낭,"다낭,호이안,청주",,베트남-다낭/호이안,다낭,휴양형,http://dimgcdn.lottetour.com/TN/6a/6a10a6dcdd1e93930084f8815c5063b5.tn.300x200.jpg,2025-06-27 16:16:34,2026-01-12 09:27:06
58675,1,B27A-0758675,"[정통][신라호텔의 첫걸음, 격이 다른 신라모노그램 다낭 ] 다낭 ,호이안 4/5일",▶[신라모노그램](롯데유일),"◎ 롯데관광 단독계약, 신라호텔의 새로운 라이프스타일 호텔 [자유시간 3회][특별GIFT_미니바&망고빙수][미슐랭 2회+호텔식 1회_5大특식][전신마사지 1회][ 다낭 3大 대표간식]","롯데관광 단독계약 신라호텔의 새로운 라이프스타일 호텔 런칭! 전 일정 다낭에서 가장 아름다운 논누억 비치 앞에 위치한 '신라모노그램 다낭' 호텔 숙박 미슐랭 2회 + 호텔식 1회 포함 5大 특식 제공 자유시간 3회 포함, 식사부터 특전까지 차별화된 구성의 롯데관광 다낭 상품! 다낭은 롯데관광으로 간다낭!",정통,패키지,일반패키지,동남아,다낭,"다낭,인천,호이안",,다낭/호이안/후에,다낭,휴양형,http://dimgcdn.lottetour.com/TN/b9/b9021a2270a43d45d2ad58a3af7a7042.tn.300x200.jpg,2022-05-13 12:07:40,2026-03-16 17:03:49
64529,1,B27A-0764529,"★3월 프로모션★[정통][NO옵션][마음 속 쉼표가 필요할 때, HEALING IN] 다낭 ,호이안 4/5일",▶[멜리아 다낭 비치 리조트_신관UP],"◎ ['논누억비치' 위치, 멜리아 다낭 비치 리조트_신관 UP] [오전 자유시간 2회] [NO옵션/$210상당 특전] [3대야경] [미슐랭 2회+5성급 호텔식 1회 포함 6大특식] [#스톤마사지 90분]","[HEALING IN DANANG, 몸과 마음을 위한 힐링 여행] # 클래스가 다른 롯데관광만의 차별화 혜택 ★총 $210 상당 인기 필수관광 사전포함으로 부담없는 여행 ★'논누억비치' 위치 5성급 멜리아 다낭 비치 리조트 3연박 ★롯데관광 고객 리조트 신관 배정 ★오전 자유시간 2회 + 바나힐/호이안 자유시간 1시간 제공, 총 자유시간 4회 제공 ★3대 야경투어 (바나힐 X 호이안 X 다낭 시내 한강) ★미슐랭 선정 맛집 3회 + 담당자 엄선 SNS맛집 포함, 프리미엄 6大 특식 ★데일리 스톤 전신마사지 (1회 90분)",정통,패키지,일반패키지,동남아,다낭,"다낭,인천,호이안",,NO옵션,다낭,휴양형,http://dimgcdn.lottetour.com/TN/d7/d7905efc88a3fb3d01a4fc2af04aa072.tn.300x200.jpg,2025-08-04 15:44:44,2026-03-16 17:03:44
65911,1,B27A-0765911,"[0320_21 현대플러스][NO옵션][머무는 순간까지 ALL SUITE] 다낭 ,호이안 4/5일",▶[멜리아빈펄(스위트룸)],◎ [$300상당 포함관광] [전 일정 5성급 월드체인 스위트룸(DLB) 업그레이드] [미슐랭선정 2회 포함 + SNS 맛집 6大특식] [자유시간 5회(호텔오전+바나힐+호이안+한시장+선짜야시장)],"머무는 순간까지 ALL SUITE, #ALL PREMIUM, 롯데관광만의 차별화 혜택# ★전 일정 5성급 월드체인호텔 SUITE ROOM(DLB) 숙박 ★총 $300 상당 인기 필수관광 사전포함으로 부담없는 여행 ★자유시간 총 5회 제공(호텔 오전 + 바나힐 1시간 + 호이안 1시간 제공 + 한시장 1시간 + 선짜야시장 1시간) ★미슐랭 선정 맛집 2회 + 담당자 엄선 SNS맛집 포함, 프리미엄 6大 특식 ★2대 야경투어 (호이안 X 다낭 시내 한강)",정통,패키지,일반패키지,동남아,다낭,"다낭,인천,호이안",,다낭/호이안/후에,다낭,휴양형,http://dimgcdn.lottetour.com/TN/70/70379769af9e1a2a1a974c92fb0af688.tn.300x200.png,2026-03-12 16:14:28,2026-03-18 14:25:19
64108,1,B27A-0764108,"[정통][NO옵션][완벽한 선택, 그리고 특별한 기억] 다낭 ,호이안 4/5일","▶[보코 마 벨 다낭 , IHG]",◎ [NO옵션 $230상당 관광] [데일리 마사지] [인터컨티넨탈그룹(IHG) 월드체인 호텔] [미슐랭선정 2회 포함 6大특식] [3대 야경투어(호이안+바나힐+ 다낭 )] [자유시간 2회(바나힐&호이안)],"[THE NEW, NEW 새로운 공간에서 새로운 다낭을 선보이다] # 클래스가 다른 롯데관광만의 차별화 혜택 ★2023년 OPEN, 인터컨티넨탈 호텔 그룹(IHG) 호텔 전 일정 숙박 ★총 $230 상당 인기 필수관광 사전포함으로 부담없는 여행 ★데일리 스톤 전신마사지 (1일 60분씩 총 3회) ★3대 야경투어 (바나힐 X 호이안 X 다낭 시내 한강) ★미슐랭 선정 맛집 2회 + 담당자 엄선 SNS맛집 포함, 프리미엄 6大 특식",정통,패키지,일반패키지,동남아,다낭,"다낭,인천,호이안",,다낭/호이안/후에,다낭,휴양형,http://dimgcdn.lottetour.com/TN/c2/c2234b701fc6eea8caa37e1bbc0a99fa.tn.300x200.jpg,2025-05-20 14:52:24,2026-01-22 09:50:02
65262,1,B27A-0765262,"부산 [NO옵션][PREMIUM COLLECTION_모든 것이 특별한 ALL SUITE] 다낭 ,호이안 5일",▶[윈덤 솔레일(스위트룸)](2025 신규오픈),◎ ['2025'신규 OPEN 5성급 호텔] [디럭스룸→스위트룸(DLB)(씨뷰) 업그레이드] [미슐랭선정 3회 포함 + SNS 맛집 6大특식] [자유시간 5회(호텔오전+바나힐+호이안+한시장+선짜야시장)],"[PREMIUM COLLECTION] #ALL SUITE, 롯데관광만의 차별화 혜택# ★2025 신규 OPEN, 5성급 호텔 3연박 씨티뷰→파샬씨뷰 스위트룸 ★총 $320 상당 인기 필수관광 사전포함으로 부담없는 여행 ★차별화 이색 체험 (호이안 거리에 가득한 아름다운 풍등 DIY 클래스 + 후기 폭발_베트남 전통의상입고 인생샷 찰칵) ★자유시간 총 5회 제공( 호텔 오전 + 바나힐 1시간 + 호이안 1시간 + 한시장 1시간 + 선짜야시장 1시간 ) ★미슐랭 선정 맛집 3회 + 담당자 엄선 SNS맛집 포함, 프리미엄 6大 특식 ★3대 야경투어 (호이안 X 바나힐 X 다낭 시내 한강) ★새콤달콤 망고 도시락 (1인 1개 제공)",정통,패키지,일반패키지,동남아,다낭,"다낭,부산,호이안",,다낭/호이안,다낭,휴양형,http://dimgcdn.lottetour.com/TN/46/469f6edca84967ea597b521445adb013.tn.300x200.jpg,2025-12-04 13:59:30,2026-03-20 18:40:10
65953,1,B27A-0765953,부산 [자유여행][코트야드by메리어트],"▶ 다낭 ,호이안 5일",,,정통,패키지,자유패키지,동남아,다낭,"다낭,부산,호이안",,휴양 & 자유여행,다낭,휴양형,http://dimgcdn.lottetour.com/TN/6a/6a10a6dcdd1e93930084f8815c5063b5.tn.300x200.jpg,2026-03-18 13:59:45,2026-03-19 09:39:52
64189,1,B27A-0764189,"부산 [NO옵션][THE NEW PREMIUM 더할 나위 없는 완벽한] 다낭 ,호이안 5일",▶[힐튼],◎ [$280상당 포함관광] [글로벌 5대 월드체인 '프리미엄' 5성급 호텔 숙박] [미슐랭선정 3회 포함 + SNS 맛집 6大특식] [자유시간 4회(바나힐+호이안+한시장+선짜야시장)],"[THE NEW PREMIUM 더할 나위 없는 완벽한 다낭] #ALL PREMIUM, 롯데관광만의 차별화 혜택# ★글로벌 5대 월드체인 5성급 힐튼 호텔 다낭 3연박 ★총 $260 상당 인기 필수관광 사전포함으로 부담없는 여행 ★자유시간 총 3회 제공( 바나힐 1시간 + 호이안 1시간 제공 + 한시장 1시간 + 선짜야시장 1시간 ) ★미슐랭 선정 맛집 2회 + 담당자 엄선 SNS맛집 포함, 프리미엄 6大 특식 ★2대 야경투어 ( 호이안 X 다낭 시내 한강) ★새콤달콤 과일 도시락 (1인 1개 제공)",정통,패키지,일반패키지,동남아,다낭,"다낭,부산,호이안",,NO옵션,다낭,휴양형,http://dimgcdn.lottetour.com/TN/fd/fd75b72f8213304f7fa21335d2486397.tn.300x200.jpg,2025-06-05 10:13:56,2026-03-20 19:25:18
65248,1,B27A-0765248,"★3월 프로모션★[정통][NO옵션][PREMIUM COLLECTION] 다낭 ,호이안 4/5일",▶[윈덤 솔레일(스위트룸)](2025 신규오픈),◎ ['2025'신규 OPEN 5성급 호텔] [디럭스룸→스위트룸(DLB)(씨뷰) 업그레이드] [미슐랭선정 3회 포함 + SNS 맛집 6大특식] [자유시간 5회(호텔오전+바나힐+호이안+한시장+선짜야시장)],"[PREMIUM COLLECTION] #ALL SUITE, 롯데관광만의 차별화 혜택# ★2025 신규 OPEN, 5성급 호텔 3연박 씨티뷰→파샬씨뷰 스위트룸 ★총 $320 상당 인기 필수관광 사전포함으로 부담없는 여행 ★차별화 이색 체험 (호이안 거리에 가득한 아름다운 풍등 DIY 클래스 + 후기 폭발_베트남 전통의상입고 인생샷 찰칵) ★자유시간 총 5회 제공( 호텔 오전 + 바나힐 1시간 + 호이안 1시간 + 한시장 1시간 + 선짜야시장 1시간 ) ★미슐랭 선정 맛집 3회 + 담당자 엄선 SNS맛집 포함, 프리미엄 6大 특식 ★3대 야경투어 (호이안 X 바나힐 X 다낭 시내 한강) ★새콤달콤 망고 도시락 (1인 1개 제공)",정통,패키지,일반패키지,동남아,다낭,"다낭,인천,호이안",,NO옵션,다낭,휴양형,http://dimgcdn.lottetour.com/TN/46/469f6edca84967ea597b521445adb013.tn.300x200.jpg,2025-12-02 09:42:34,2026-02-27 17:19:33
63381,1,B27A-0763381,"XXX[정통][NO옵션][ 다낭 , 그 순간을 체크인: 잊지 못할 여행의 기록] 다낭 ,호이안 4/5일","▶[크라운 플라자 다낭 시티 센터, IHG]","◎ [NO옵션/$240상당 특전, 인기 선택관광 포함] [인터컨티넨탈그룹(IHG)_2025년 그랜드리오픈] [미슐랭선정 3회 포함 차별화 6大특식] [2대 야경투어] [자유시간 3회(호텔+바나힐+호이안)]","THE NEW, ALL 다낭/호이안 NO옵션_2025년 그랜드리오픈 5성급 '크라운 플라자 다낭 시티 센터' + 2대 야경투어(바나힐&호이안) + 차별화6大특식",정통,패키지,일반패키지,동남아,다낭,"다낭,인천,호이안",,NO옵션,다낭,휴양형,http://dimgcdn.lottetour.com/TN/e4/e447638f4c1f7bd6b50ba81cda2f017d.tn.300x200.jpg,2025-02-04 13:18:40,2026-01-16 17:36:44
63442,1,B27A-0763442,"★3월 프로모션★[정통][THE COLLECTION][NO팁/NO쇼핑][이 순간, 특별함을 담은 여행기록] 다낭 ,호이안 4/5일","▶[크라운 플라자 시티 센터, IHG]",◎ [$120상당 특전 사전포함] [2025년 그랜드리오픈_전 일정 5성급 월드체인 숙박] [평균단가 $15↑미슐랭선정식당 2회 + SNS맛집포함 5大특식] [2대 야경투어] [자유시간 5회],"THE NEW, ALL 다낭/호이안 NO팁/NO쇼핑_2025년 그랜드리오픈 5성급 '크라운 플라자 다낭 시티 센터' + 2대 야경투어(바나힐&호이안) + 차별화5大특식",정통,패키지,일반패키지,동남아,다낭,"다낭,인천,호이안",,다낭/호이안/후에,다낭,휴양형,http://dimgcdn.lottetour.com/TN/b0/b04960add9cbd2d8fefc6581026f5681.tn.300x200.jpg,2025-02-14 17:53:19,2026-02-27 17:17:41
65951,1,B27A-0765951,부산 [자유여행_풀빌라][메리어트 리조트 & 스파],"▶ 다낭 ,호이안 5일",,,정통,패키지,자유패키지,동남아,다낭,"다낭,부산,호이안",가족여행,다낭/호이안,다낭,휴양형,http://dimgcdn.lottetour.com/TN/12/12191baa3e9dab0e489b66438ece3330.tn.300x200.JPG,2026-03-18 10:22:46,2026-03-19 09:39:52
62145,1,B27A-0762145,"청주 [정통][미식ing][식사에 진심, 미식의 향연] 다낭 ,호이안 5일",▶[포포인츠 바이 쉐라톤],"◎ [미케비치 바로 앞, 5성급 월드체인 호텔 숙박] [호텔 오전 자유 1회+한시장 자유 1회] [바나힐&호이안완전정복] [미슐랭 선정 맛집 2회 + SNS맛집 + 한식 맛집 포함_6大차별화미식]","[미식ing 맛있는 다낭] #미케비치 바로 앞, 월드체인 5성급 호텔 3박 #오전 자유시간 1회 제공 #THE 특별한 혜택 - 바나힐 테마파크(케이블카 탑승+골든브릿지 등) [$70상당] - 호이안 야경투어(야시장, 연등구경, 소원초 띄우기) [$30상당] - 다낭대성당/한시장 1시간 자유시간 보장!! - 전신 마사지 60분 → 120분 업그레이드 [$40상당] - 망고가든, 망고빙수 1인 1개 제공 #THE 업그레이드된 차별화 미식투어 # 미슐랭선정+SNS맛집포함 차별화 유명 로컬맛집으로만 구성된 업그레이드 6大특식",정통,패키지,일반패키지,동남아,다낭,"다낭,호이안,청주",,베트남-다낭/호이안,다낭,휴양형,http://dimgcdn.lottetour.com/TN/71/713051d7a5cfb1a70d6028a7e8ad1b6e.tn.300x200.jpg,2024-06-21 13:22:45,2025-07-11 18:59:26
65139,1,B27A-0765139,"[홈쇼핑HIT][NO옵션][모든 순간이 프리미엄, STAY IN SHILLA] 다낭 ,호이안 4/5일",▶[신라모노그램](롯데유일),"◎ [롯데관광 단독계약, 전일정 신라모노그램 다낭 숙박] [오전 자유시간 2회] [NO옵션/$230상당 특전] [3대야경( 다낭 X호이안X바나힐] [미슐랭 2회+호텔식 1회_6大특식] [스톤마사지 90분]","# 모든 순간이 프리미엄, STAY IN SHILLA ▣ 롯데관광 단독계약 신라호텔의 새로운 라이프스타일 호텔 런칭! └전 일정 다낭에서 가장 아름다운 논누억 비치 앞에 위치한 '신라모노그램 다낭' 호텔 숙박 ▣ 총 $230 상당 인기 필수관광 사전포함으로 부담없는 여행 ▣ 오전 자유시간 2회 + 바나힐/호이안 자유시간 1시간 제공, 총 자유시간 4회 제공 ▣3대 야경투어 (바나힐 X 호이안 X 다낭 시내 한강) ▣미슐랭 선정 맛집 2회 + 5성급 호텔식 1회 포함, 프리미엄 6大 특식 ▣데일리 스톤 전신마사지 (1회 90분)",정통,패키지,일반패키지,동남아,다낭,"다낭,인천,호이안",,NO옵션,다낭,휴양형,http://dimgcdn.lottetour.com/TN/09/09f01cda512324b99fa09170a355297c.tn.300x200.png,2025-11-11 11:28:42,2026-03-09 07:55:33
63046,1,B27A-0763046,"청주 [다시, 푸른바다 미케비치 위에 서다][데일리마사지] 다낭 ,호이안 5일",▶[래디슨],"◎ [미케비치 바로 앞, 월드체인 호텔 숙박 #시티뷰→오션뷰] [데일리 마사지 1일 1회] [바나힐&호이안 야경투어] [미슐랭 선정 2회 + 5성급 호텔식 포함 차별화 6大특식][신라망고빙수]","다채로운 AMAZING 특전 BIG1. 데일로 마사지로 1일 1 마사지 ! 진정한 힐링 그 자체 BIG2. 포브스 선정 세계 6대 해변 '미케비치'가 펼쳐진 '디럭스 오션뷰' 무료UPGRADE BIG3. 빠질 수 없는 다낭X호이안 핵심 관광 포함 ① ★바나힐 테마파크(케이블카탑승+골든브릿지 등) ② 시내 관광(다낭 대성당, 마블마운틴, 린응사) ③ 다낭에 방문객 만족도 1위! 아오자이 체험 ① ★야경투어(야시장,연등구경,소원초 띄우기) ② ★투본강 보트투어 ③ 호이안 올드타운 관광 BIG4. 롯데관광이 준비한 특별 추가 특전 ① 성인 12명 이상 시 우리끼리 단독행사 진행 ② 신라모노그램 다낭 ‘망고빙수’ 제공 ③ 객실당 과일바구니 제공",정통,패키지,일반패키지,동남아,다낭,"다낭,호이안,청주",,베트남-다낭/호이안,다낭,휴양형,http://dimgcdn.lottetour.com/TN/5e/5e45c04806ce6d8608bb49b21c1c0c12.tn.300x200.jpg,2024-11-15 14:25:36,2026-01-12 09:26:55
64181,1,B27A-0764181,"청주 [NO옵션][ 다낭 , 그 순간을 체크인: 잊지 못할 여행의 기록] 다낭 ,호이안 5/6일","▶[크라운 플라자 다낭 시티 센터, IHG]","◎ [NO옵션/$240상당 특전, 인기 선택관광 포함] [인터컨티넨탈그룹(IHG)_2025년 그랜드리오픈] [미슐랭선정 3회 포함 차별화 6大특식] [2대 야경투어] [자유시간 3회(호텔+바나힐+호이안)]","THE NEW, ALL 다낭/호이안 NO옵션_2025년 그랜드리오픈 5성급 '크라운 플라자 다낭 시티 센터' + 2대 야경투어(바나힐&호이안) + 차별화6大특식",정통,패키지,일반패키지,동남아,다낭,"청주,다낭,호이안",,베트남-다낭/호이안,다낭,휴양형,http://dimgcdn.lottetour.com/TN/e4/e447638f4c1f7bd6b50ba81cda2f017d.tn.300x200.jpg,2025-06-02 08:59:00,2026-01-12 09:27:37
63437,1,B27A-0763437,"[정통][THE COLLECTION][NO팁/NO옵션/쇼핑2회][취향을 채우다, 더 특별해질 여행] 다낭 ,호이안 4/5일","▶[크라운 플라자 시티 센터, IHG]",◎ [$240상당 특전 사전포함] [2025년 그랜드리오픈_전 일정 5성급 월드체인 숙박] [미슐랭선정식당 2회 + SNS맛집포함 6大특식] [타사비교 必 2대 야경투어] [자유시간 3회(호텔오전+바나힐+호이안)],"옵션 ALL 포함 X $240상당 혜택! 가이드/기사경비 포함! 쇼핑센터 3회 → 2회 방문으로 부담 DOWN! 한강 시내 중심 위치, 2025년리오픈 '크라운 플라자 다낭 시티 센터' + 2대 야경투어(바나힐&호이안) + 차별화 6大특식 쫓기듯 진행하는 일정이 아닌 여유로운 패키지일정, 자유시간 총 3회 (호텔 오전 자유 + 바나힐 + 호이안)",정통,패키지,일반패키지,동남아,다낭,"다낭,인천,호이안",,THE COLLECTION,다낭,휴양형,http://dimgcdn.lottetour.com/TN/03/03483b55c8c1b0717017aae6e16a589e.tn.300x200.jpg,2025-02-14 15:58:24,2025-05-07 14:10:15
64133,1,B27A-0764133,"청주 [정통][NO옵션][완벽한 선택, 그리고 특별한 기억] 다낭 ,호이안 5/6일","▶[보코 마 벨 다낭 , IHG]",◎ [NO옵션 $230상당 관광] [데일리 마사지] [인터컨티넨탈그룹(IHG) 월드체인 호텔] [미슐랭선정 2회 포함 6大특식] [3대 야경투어(호이안+바나힐+ 다낭 )] [자유시간 2회(바나힐&호이안)],"[THE NEW, NEW 새로운 공간에서 새로운 다낭을 선보이다] # 클래스가 다른 롯데관광만의 차별화 혜택 ★2023년 OPEN, 인터컨티넨탈 호텔 그룹(IHG) 호텔 전 일정 숙박 ★총 $230 상당 인기 필수관광 사전포함으로 부담없는 여행 ★데일리 스톤 전신마사지 (1일 60분씩 총 3회) ★3대 야경투어 (바나힐 X 호이안 X 다낭 시내 한강) ★미슐랭 선정 맛집 2회 + 담당자 엄선 SNS맛집 포함, 프리미엄 6大 특식",정통,패키지,일반패키지,동남아,다낭,"청주,다낭,호이안",,베트남-다낭/호이안,다낭,휴양형,http://dimgcdn.lottetour.com/TN/d4/d483980554470a54941beab9782d5347.tn.300x200.jpg,2025-05-22 18:20:54,2025-07-11 18:59:19
64783,1,B27A-0764783,"청주 [정통][신라호텔의 첫걸음, 격이 다른 신라모노그램 다낭 ] 다낭 ,호이안 5일",▶[신라모노그램],◎ 신라호텔의 새로운 라이프스타일 호텔 [자유시간 3회 X 호이안 야경투어][특별GIFT_미니바&망고빙수][미슐랭 2회+호텔식 1회_5大특식][전신마사지 1회][ 다낭 3大 대표간식],"신라호텔의 새로운 라이프스타일 호텔 런칭! 2022년 GRAND OPEN! 전 일정 다낭에서 가장 아름다운 논누억 비치 앞에 위치한 '신라모노그램 다낭' 호텔 숙박 호텔식 2회 포함 5大 특식 제공 자유시간 3회 포함, 식사부터 특전까지 차별화된 구성의 롯데관광 다낭 상품! 다낭은 롯데관광으로 간다낭!",정통,패키지,일반패키지,동남아,다낭,"다낭,호이안,청주",,베트남-다낭/호이안,다낭,휴양형,http://dimgcdn.lottetour.com/TN/09/09f01cda512324b99fa09170a355297c.tn.300x200.png,2025-09-12 17:02:18,2026-01-12 09:27:16
64455,1,B27A-0764455,"★3월 프로모션★[정통][THE COLLECTION][NO팁/NO옵션/쇼핑1회][마음에 남는 여행의 한 페이지] 다낭 ,호이안 4/5일",▶[노보텔],"◎ [가이드/기사경비 포함] [NO옵션/$250상당 특전 포함] [쇼핑단,1회] [데일리 마사지] [미슐랭 선정 3회] [ACCOR 계열 5성급 월드체인 호텔 숙박] [3대 야경(바나힐/호이안/ 다낭 )]","# 클래스가 다른 롯데관광만의 THE 차별화 혜택 옵션 ALL 포함 X $250상당 혜택! 가이드/기사경비 포함! 쇼핑센터 3회 → 1회 방문으로 부담 DOWN! 한강 시내 중심 위치, 월드체인 5성급 '노보텔 다낭 프리미어 한강' 3연박 데일리 스톤 전신마사지 (1일 60분씩 총 3회) 3대 야경투어 (바나힐 X 호이안 X 다낭 시내 한강) 미슐랭 선정 맛집 3회 + SNS맛집 포함, 프리미엄 6大 특식 여행의 즐거움을 만끽할 수 있는 여유로운 일정, 자유시간 총 2회 (바나힐 + 호이안)",정통,패키지,일반패키지,동남아,다낭,"다낭,인천,호이안",,THE COLLECTION,다낭,휴양형,http://dimgcdn.lottetour.com/TN/96/960c37f08758321808b823747d122fd8.tn.300x200.jpg,2025-07-21 14:58:23,2026-03-16 17:03:38
65271,1,B27A-0765271,"대구 [NO옵션][PREMIUM COLLECTION_모든 것이 특별한 ALL SUITE] 다낭 ,호이안 5일",▶[윈덤 솔레일(스위트룸)](2025 신규오픈),◎ ['2025'신규 OPEN 5성급 호텔] [디럭스룸→스위트룸(DLB)(씨뷰) 업그레이드] [미슐랭선정 3회 포함 + SNS 맛집 6大특식] [자유시간 5회(호텔오전+바나힐+호이안+한시장+선짜야시장)],"[PREMIUM COLLECTION] #ALL SUITE, 롯데관광만의 차별화 혜택# ★2025 신규 OPEN, 5성급 호텔 3연박 씨티뷰→파샬씨뷰 스위트룸 ★총 $320 상당 인기 필수관광 사전포함으로 부담없는 여행 ★차별화 이색 체험 (호이안 거리에 가득한 아름다운 풍등 DIY 클래스 + 후기 폭발_베트남 전통의상입고 인생샷 찰칵) ★자유시간 총 5회 제공( 호텔 오전 + 바나힐 1시간 + 호이안 1시간 + 한시장 1시간 + 선짜야시장 1시간 ) ★미슐랭 선정 맛집 3회 + 담당자 엄선 SNS맛집 포함, 프리미엄 6大 특식 ★3대 야경투어 (호이안 X 바나힐 X 다낭 시내 한강) ★새콤달콤 망고 도시락 (1인 1개 제공)",정통,패키지,일반패키지,동남아,다낭,"다낭,호이안,대구",,NO옵션,다낭,휴양형,http://dimgcdn.lottetour.com/TN/46/469f6edca84967ea597b521445adb013.tn.300x200.jpg,2025-12-05 11:20:00,2026-03-18 11:11:09
64561,1,B27A-0764561,"청주 ▶Y25 NEW◀[정통][NO옵션][마음 속 쉼표가 필요할 때, HEALING IN] 다낭 ,호이안 4/5/6일",▶[멜리아 다낭 비치 리조트_신관UP],"◎ ['논누억비치' 위치, 멜리아 다낭 비치 리조트_신관 UP] [오전 자유시간 2회] [NO옵션/$210상당 특전] [3대야경] [미슐랭 2회+5성급 호텔식 1회 포함 6大특식] [#스톤마사지 90분]","[HEALING IN DANANG, 몸과 마음을 위한 힐링 여행] # 클래스가 다른 롯데관광만의 차별화 혜택 ★총 $210 상당 인기 필수관광 사전포함으로 부담없는 여행 ★'논누억비치' 위치 5성급 멜리아 다낭 비치 리조트 3연박 ★롯데관광 고객 리조트 신관 배정 ★오전 자유시간 2회 + 바나힐/호이안 자유시간 1시간 제공, 총 자유시간 4회 제공 ★3대 야경투어 (바나힐 X 호이안 X 다낭 시내 한강) ★미슐랭 선정 맛집 3회 + 담당자 엄선 SNS맛집 포함, 프리미엄 6大 특식 ★데일리 스톤 전신마사지 (1회 90분)",정통,패키지,일반패키지,동남아,다낭,"다낭,호이안,청주",,베트남-다낭/호이안,다낭,휴양형,http://dimgcdn.lottetour.com/TN/d7/d7905efc88a3fb3d01a4fc2af04aa072.tn.300x200.jpg,2025-08-08 15:33:09,2026-01-19 18:01:47
65720,1,B27A-0765720,"청주 [정통][야경이 완성하는 시그니처][NO옵션/쇼핑2회] 다낭 ,호이안 5일",▶[노보텔],"◎[ACCOR 계열 5성급 월드체인 호텔 숙박] [루프탑 수영장] [NO옵션/$300상당 특전 포함] [쇼핑단,2회] [미슐랭 선정 1회] [3대 야경(바나힐/호이안/ 다낭 )]","# 롯데관광이라 가능한 THE 차별화 혜택 옵션 ALL 포함 X $300상당 혜택! 쇼핑센터 3회 → 2회 방문으로 부담 DOWN! 한강 시내 중심 위치, 월드체인 5성급 '노보텔 다낭 프리미어 한강' 3연박 스톤 전신마사지 (60분 → 90분 업그레이드) 호이안 완전 정복 (아오자이1DAY체험, 풍등DIY, 호이안 야경투어) 3대 야경투어 (바나힐 X 호이안 X 다낭 시내 한강) 미슐랭 선정 맛집 1회 + SNS맛집 포함, 프리미엄 6大 특식 여행의 즐거움을 만끽할 수 있는 여유로운 일정, 자유시간 총 5회",정통,패키지,일반패키지,동남아,다낭,"다낭,호이안,청주",,베트남-다낭/호이안,다낭,휴양형,http://dimgcdn.lottetour.com/TN/96/960c37f08758321808b823747d122fd8.tn.300x200.jpg,2026-02-06 16:53:30,2026-03-09 13:12:49
63122,1,B27A-0763122,"부산 [THE COLLECTION][NO팁/NO옵션/쇼핑1회][마음에 남는 여행의 한 페이지] 다낭 ,호이안 5일",▶[노보텔],◎ [$250상당 특전 사전포함] [데일리 마사지] [ACCOR 계열 5성급 월드체인 호텔 숙박] [미슐랭선정 3회 포함 6大특식] [3대 야경투어(바나힐/호이안/ 다낭 시내] [자유시간 2회 제공],"# 클래스가 다른 롯데관광만의 THE 차별화 혜택 옵션 ALL 포함 X $250상당 혜택! 가이드/기사경비 포함! 쇼핑센터 3회 → 1회 방문으로 부담 DOWN! 한강 시내 중심 위치, 월드체인 5성급 '노보텔 다낭 프리미어 한강' 3연박 데일리 스톤 전신마사지 (1일 60분씩 총 3회) 3대 야경투어 (바나힐 X 호이안 X 다낭 시내 한강) 미슐랭 선정 맛집 3회 + SNS맛집 포함, 프리미엄 6大 특식 여행의 즐거움을 만끽할 수 있는 여유로운 일정, 자유시간 총 2회 (바나힐 + 호이안)",정통,패키지,일반패키지,동남아,다낭,"다낭,호이안,부산",,다낭/호이안,다낭,휴양형,http://dimgcdn.lottetour.com/TN/96/960c37f08758321808b823747d122fd8.tn.300x200.jpg,2024-12-04 15:48:17,2026-03-08 20:54:39
64198,1,B27A-0764198,"청주 [NO옵션][THE NEW PREMIUM] 다낭 ,호이안 5/6일",▶[힐튼],◎ [NO옵션 $260상당 포함관광] [글로벌 5대 월드체인 '프리미엄' 5성급 호텔] [미슐랭선정 2회 포함 + SNS 맛집 6大특식] [자유시간 5회(호텔오전+바나힐+호이안+한시장+선짜야시장)],"[THE NEW PREMIUM 더할 나위 없는 완벽한 다낭] #ALL PREMIUM, 롯데관광만의 차별화 혜택# ★글로벌 5대 월드체인 5성급 힐튼 호텔 다낭 3연박 ★총 $260 상당 인기 필수관광 사전포함으로 부담없는 여행 ★자유시간 총 3회 제공( 바나힐 1시간 + 호이안 1시간 제공 + 한시장 1시간 + 선짜야시장 1시간 ) ★미슐랭 선정 맛집 2회 + 담당자 엄선 SNS맛집 포함, 프리미엄 6大 특식 ★2대 야경투어 ( 호이안 X 다낭 시내 한강) ★새콤달콤 과일 도시락 (1인 1개 제공)",정통,패키지,일반패키지,동남아,다낭,"청주,다낭,호이안",,베트남-다낭/호이안,다낭,휴양형,http://dimgcdn.lottetour.com/TN/fd/fd75b72f8213304f7fa21335d2486397.tn.300x200.jpg,2025-06-05 17:24:09,2026-01-29 17:40:26
65264,1,B27A-0765264,"청주 [THE COLLECTION][NO옵션][모든 순간이 프리미엄, STAY IN SHILLA] 다낭 ,호이안 5일",▶[신라모노그램](롯데유일),"◎ [롯데관광 단독계약, 전일정 신라모노그램 다낭 숙박] [오전 자유시간 2회] [NO옵션/$230상당 특전] [3대야경( 다낭 X호이안X바나힐] [미슐랭 2회+호텔식 1회_6大특식] [스톤마사지 90분]","# 모든 순간이 프리미엄, STAY IN SHILLA ▣ 롯데관광 단독계약 신라호텔의 새로운 라이프스타일 호텔 런칭! └전 일정 다낭에서 가장 아름다운 논누억 비치 앞에 위치한 '신라모노그램 다낭' 호텔 숙박 ▣ 총 $230 상당 인기 필수관광 사전포함으로 부담없는 여행 ▣ 오전 자유시간 2회 + 바나힐/호이안 자유시간 1시간 제공, 총 자유시간 4회 제공 ▣3대 야경투어 (바나힐 X 호이안 X 다낭 시내 한강) ▣미슐랭 선정 맛집 2회 + 5성급 호텔식 1회 포함, 프리미엄 6大 특식 ▣데일리 스톤 전신마사지 (1회 90분)",정통,패키지,일반패키지,동남아,다낭,"다낭,호이안,청주",,베트남-다낭/호이안,다낭,휴양형,http://dimgcdn.lottetour.com/TN/04/041b6f7d53319daa7e26866a02dd7660.tn.300x200.jpg,2025-12-04 15:19:00,2026-02-25 19:58:34
63424,1,B27A-0763424,"★3월 프로모션★[정통][THE COLLECTION][NO팁/NO옵션/NO쇼핑][지금 여기에, 우리가 원하는 모든 것] 다낭 ,호이안 4/5일",▶[윈덤 솔레일](2025 신규오픈),◎ [$210상당 특전 사전포함] [2025년 신규오픈_전 일정 5성급 월드체인 숙박] [평균단가 $15↑미슐랭선정식당 2회 + SNS맛집포함 5大특식] [2대 야경투어] [자유시간 5회],"ALL 포함 옵션! 부담스러운 쇼핑센터 방문 NO! 가이드/기사경비까지 多포함! 2025년 신규오픈 5성급 '윈덤솔레일' 디럭스 파샬 오션뷰 3연박 + 2대 야경투어(바나힐&호이안) + 차별화 5大특식 쫓기듯 진행하는 일정이 아닌 여유로운 패키지일정, 자유시간 총 5회 (호텔 오전 자유 + 바나힐 + 호이안 + 한시장 + 롯데마트)",정통,패키지,일반패키지,동남아,다낭,"다낭,인천,호이안",,다낭/호이안/후에,다낭,휴양형,http://dimgcdn.lottetour.com/TN/ed/ed20b4d5327780c891ced30f9d0d167f.tn.300x200.png,2025-02-13 13:51:27,2026-02-27 17:17:34
64549,1,B27A-0764549,"#판매종료# 대구 [NO옵션][마음 속 쉼표가 필요할 때, HEALING IN] 다낭 ,호이안 5일",▶[멜리아 다낭 비치 리조트_신관UP],"◎ ['논누억비치' 위치, 멜리아 다낭 비치 리조트_신관 UP] [오전 자유시간 2회] [NO옵션/$210상당 특전] [3대야경( 다낭 X호이안X바나힐] [미슐랭 3회 포함 6大특식] [#스톤마사지 90분]","[HEALING IN DANANG, 몸과 마음을 위한 힐링 여행] # 클래스가 다른 롯데관광만의 차별화 혜택 ★총 $210 상당 인기 필수관광 사전포함으로 부담없는 여행 ★'논누억비치' 위치 5성급 멜리아 다낭 비치 리조트 3연박 ★롯데관광 고객 리조트 신관 배정 ★오전 자유시간 2회 + 바나힐/호이안 자유시간 1시간 제공, 총 자유시간 4회 제공 ★3대 야경투어 (바나힐 X 호이안 X 다낭 시내 한강) ★미슐랭 선정 맛집 3회 + 담당자 엄선 SNS맛집 포함, 프리미엄 6大 특식 ★데일리 스톤 전신마사지 (1회 90분)",정통,패키지,일반패키지,동남아,다낭,"다낭,호이안,대구",,NO옵션,다낭,휴양형,http://dimgcdn.lottetour.com/TN/50/509f45c3b68d1aa6622de1aca48e7f94.tn.300x200.jpg,2025-08-07 14:26:50,2026-03-04 10:00:34
65973,1,B27A-0765973,"대구 [0320_21 현대플러스][NO옵션][머무는 순간까지 ALL SUITE] 다낭 ,호이안 5/6일",▶[멜리아빈펄(스위트룸)],◎ [$300상당 포함관광] [전 일정 5성급 월드체인 스위트룸(DLB) 업그레이드] [미슐랭선정 2회 포함 + SNS 맛집 6大특식] [자유시간 5회(호텔오전+바나힐+호이안+한시장+선짜야시장)],"머무는 순간까지 ALL SUITE, #ALL PREMIUM, 롯데관광만의 차별화 혜택# ★전 일정 5성급 월드체인호텔 SUITE ROOM(DLB) 숙박 ★총 $300 상당 인기 필수관광 사전포함으로 부담없는 여행 ★자유시간 총 5회 제공(호텔 오전 + 바나힐 1시간 + 호이안 1시간 제공 + 한시장 1시간 + 선짜야시장 1시간) ★미슐랭 선정 맛집 2회 + 담당자 엄선 SNS맛집 포함, 프리미엄 6大 특식 ★2대 야경투어 (호이안 X 다낭 시내 한강)",정통,패키지,일반패키지,동남아,다낭,"다낭,호이안,대구",,NO옵션,다낭,휴양형,http://dimgcdn.lottetour.com/TN/70/70379769af9e1a2a1a974c92fb0af688.tn.300x200.png,2026-03-19 14:41:53,2026-03-20 19:07:14
65261,1,B27A-0765261,"청주 [정통][NO옵션][PREMIUM COLLECTION_모든 것이 특별한 ALL SUITE] 다낭 ,호이안 5일",▶[윈덤 솔레일(스위트룸)](2025 신규오픈),◎ ['2025'신규 OPEN 5성급 호텔] [디럭스룸→스위트룸(DLB)(씨뷰) 업그레이드] [미슐랭선정 3회 포함 + SNS 맛집 6大특식] [자유시간 5회(호텔오전+바나힐+호이안+한시장+선짜야시장)],"[PREMIUM COLLECTION] #ALL SUITE, 롯데관광만의 차별화 혜택# ★2025 신규 OPEN, 5성급 호텔 3연박 씨티뷰→파샬씨뷰 스위트룸 ★총 $320 상당 인기 필수관광 사전포함으로 부담없는 여행 ★차별화 이색 체험 (호이안 거리에 가득한 아름다운 풍등 DIY 클래스 + 후기 폭발_베트남 전통의상입고 인생샷 찰칵) ★자유시간 총 5회 제공( 호텔 오전 + 바나힐 1시간 + 호이안 1시간 + 한시장 1시간 + 선짜야시장 1시간 ) ★미슐랭 선정 맛집 3회 + 담당자 엄선 SNS맛집 포함, 프리미엄 6大 특식 ★3대 야경투어 (호이안 X 바나힐 X 다낭 시내 한강) ★새콤달콤 망고 도시락 (1인 1개 제공)",정통,패키지,일반패키지,동남아,다낭,"다낭,호이안,청주",,베트남-다낭/호이안,다낭,휴양형,http://dimgcdn.lottetour.com/TN/46/469f6edca84967ea597b521445adb013.tn.300x200.jpg,2025-12-04 13:45:27,2026-01-03 15:51:40
64523,1,B27A-0764523,"청주 [정통][NO팁/NO옵션/쇼핑1회][마음에 남는 여행의 한 페이지] 다낭 ,호이안 5일",▶[노보텔],"◎ [가이드/기사경비 포함] [NO옵션/$250상당 특전 포함] [쇼핑단,1회] [데일리 마사지] [미슐랭 선정 3회] [ACCOR 계열 5성급 월드체인 호텔 숙박] [3대 야경(바나힐/호이안/ 다낭 )]","# 클래스가 다른 롯데관광만의 THE 차별화 혜택 옵션 ALL 포함 X $250상당 혜택! 가이드/기사경비 포함! 쇼핑센터 3회 → 1회 방문으로 부담 DOWN! 한강 시내 중심 위치, 월드체인 5성급 '노보텔 다낭 프리미어 한강' 3연박 데일리 스톤 전신마사지 (1일 60분씩 총 3회) 3대 야경투어 (바나힐 X 호이안 X 다낭 시내 한강) 미슐랭 선정 맛집 3회 + SNS맛집 포함, 프리미엄 6大 특식 여행의 즐거움을 만끽할 수 있는 여유로운 일정, 자유시간 총 2회 (바나힐 + 호이안)",정통,패키지,일반패키지,동남아,다낭,"다낭,호이안,청주",,베트남-다낭/호이안,다낭,휴양형,http://dimgcdn.lottetour.com/TN/96/960c37f08758321808b823747d122fd8.tn.300x200.jpg,2025-08-01 16:51:21,2026-01-12 09:27:27
64157,1,B27A-0764157,"★3월 프로모션★[BEST][NO옵션][THE NEW PREMIUM 더할 나위 없는 완벽한] 다낭 ,호이안 4/5일",▶[힐튼],◎ [$280상당 포함관광] [글로벌 5대 월드체인 '프리미엄' 5성급 호텔 숙박] [미슐랭선정 3회 포함 + SNS 맛집 6大특식] [자유시간 4회(바나힐+호이안+한시장+선짜야시장)],"[THE NEW PREMIUM 더할 나위 없는 완벽한 다낭] #ALL PREMIUM, 롯데관광만의 차별화 혜택# ★글로벌 5대 월드체인 5성급 힐튼 호텔 다낭 3연박 ★총 $280 상당 인기 필수관광 사전포함으로 부담없는 여행 ★자유시간 총 4회 제공( 바나힐 1시간 + 호이안 1시간 제공 + 한시장 1시간 + 선짜야시장 1시간 ) ★미슐랭 선정 맛집 3회 + 담당자 엄선 SNS맛집 포함, 프리미엄 6大 특식 ★2대 야경투어 ( 호이안 X 다낭 시내 한강) ★새콤달콤 과일 도시락 (1인 1개 제공)",정통,패키지,일반패키지,동남아,다낭,"다낭,인천,호이안",,다낭/호이안/후에,다낭,휴양형,http://dimgcdn.lottetour.com/TN/fd/fd75b72f8213304f7fa21335d2486397.tn.300x200.jpg,2025-05-27 14:50:15,2026-03-17 10:19:03
56926,1,B27A-0756926,부산 [ 다낭 골프패키지 18H*3회][멜리아빈펄],▶ 다낭 골프 5일,,,정통,패키지,일반패키지,동남아,다낭,"다낭,부산",,부산출발 골프,다낭,휴양형,http://dimgcdn.lottetour.com/TN/fd/fd46ddbac9269695a0eb600b250568a4.tn.300x200.jpg,2019-10-31 15:15:48,2026-03-19 09:39:52
63619,1,B27A-0763619,"[정통][THE COLLECTION][NO팁/NO옵션/NO쇼핑][영원히 기억 될 감동, 신라모노그램] 다낭 ,호이안 4/5일",▶[신라모노그램](롯데관광 단독계약),◎ [NO팁+NO옵션+NO쇼핑] [부담스러운 쇼핑은 NO] [비교필수_자유시간 6회(호텔오전2회+바나힐+호이안+한시장+롯데마트)] [$210 상당 특전 사.전.포.함] [호텔식 2회_5大특식],"ALL 포함 옵션! 부담스러운 쇼핑센터 방문 NO! 가이드/기사경비까지 多포함! 신라호텔의 새로운 라이프스타일 호텔 런칭! 2022년 GRAND OPEN! 전 일정 다낭에서 가장 아름다운 논누억 비치 앞에 위치한 '신라모노그램 다낭' 호텔 숙박 + 차별화 5大특식 쫓기듯 진행하는 일정이 아닌 여유로운 패키지일정, 자유시간 총 5회 (호텔 오전 자유 2회 + 바나힐 + 호이안 + 롯데마트)",정통,패키지,일반패키지,동남아,다낭,"다낭,인천,호이안",,다낭/호이안/후에,다낭,휴양형,http://dimgcdn.lottetour.com/TN/04/041b6f7d53319daa7e26866a02dd7660.tn.300x200.jpg,2025-03-07 11:30:55,2025-05-07 14:10:15
65472,1,B27A-0265472,"부산 [비즈니스_대한항공][다시, 푸른바다 미케비치 위에 서다] 다낭 ,호이안 5일",▶[래디슨],"◎ [미케비치 바로 앞, 월드체인 호텔 숙박 #시티뷰→오션뷰] [데일리 마사지 1일 1회] [바나힐&호이안 야경투어] [미슐랭 선정 2회 + 5성급 호텔식 포함 차별화 6大특식][신라망고빙수]","다채로운 AMAZING 특전 BIG1. 데일로 마사지로 1일 1 마사지 ! 진정한 힐링 그 자체 BIG2. 포브스 선정 세계 6대 해변 '미케비치'가 펼쳐진 '디럭스 오션뷰' 무료UPGRADE BIG3. 빠질 수 없는 다낭X호이안 핵심 관광 포함 ① ★바나힐 테마파크(케이블카탑승+골든브릿지 등) ② 시내 관광(다낭 대성당, 마블마운틴, 린응사) ③ 다낭에 방문객 만족도 1위! 아오자이 체험 ① ★야경투어(야시장,연등구경,소원초 띄우기) ② ★투본강 보트투어 ③ 호이안 올드타운 관광 BIG4. 롯데관광이 준비한 특별 추가 특전 ① 성인 12명 이상 시 우리끼리 단독행사 진행 ② 신라모노그램 다낭 ‘망고빙수’ 제공 ③ 객실당 과일바구니 제공",품격,패키지,일반패키지,동남아,다낭,"다낭,부산,호이안",,다낭/호이안,다낭,휴양형,http://dimgcdn.lottetour.com/TN/5e/5e45c04806ce6d8608bb49b21c1c0c12.tn.300x200.jpg,2026-01-02 18:25:12,2026-03-11 08:59:20
59880,1,B27A-0259880,"[품격][NO팁/NO옵션/NO쇼핑][하얏트의 품격, 3일간의 기록] 다낭 ,호이안 4/5일",▶[하얏트 리젠시],◎ [NO팁+NO옵션+NO쇼핑] [미슐랭 맛집 2회+자유여행객 PICK 맛집] [바나힐&1DAY 호이안 완전정복] [자유시간 총 5회 :바나힐&호이안 2시간 자유시간+호텔오전2회+한시장],"NO팁+NO옵션+NO쇼핑으로 즐기는 부담없는 여행! 호텔 중식 포함 전 일정 자유여행객들이 선택한 유명 맛집 식사 진행! 핵심 관광 포함은 물론, 오전 호텔 자유시간 + 핵심 관광지 개별 자유시간 보장까지! 내가 원하던 바로 그 여행, 다낭으로 떠나보세요~",품격,패키지,일반패키지,동남아,다낭,"다낭,인천,호이안",,다낭/호이안/후에,다낭,휴양형,http://dimgcdn.lottetour.com/TN/97/97a91d8fac5dbf7d1f233032a497f032.tn.300x200.png,2023-04-19 11:50:10,2025-12-18 19:57:59
65464,1,B27A-0265464,"부산 [비즈니즈_대한항공][NO옵션][THE NEW PREMIUM 더할 나위 없는 완벽한] 다낭 ,호이안 5일",▶[힐튼],◎ [$280상당 포함관광] [글로벌 5대 월드체인 '프리미엄' 5성급 호텔 숙박] [미슐랭선정 3회 포함 + SNS 맛집 6大특식] [자유시간 4회(바나힐+호이안+한시장+선짜야시장)],"[THE NEW PREMIUM 더할 나위 없는 완벽한 다낭] #ALL PREMIUM, 롯데관광만의 차별화 혜택# ★글로벌 5대 월드체인 5성급 힐튼 호텔 다낭 3연박 ★총 $260 상당 인기 필수관광 사전포함으로 부담없는 여행 ★자유시간 총 3회 제공( 바나힐 1시간 + 호이안 1시간 제공 + 한시장 1시간 + 선짜야시장 1시간 ) ★미슐랭 선정 맛집 2회 + 담당자 엄선 SNS맛집 포함, 프리미엄 6大 특식 ★2대 야경투어 ( 호이안 X 다낭 시내 한강) ★새콤달콤 과일 도시락 (1인 1개 제공)",품격,패키지,일반패키지,동남아,다낭,"다낭,부산,호이안",,다낭/호이안,다낭,휴양형,http://dimgcdn.lottetour.com/TN/42/42a0b982fb75df2982a1be40bc6bcda0.tn.300x200.jpg,2026-01-02 15:31:06,2026-03-11 08:59:20
65556,1,B27A-0265556,부산 [PRIVATE TOUR][NO팁/NO옵션/NO쇼핑] 다낭 5일,▶[힐튼](이그제큐티브룸UP),"['프라이빗 하게' 2인부터 출발확정][현지 추가비용 無][식당실명제,미슐랭 포함 프리미엄 차별화 5大특식][리조트內스파+유명스파샵(팁포함)][호텔부대시설완벽정복!(호텔자유시간 총4회)]",[THE COLLECTION] 완벽한 여행의 기준이 되는 PREMIUM NO팁/옵션/쇼핑 + 프리미엄 국적기 대한항공 왕복 탑승으로 시작부터 끝까지 더 품격있는 여행 월드체인 '힐튼' 호텔에서의 오전 자유시간 3회 + 리조트 內 알라만다 스파 1회 제공 5성급 리조트식 + 인기 맛집리스트로 꽉 채운 차별화 5大특식 + 호이안 인기 반미 제공,품격,패키지,일반패키지,동남아,다낭,"다낭,후에,호이안,부산",,다낭/호이안,다낭,휴양형,http://dimgcdn.lottetour.com/TN/42/42a0b982fb75df2982a1be40bc6bcda0.tn.300x200.jpg,2026-01-15 15:17:49,2026-03-18 09:14:37
65537,1,B27A-0265537,대구 [품격][PRIVATE TOUR][NO팁/NO옵션/NO쇼핑] 다낭 5일,▶[힐튼](이그제큐티브룸UP),"['프라이빗 하게' 2인부터 출발확정][현지 추가비용 無][식당실명제,미슐랭 포함 프리미엄 차별화 5大특식][리조트內스파+유명스파샵(팁포함)][호텔부대시설완벽정복!(호텔자유시간 총4회)]",[THE COLLECTION] 완벽한 여행의 기준이 되는 PREMIUM NO팁/옵션/쇼핑 + 프리미엄 국적기 대한항공 왕복 탑승으로 시작부터 끝까지 더 품격있는 여행 월드체인 '힐튼' 호텔에서의 오전 자유시간 3회 + 리조트 內 알라만다 스파 1회 제공 5성급 리조트식 + 인기 맛집리스트로 꽉 채운 차별화 5大특식 + 호이안 인기 반미 제공,품격,패키지,일반패키지,동남아,다낭,"다낭,호이안,대구",,★PRIVATE_TOUR★,다낭,휴양형,http://dimgcdn.lottetour.com/TN/42/42a0b982fb75df2982a1be40bc6bcda0.tn.300x200.jpg,2026-01-15 09:39:51,2026-03-13 09:16:17
65440,1,B27A-0265440,[품격][PRIVATE TOUR][NO팁/NO옵션/NO쇼핑] 다낭 5일,▶[힐튼](이그제큐티브룸UP),"['프라이빗 하게' 2인부터 출발확정][현지 추가비용 無][식당실명제,미슐랭 포함 프리미엄 차별화 5大특식][리조트內스파+유명스파샵(팁포함)][호텔부대시설완벽정복!(호텔자유시간 총4회)]",[THE COLLECTION] 완벽한 여행의 기준이 되는 PREMIUM NO팁/옵션/쇼핑 + 프리미엄 국적기 대한항공 왕복 탑승으로 시작부터 끝까지 더 품격있는 여행 월드체인 '힐튼' 호텔에서의 오전 자유시간 3회 + 리조트 內 알라만다 스파 1회 제공 5성급 리조트식 + 인기 맛집리스트로 꽉 채운 차별화 5大특식 + 호이안 인기 반미 제공,품격,패키지,일반패키지,동남아,다낭,"다낭,후에,인천,호이안",신성장,다낭,다낭,휴양형,http://dimgcdn.lottetour.com/TN/42/42a0b982fb75df2982a1be40bc6bcda0.tn.300x200.jpg,2025-12-29 16:55:06,2026-01-21 18:45:04
65570,1,B27A-0765570,"청주 [PRIVATE TOUR][NO옵션/NO팁/NO쇼핑] 다낭 ,호이안 5/6일",▶[힐튼],◎ [NO옵션 $260상당 포함관광] [NO팁/NO쇼핑] [글로벌 5대 월드체인 '프리미엄' 5성급 호텔] [미슐랭선정 2회 포함 + SNS 맛집 6大특식] [자유시간 5회(호텔오전+바나힐+호이안+한시장+선짜야시장)],"[THE NEW PREMIUM 더할 나위 없는 완벽한 다낭] #ALL PREMIUM, 롯데관광만의 차별화 혜택# ★글로벌 5대 월드체인 5성급 힐튼 호텔 다낭 3연박 ★총 $260 상당 인기 필수관광 사전포함으로 부담없는 여행 ★자유시간 총 3회 제공( 바나힐 1시간 + 호이안 1시간 제공 + 한시장 1시간 + 선짜야시장 1시간 ) ★미슐랭 선정 맛집 2회 + 담당자 엄선 SNS맛집 포함, 프리미엄 6大 특식 ★2대 야경투어 ( 호이안 X 다낭 시내 한강) ★새콤달콤 과일 도시락 (1인 1개 제공)",정통,패키지,일반패키지,동남아,다낭,"청주,다낭,호이안",,베트남-다낭/호이안,다낭,휴양형,http://dimgcdn.lottetour.com/TN/fd/fd75b72f8213304f7fa21335d2486397.tn.300x200.jpg,2026-01-15 19:10:49,2026-01-19 10:44:06
64458,1,B27A-0664458,[HIGH&][비즈니스/클래스][4명단독 출발가능][NO팁/NO옵션/NO쇼핑][선택이 아닌 기준이 되는 완벽한 여행기록] 다낭 5일,"▶[크라운 플라자 시티 센터, IHG]",▷4명 단독 출발가능│ 롯데관광이 만든 고품격 프리미엄 브랜드 [HIGH&],"그저 좋은 여행이 아닌, 잘 만든 완벽한 여정 [HIGH&] 다낭 하이클래스로 만나는 품격있는 여행 NO팁/옵션/쇼핑 + 비즈니스 클래스 탑승으로 시작부터 끝까지 더 품격있는 하이클래스 여행 2025년 그랜드오픈 인터컨티넨탈 그룹 (IHG) 월드체인 5성급 '크라운 플라자 다낭 시티 센터' + 오전 자유시간 1회 2대 야경투어(바나힐/호이안) + 2대 시장 투어 (한시장/롯데마트) + 5성급 월드체인 內 스파 1회 제공 미슐랭 선정 3회 포함 SNS 인기 맛집리스트로 꽉 채운 차별화6大특식 + 호이안 인기 MOT 연꽃잎차 한잔 제공",HIGH&,패키지,일반패키지,동남아,다낭,"다낭,인천,호이안",,다낭/호이안/후에,다낭,휴양형,http://dimgcdn.lottetour.com/TN/b0/b04960add9cbd2d8fefc6581026f5681.tn.300x200.jpg,2025-07-21 17:46:52,2026-01-07 14:17:16
65458,1,B27A-0265458,[품격][비즈니스 클래스][PRIVATE TOUR][NO팁/NO옵션/NO쇼핑] 다낭 5일,▶[힐튼](이그제큐티브룸UP),"['프라이빗 하게' 2인부터 출발확정][현지 추가비용 無][식당실명제, 미슐랭 포함 프리미엄 차별화 5大특식][리조트內스파+유명스파샵(팁포함)][호텔부대시설완벽정복!(호텔자유시간 총4회)]",[THE COLLECTION] 완벽한 여행의 기준이 되는 PREMIUM NO팁/옵션/쇼핑 + 대한항공 비즈니스 클래스 탑승으로 시작부터 끝까지 더 품격있는 여행 월드체인 '힐튼' 호텔에서의 오전 자유시간 3회 + 리조트 內 알라만다 스파 1회 제공 5성급 리조트식 + 인기 맛집리스트로 꽉 채운 차별화 5大특식 + 호이안 인기 반미 제공,품격,패키지,일반패키지,동남아,다낭,"다낭,후에,인천,호이안",신성장,다낭,다낭,휴양형,http://dimgcdn.lottetour.com/TN/42/42a0b982fb75df2982a1be40bc6bcda0.tn.300x200.jpg,2025-12-31 17:51:10,2026-01-07 15:05:47
65322,1,B27A-0265322,[품격][PRIVATE TOUR][NO팁/NO옵션/NO쇼핑] 다낭 5일,▶[인터컨티넨탈 다낭 ],"['프라이빗 하게' 2인부터 출발확정][현지 추가비용 無][바나힐OR후에, 원하는 일정으로 선택가능][식당실명제, 미슐랭 포함 프리미엄 차별화 6大특식][리조트內스파+유명스파샵(팁포함)]",[THE COLLECTION] 완벽한 여행의 기준이 되는 PREMIUM NO팁/옵션/쇼핑 + 프리미엄 국적기 대한항공 왕복 탑승으로 시작부터 끝까지 더 품격있는 여행 '인터컨티넨탈 다낭 썬 페닌슐라 리조트'에서의 오전 자유시간 3회 + 리조트 內 알라만다 스파 1회 제공 5성급 리조트식 + 인기 맛집리스트로 꽉 채운 차별화 6大특식 + 호이안 인기 반미 제공,품격,패키지,일반패키지,동남아,다낭,"다낭,인천,호이안,후에",신성장,다낭/호이안/후에,다낭,휴양형,http://dimgcdn.lottetour.com/TN/27/2764e05bca656fce1ee756c5440c77a9.tn.300x200.JPG,2025-12-16 15:44:16,2026-01-21 18:45:04
65350,1,B27A-0265350,"[품격][비즈니스 클래스][PRIVATE TOUR][NO팁/NO옵션/NO쇼핑] 다낭 4,5일",▶[인터컨티넨탈 다낭 ],"['프라이빗 하게' 2인부터 출발확정][현지 추가비용 無][바나힐OR후에, 원하는 일정으로 선택가능][식당실명제, 미슐랭 포함 프리미엄 차별화 6大특식][리조트內스파+유명스파샵(팁포함)]",[PRIVATE TOUR] 완벽한 여행의 기준이 되는 PREMIUM NO팁/옵션/쇼핑 + 대한항공 비즈니스 클래스 탑승으로 시작부터 끝까지 더 품격있는 여행 '인터컨티넨탈 다낭 썬 페닌슐라 리조트'에서의 오전 자유시간 3회 + 리조트 內 알라만다 스파 1회 제공 5성급 리조트식 + 인기 맛집리스트로 꽉 채운 차별화 6大특식 + 호이안 인기 반미 제공,품격,패키지,일반패키지,동남아,다낭,"다낭,후에,인천,호이안",신성장,다낭,다낭,휴양형,http://dimgcdn.lottetour.com/TN/e2/e27e8cf2920ee6d3e3c174b7d2aec0c3.tn.300x200.JPG,2025-12-18 15:31:39,2026-01-08 16:59:44
58681,1,B30A-0858681,★3월 예약 한정 특가★ 인천 - 나트랑 왕복 항공권,▶TICKET ONLY,*항공권 ONLY 상품입니다.,*항공권 ONLY 상품입니다.,실속,패키지,일반패키지,동남아,나트랑/달랏/무이네,"인천,나트랑",,나트랑,나트랑,휴양형,http://dimgcdn.lottetour.com/TN/ab/abe5d15ca8050df2071130aef52d2751.tn.300x200.jpg,2022-05-13 15:25:27,2026-03-20 16:31:37
58808,1,B30A-0758808,"★3월 프로모션★[정통][쉼이 머무는 완벽한 순간] 나트랑 ,달랏 5일",▶[모벤픽(오션뷰) X 멀펄],[전 일정 5성급 호텔 숙박][ 나트랑 '파노라마 오션뷰' 월드체인+23년 12월 오픈 달랏 호텔][$130상당 핵심관광][모벤픽리조트 LUNCH 포함 6대특식+달랏 감성 카페 포함 2대 간식&디저트],"업그레이드를 더 하다! 최근 가장 HOT한 베트남의 유니크 휴양 고원도시 '달랏' 에서부터 '동양의 나폴리' 아름다운 해안 휴양도시 '나트랑' 까지 '전 객실 씨뷰 룸 제공' 나트랑 5성급 월드체인 리조트 '모벤픽 리조트 캄란' 23년 12월 그랜드오픈한 신상 달랏 5성호텔 '멀펄 달랏 호텔' 나트랑 월드체인 모벤픽 리조트 조식/중식(1회) 포함 & 반나절 자유시간 제공 랑비앙 전망대, 플라워가든, 달랏 야시장, 랑팜 디저트카페 등 총 $130상당 스페셜 특전 '롯데관광 차별화 특식' 포함 총 6大 특식 제공! 가성비와 가심비를 모두 잡은 나트랑,달랏 여행 오직 롯데관광에서만 누릴 수 있는 특전과 나트랑,달랏의 아름다움을 직접 경험해보세요♪",정통,패키지,일반패키지,동남아,나트랑/달랏/무이네,"달랏,인천,나트랑",,나트랑/달랏,나트랑,휴양형,http://dimgcdn.lottetour.com/TN/ce/ced27566055b7f86438ebfd75103b358.tn.300x200.jpg,2022-06-22 15:04:40,2026-03-20 16:32:47
65150,1,B30A-0765150,"[주말특가][정통][손잡고 걷는 해변, 그 순간의 행복] 나트랑 ,달랏 5일",▶[베스트웨스턴 프리미어],[전 일정 5성급 월드체인 호텔 '베스트웨스턴 프리미어' 숙박][랑비앙마운틴+짚차투어&전망대 등 핵심 관광지 ALL포함][담당자 엄선 차별화 6대 특식]['핫플레이스' 달랏 야시장 방문],"◈롯데관광 2026 BRAND NEW◈ 푸른 바다와 여유, 베트남 대표 휴양지 '나트랑', 동화 같은 도시, 낭만이 넘치는 청정 고원 '달랏' ◎ 전 일정 5성급 월드체인 호텔 포함, 베스트웨스턴 상위 브랜드 '베스트웨스턴 프리미어' 나트랑 3연박 ◎ 식당실명제, 씨푸드 맛집부터 미슐랭 분점 현지식 맛집까지 ◎ 배고플 틈이 없는 여행 ! 아보카도 아이스크림 제공 ◎ 나트랑과 달랏의 낮부터 밤까지 완/전/정/복 인기 관광지 ALL포함 나트랑과 달랏에서의 완벽한 여행을 롯데관광과 함께하세요♪",정통,패키지,일반패키지,동남아,나트랑/달랏/무이네,"달랏,인천,나트랑",,나트랑/달랏,나트랑,휴양형,http://dimgcdn.lottetour.com/TN/74/743787086d980dfefbde9d87ff4d945a.tn.300x200.jpg,2025-11-12 18:28:48,2026-03-20 17:44:21
63201,1,B30A-0763201,"★3월 프로모션★[정통][최고의 여행, 품위있는 휴식] 나트랑 ,달랏 5일",▶[쉐라톤(2박) X 멀펄],[월드체인 쉐라톤(오션뷰) 2연박 포함 전 일정 5성급 호텔 숙박][최고인기옵션 포함 핵심관광][쉐라톤 오전자유&루프탑 야경 포함]['쉐라톤 씨푸드 디너 뷔페 포함' 6대특식+열대과일 시식],"HEALING WITH 나트랑&달랏 '동양의 나폴리' 아름다운 해안 휴양도시 '나트랑'에서부터 '영원한 봄의 도시' 동화 속 휴양 고원도시 '달랏'까지 모두 즐기자! '세계 최대규모의 호텔체인 메리어트의 프리미엄 브랜드' + 나트랑 시내 중심에 위치한 5성급 호텔 '쉐라톤 나트랑 호텔' 23년 12월 그랜드오픈 신상 달랏 5성호텔 '멀펄 달랏 호텔' 나트랑 오전 반나절 자유시간 제공 쉐라톤 씨푸드 디너 뷔페 포함 호텔식 2회, '식당실명제' 차별화 6大 특식 쉐라톤 루프탑에서 나트랑 해변을 한눈에! 랑비앙 전망대, 다딴라폭포 루지체험, 달랏 야시장, 전신마사지 1시간 등 총 $140상당 스페셜 특전 오직 롯데관광에서만 누릴 수 있는 특전과 나트랑,달랏의 아름다움을 직접 경험해",정통,패키지,일반패키지,동남아,나트랑/달랏/무이네,"달랏,인천,나트랑",,나트랑/달랏,나트랑,휴양형,http://dimgcdn.lottetour.com/TN/20/2020a6e197b63264cdfd2e6343143988.tn.300x200.jpg,2024-12-23 11:47:53,2026-03-06 13:27:21
64955,1,B30A-0764955,"[정통][황금빛 해변, 푸른 바다의 만남] 나트랑 ,달랏 5일",▶[베스트웨스턴 프리미어(오션뷰) X 골든 선],[전 일정 5성급 호텔 숙박][5성급 월드체인 호텔 오전 자유시간][총 $140상당 핵심특전][담당자 선정 6대 특식][2대 지역명물 간식+ 나트랑 유명 카페 방문][핫플레이스 달랏 야시장 방문],"◈롯데관광 2026 BRAND NEW◈ 눈부시게 아름다운 나트랑과 온화한 고산지대 달랏이 만나다 나트랑에서부터 달랏 완/전/정/복 $140 상당의 핵심관광&특전 완전 보장! 롯데관광 시그니처 담당자가 직접 선정한 자신있는 식당 실명제, 6大 특식 제공! 달콤한 휴식을 직접 맛보다! 2大 디저트 제공! 여유로운 휴식까지! 카페 방문 ♬롯데관광에서 즐겨보세요♬",정통,패키지,일반패키지,동남아,나트랑/달랏/무이네,"달랏,인천,나트랑",,나트랑/달랏,나트랑,휴양형,http://dimgcdn.lottetour.com/TN/b4/b4bae5b22577a5e556ca32ea93241158.tn.300x200.jpg,2025-10-14 11:24:46,2026-03-10 11:15:18
63250,1,B30A-0763250,"부산[정통][최고의 여행, 품위있는 휴식] 나트랑 ,달랏 5일",▶[쉐라톤(2박) X 멀펄],['전 객실 오션뷰' 나트랑 월드체인 호텔 X '23년 12월 오픈' 달랏 호텔][쉐라톤 호텔 자유시간有][쉐라톤 씨푸드뷔페 포함_차별화 6大특식][만족도1위옵션_다딴라폭포 루지(왕복) 포함],"HEALING WITH 나트랑&달랏 '동양의 나폴리' 아름다운 해안 휴양도시 '나트랑'에서부터 '영원한 봄의 도시' 동화 속 휴양 고원도시 '달랏'까지 모두 즐기자! '세계 최대규모의 호텔체인 메리어트의 프리미엄 브랜드' + 나트랑 시내 중심에 위치한 5성급 호텔 '쉐라톤 나트랑 호텔' 23년 12월 그랜드오픈 신상 달랏 5성호텔 '멀펄 달랏 호텔' 나트랑 오전 반나절 자유시간 제공 쉐라톤 씨푸드 뷔페 포함 호텔식 2회, '식당실명제' 차별화 6大 특식 쉐라톤 루프탑에서 나트랑 해변을 한눈에! 랑비앙 전망대, 다딴라폭포 루지체험, 달랏 야시장, 전신마사지 1시간 등 총 $140상당 스페셜 특전 오직 롯데관광에서만 누릴 수 있는 특전과 나트랑,달랏의 아름다움을 직접 경험해보세요",정통,패키지,일반패키지,동남아,나트랑/달랏/무이네,"달랏,나트랑,부산",,나트랑/달랏,나트랑,휴양형,http://dimgcdn.lottetour.com/TN/20/2020a6e197b63264cdfd2e6343143988.tn.300x200.jpg,2025-01-03 15:19:51,2026-03-20 18:01:08
65197,1,B30A-0765197,"부산[정통][손잡고 걷는 해변, 그 순간의 행복] 나트랑 ,달랏 5일",▶[베스트웨스턴 프리미어],[전 일정 5성급 월드체인 호텔 '베스트웨스턴 프리미어' 숙박][랑비앙마운틴+짚차투어&전망대 등 핵심 관광지 ALL포함][담당자 엄선 차별화 6대 특식]['핫플레이스' 달랏 야시장 방문],"◈롯데관광 2026 BRAND NEW◈ 푸른 바다와 여유, 베트남 대표 휴양지 '나트랑', 동화 같은 도시, 낭만이 넘치는 청정 고원 '달랏' ◎ 전 일정 5성급 월드체인 호텔 포함, 베스트웨스턴 상위 브랜드 '베스트웨스턴 프리미어' 나트랑 3연박 ◎ 식당실명제, 씨푸드 맛집부터 미슐랭 분점 현지식 맛집까지 ◎ 배고플 틈이 없는 여행 ! 아보카도 아이스크림 제공 ◎ 나트랑과 달랏의 낮부터 밤까지 완/전/정/복 인기 관광지 ALL포함 나트랑과 달랏에서의 완벽한 여행을 롯데관광과 함께하세요♪",정통,패키지,일반패키지,동남아,나트랑/달랏/무이네,"달랏,나트랑,부산",,나트랑/달랏,나트랑,휴양형,http://dimgcdn.lottetour.com/TN/74/743787086d980dfefbde9d87ff4d945a.tn.300x200.jpg,2025-11-19 13:55:16,2026-03-20 18:01:07
65141,1,B30A-0765141,"[주말특가][정통][ 나트랑 의 푸른해변과 달랏의 청정자연 품으로] 나트랑 ,달랏 5/6일",▶[멜리아(스위트룸) X 베스트웨스턴 프리미어],"[전 일정 5성급 월드체인 호텔 숙박][만족도 높은 나트랑 &달랏 이색 관광 및 체험][현지 대표 맛집 포함, 엄선된 차별화 6대특식][센스만점 디테일, 베트남 대표 간식 4종 제공]","▶BRAND NEW◀ '꿈꾸던 여행, 품위있는 휴식' 푸른 바다와 여유, 베트남 대표 휴양지 '나트랑', 동화 같은 도시, 낭만이 넘치는 청정 고원 '달랏' ◎ 전 일정 5성급 월드체인 호텔 포함, 나트랑 멜리아 빈펄 엠파이어 '스위트룸' 업그레이드 숙박 + 달랏에서 보기 드문 월드체인 5성급 베스트웨스턴 프리미어 2연박 ◎ '식당실명제' 스테이크 맛집, 씨푸드 맛집까지 ◎ 배고플 틈이 없는 여행 ! 베트남 대표 간식 4종 제공 ◎ 나트랑과 달랏의 낮부터 밤까지 완/전/정/복 인기 관광지 ALL포함 나트랑과 달랏에서의 꿈꾸던 휴식을 롯데관광과 함께하세요♪",정통,패키지,일반패키지,동남아,나트랑/달랏/무이네,"달랏,인천,나트랑",,나트랑/달랏,나트랑,휴양형,http://dimgcdn.lottetour.com/TN/72/72dcb8e0aec560962aa9ba1e1de905bd.tn.300x200.jpg,2025-11-11 17:27:45,2026-03-20 16:30:31
65179,1,B30A-0765179,"부산[정통][ 나트랑 의 푸른해변과 달랏의 청정자연 품으로] 나트랑 ,달랏 5일/6일",▶[멜리아(스위트룸) X 베스트웨스턴 프리미어],"[전 일정 5성급 월드체인 호텔 숙박][만족도 높은 나트랑 &달랏 이색 관광 및 체험][현지 대표 맛집 포함, 엄선된 차별화 6대특식][센스만점 디테일, 베트남 대표 간식 4종 제공]","▶BRAND NEW◀ '꿈꾸던 여행, 품위있는 휴식' 푸른 바다와 여유, 베트남 대표 휴양지 '나트랑', 동화 같은 도시, 낭만이 넘치는 청정 고원 '달랏' ◎ 전 일정 5성급 월드체인 호텔 포함, 나트랑 멜리아 빈펄 엠파이어 '스위트룸' 업그레이드 숙박 + 달랏에서 보기 드문 ◎ 현지식 맛집까지 ◎ 배고플 틈이 없는 여행 ! 베트남 대표 간식 4종 제공 ◎ 나트랑과 달랏의 낮부터 밤까지 완/전/정/복 인기 관광지 ALL포함 나트랑과 달랏에서의 꿈꾸던 휴식을 롯데관광과 함께하세요♪",정통,패키지,일반패키지,동남아,나트랑/달랏/무이네,"달랏,나트랑,부산",,나트랑/달랏,나트랑,휴양형,http://dimgcdn.lottetour.com/TN/72/72dcb8e0aec560962aa9ba1e1de905bd.tn.300x200.jpg,2025-11-14 14:24:02,2026-03-20 18:00:37
65837,1,B30A-0765837,"[주말특가][홈쇼핑HIT][정통][NO옵션][푸른 휴양의 도시 나트랑 과 영원한 봄의 도시 달랏] 나트랑 ,달랏 5일",▶[래디슨블루(오션뷰) X 멀펄],[전 일정 5성급 호텔 숙박][ 나트랑 '오션뷰' 월드체인 리조트+오전 자유시간 1회][총 $270상당 핵심 관광 및 체험 포함][씨푸드 맛집 포함 식당실명제 6대특식+애프터눈 티],"◈2026년 BRAND NEW 따끈따끈 신.규.상.품 다양한 힐링POINT가 포함 되어있는 나트랑,달랏 동양의 나폴리라고 불리는 해안 휴양도시 '나트랑'부터 최근 가장 HOT한 베트남의 유니크 휴양 청정자연 고원도시 '달랏'까지 ◆ 나트랑 5성급 월드체인 리조트 '래디슨 블루 캄란' ◆ 달랏 內 보기 드문 5성급 호텔 '멀펄 달랏 호텔' ◆ 총 $270상당, NO옵션으로 즐기는 나트랑, 달랏 관광! ◆ 식당 실명제 '롯데관광 차별화 특식' 제공! 꿈꾸던 완벽한 그 여행, 롯데관광과 함께 해보세요~♪",정통,패키지,일반패키지,동남아,나트랑/달랏/무이네,"달랏,인천,나트랑",,나트랑/달랏,나트랑,휴양형,http://dimgcdn.lottetour.com/TN/99/99ee6520986cb5bae6867390449a8363.tn.300x200.jpg,2026-03-03 18:15:55,2026-03-20 16:30:50
63865,1,B30A-0763865,부산[NO팁/NO옵션/5성호텔][머드온천+전신마사지 2회+랑비엥 짚차+천국의계단+레일바이크+야간시티투어],▶ 나트랑 +달랏 5일,"◎ [전 일정 5성급 호텔][달랏 23년 12월오픈 신상 5성 호텔 숙박][추가경비 ZERO, 인기옵션 ALL 포함+특전 UPGRADE][비교필수! 전통마사지 90분+120분 2회포함]",,정통,패키지,일반패키지,동남아,나트랑/달랏/무이네,"달랏,나트랑,부산",,나트랑/달랏,나트랑,휴양형,http://dimgcdn.lottetour.com/TN/71/718066235f3734f49b3a74593172aa18.tn.300x200.jpg,2025-04-04 16:14:31,2026-03-13 18:49:40
62976,1,B30A-0762976,"대구 [NO팁/NO옵션] 나트랑 ,달랏 5일/6일",▶머드온천+마사지2회,◎ 노팁!! 노옵션!!,부담을 줄인 #NO옵션 상품 패키지 여행,정통,패키지,일반패키지,동남아,나트랑/달랏/무이네,"달랏,나트랑,대구",,NO옵션,나트랑,휴양형,http://dimgcdn.lottetour.com/TN/71/718066235f3734f49b3a74593172aa18.tn.300x200.jpg,2024-11-04 17:28:02,2026-03-18 11:11:42
65144,1,B30A-0765144,"★3월 프로모션★[정통][NO옵션][섬세하게 준비된 힐링] 나트랑 ,달랏 5/6일",▶[베스트웨스턴 프리미어(오션뷰) X 멀펄],[총 $280상당_만족도 높은 옵션 ALL 포함][ 나트랑 5성월드체인 호텔 오션뷰+오전 자유시간][달랏 랜드마크 5성급 호텔 숙박][2大야시장 완/전/정/복][지역 인기맛집 엄선 차별화 6대 특식],"고민, 걱정 ZERO! 인기 옵션들로만 구성된 진짜 패키지! 푸른 바다가 매력적인 나트랑에서부터 아름다운 고원도시 달랏까지 ◆ 나트랑, 달랏 2대 야시장 완/전/정/복 ◆ 전통 마사지 60분 → 90분 업그레이드로 나른한 하루 ◆ 꽃향기 가득한 봄의 도시 달랏의 플라워 정원 ◆ 랑비앙 마운틴에서의 짜릿한 짚차투어까지! 롯데관광과 함께 즐겨보세요♬",정통,패키지,일반패키지,동남아,나트랑/달랏/무이네,"달랏,인천,나트랑",,나트랑/달랏,나트랑,휴양형,http://dimgcdn.lottetour.com/TN/64/6457fc029cbf0c36c8c7e8449088ad31.tn.300x200.jpg,2025-11-12 14:29:32,2026-03-20 16:32:47
64693,1,B30A-0764693,"★3월 프로모션★[정통][NO옵션][두 도시, 두 감성 그리고 나의 여행] 나트랑 ,달랏 5일",▶[베스트웨스턴 프리미어(2박) X 골든 선],[총 $320상당 만족도 보장 인기 옵션 ALL 포함][5성급 월드체인 호텔 내 여유로운 오전 자유시간 1회 제공][전 일정 5성급 호텔][담당자 선정 6大 특식][차별화 된 핵심 관광 및 체험 포함],"NO옵션으로 편안하고 부담없는 진정한 여행 즐기자! '동양의 나폴리' 아름다운 해안 휴양도시 '나트랑'에서부터 '영원한 봄의 도시'라 불리우는 동화 속 휴양 고원도시 '달랏'까지 핵심일정으로만 구성 + 총 $320상당의 특전 완/전/보/장 5성급 월드체인호텔에서의 2연박+오션뷰+오전 자유시간 1회 제공 '식당실명제' 차별화 6大 특식 제공 오직 롯데관광에서만 누릴 수 있는 특전과 나트랑,달랏의 아름다움을 직접 경험해보세요♪",정통,패키지,일반패키지,동남아,나트랑/달랏/무이네,"달랏,인천,나트랑",,NO옵션,나트랑,휴양형,http://dimgcdn.lottetour.com/TN/7b/7b7935fa28f7b5668adf4a60083d37b4.tn.300x200.jpg,2025-09-01 10:56:59,2026-03-20 16:32:47
64555,1,B30A-0764555,"[0320,21_현대플러스][정통][NO옵션][온전한 여유, 가득한 경험] 나트랑 ,달랏 5일",▶[멜리아(스위트룸) 2박 X 베스트웨스턴 프리미어],"[전 일정 5성급 월드체인 호텔 숙박][이유있는 자신감, '식당 실명제'+3종 간식][ 나트랑 천연 힐링_머드온천+허브탕&워터파크 포함][낮부터 밤까지 알차게, 나트랑 &달랏 야간 투어 포함]","[NO옵션] 호텔부터 식사까지 엄선해서, 진정한 '休'+'食' 패키지 푸른 바다와 여유, 베트남 대표 휴양지 '나트랑', 동화 같은 도시, 낭만이 넘치는 청정 고원 '달랏' ◎ 전 일정 5성급 호텔 포함, 나트랑 멜리아 빈펄 엠파이어 '스위트룸' 업그레이드 2연박 ! + 달랏에서 보기 드문 신상 5성 월드체인 호텔 베스트웨스턴 달랏 숙박 포함 ◎ 쉐라톤 씨푸드 뷔페 + 랍스터 포함, 미슐랭 빕구르망 본점의 맛을 그대로 옮긴 현지식 맛집까지 ◎ 배고플 틈이 없는 여행 ! 하루에 베트남 대표 간식 1개씩 제공 ◎ 나트랑과 달랏의 낮부터 밤까지 완/전/정/복 인기 관광지 ALL포함 나트랑과 달랏에서의 행복한 추억을 롯데관광과 함께 쌓아보세요♪",정통,패키지,일반패키지,동남아,나트랑/달랏/무이네,"달랏,인천,나트랑",,나트랑/달랏,나트랑,휴양형,http://dimgcdn.lottetour.com/TN/0d/0da044978bb4deca67db0b3d967ff1d1.tn.300x200.jpg,2025-08-08 11:31:41,2026-03-20 16:31:37
64973,1,B30A-0764973,"대구 [황금빛 해변, 푸른 바다의 만남] 나트랑 ,달랏 5일",▶[베스트웨스턴 프리미어 X 골든 선],[전 일정 5성급 호텔 숙박][5성급 월드체인 호텔 오전 자유시간][총 $140상당 핵심특전][담당자 선정 6대 특식][2대 지역명물 간식+ 나트랑 유명 카페 방문][핫플레이스 달랏 야시장 방문],"◈롯데관광 2025 BRAND NEW◈ 눈부시게 아름다운 나트랑과 온화한 고산지대 달랏이 만나다 나트랑에서부터 달랏 완/전/정/복 $140 상당의 핵심관광&특전 완전 보장! 롯데관광 시그니처 담당자가 직접 선정한 자신있는 식당 실명제, 6大 특식 제공! 달콤한 휴식을 직접 맛보다! 2大 디저트 제공! 여유로운 휴식까지! 카페 방문 ♬롯데관광에서 즐겨보세요♬",정통,패키지,일반패키지,동남아,나트랑/달랏/무이네,"달랏,나트랑,대구",,나트랑/달랏,나트랑,휴양형,http://dimgcdn.lottetour.com/TN/b4/b4bae5b22577a5e556ca32ea93241158.tn.300x200.jpg,2025-10-17 12:09:32,2026-03-20 19:31:31
65196,1,B30A-0765196,"부산[정통][NO옵션][섬세하게 준비된 힐링] 나트랑 ,달랏 5일/6일",▶[베스트웨스턴 프리미어 X 멀펄],[총 $280상당_만족도 높은 옵션 ALL 포함][ 나트랑 5성월드체인 호텔 오션뷰+오전 자유시간][달랏 랜드마크 5성급 호텔 숙박][2大야시장 완/전/정/복][지역 인기맛집 엄선 차별화 6대 특식],"고민, 걱정 ZERO! 인기 옵션들로만 구성된 진짜 패키지! 푸른 바다가 매력적인 나트랑에서부터 아름다운 고원도시 달랏까지 ◆ 나트랑, 달랏 2대 야시장 완/전/정/복 ◆ 전통 마사지 60분 → 90분 업그레이드로 나른한 하루 ◆ 꽃향기 가득한 봄의 도시 달랏의 플라워 정원 ◆ 랑비앙 마운틴에서의 짜릿한 짚차투어까지! 롯데관광과 함께 즐겨보세요♬",정통,패키지,일반패키지,동남아,나트랑/달랏/무이네,"달랏,나트랑,부산",,BEST 인기상품,나트랑,휴양형,http://dimgcdn.lottetour.com/TN/64/6457fc029cbf0c36c8c7e8449088ad31.tn.300x200.jpg,2025-11-19 13:20:31,2026-03-20 18:00:37
59382,1,B30A-0759382,"[정통][롯데유일][품격있는 숙박과 미식, 한 차원 높은 힐링] 나트랑 ,달랏 5일",▶[인터컨티넨탈(2박)(롯데관광 단독계약) X 멀펄],"[프리미엄 5성급 월드체인 인터컨티넨탈 나트랑 숙박][ 나트랑 시내 호텔 유일, 프라이빗 비치 보유][믿고 가는 '식당 실명제' 자유 여행객 맛집 포함][ 나트랑 /달랏 인기 관광지 포함]","베트남 핫플레이스 나트랑X달랏 '베트남의 나폴리' 아름다운 해안 휴양도시 '나트랑'에서부터 '영원한 봄의 도시'라 불리우는 동화 속 휴양 고원도시 '달랏'까지 모두 즐기자! 나트랑 NO.1 5성급 월드체인 호텔 '인터컨티넨탈 나트랑(또는 동급)' 23년 12월 달랏 신상 5성급 호텔 '멀펄 달랏 호텔(또는 동급)' 나트랑 월드체인 호텔에서의 오후 자유시간 제공 5성급 월드체인 쉐라톤 호텔 LUNCH 셋트 포함 일정 내 전식 차별화 특식 제공 오직 롯데관광에서만 누릴 수 있는 특전과 나트랑,달랏의 아름다움을 직접 경험해보세요♪",정통,패키지,일반패키지,동남아,나트랑/달랏/무이네,,,나트랑/달랏,나트랑,휴양형,http://dimgcdn.lottetour.com/TN/61/61345e6702a50cf5285612bb3781f1fe.tn.300x200.png,2022-12-14 12:18:20,2026-01-21 18:30:39
64933,1,B30A-0764933,"★3월 프로모션★[정통][NO옵션][피어나는 설렘, 따뜻한 감성] 나트랑 ,달랏 5일",▶[멜리아(스위트룸) X 멀펄],[총 $300상당의 핵심 특전 ALL포함][전신마사지 90분 2회][이색 머드온천 체험][월드체인 스위트룸 숙박 포함][전 일정 5성급 호텔 숙박][담당자 PICK 6대 특식+와이너리&감성카페 방문],[NO 옵션] 인기 있는 핵심 관광지만 방문! '동양의 나폴리' 아름다운 해안 휴양도시 '나트랑'에서부터 '영원한 봄의 도시'라 불리우는 동화 속 휴양 고원도시 '달랏'까지 모두 즐기자! 월드체인 5성급 호텔 스위트룸에서 즐기는 편안한 휴식 달랏에서 보기 드문 귀한 5성급 호텔 '멀펄 달랏' 비교필수 나트랑 명물! 머드온천+워터파크+허브탕까지 완전정복 랑비앙 마운틴에서 즐기는 짜릿한 짚차 투어 다딴라 폭포에서 가슴 뛰는 루지체험까지,정통,패키지,일반패키지,동남아,나트랑/달랏/무이네,"달랏,인천,나트랑",,NO옵션,나트랑,휴양형,http://dimgcdn.lottetour.com/TN/d7/d7efee6c6ee2c3435ce33fe38b438633.tn.300x200.jpg,2025-10-10 10:29:22,2026-03-20 16:32:47
59930,1,B30A-0759930,"청주[정통][쉼이 머무는 완벽한 순간] 나트랑 ,달랏 5일",▶[모벤픽(오션뷰) X 멀펄],◎ [전 일정 5성호텔_ 나트랑 '파노라마 씨뷰' 모벤픽 X 달랏 '23년 12월 신규오픈' 호텔][리조트 조/중식 포함&오전 자유시간][단체식당OUT&식당실명제_6대특식][주요관광지 완전정복],"업그레이드를 더 하다! 최근 가장 HOT한 베트남의 유니크 휴양 고원도시 '달랏' 에서부터 '동양의 나폴리' 아름다운 해안 휴양도시 '나트랑' 까지 '전 객실 씨뷰 룸 제공' 나트랑 5성급 월드체인 리조트 '모벤픽 리조트 캄란' 23년 12월 그랜드오픈한 신상 달랏 5성호텔 '멀펄 달랏 호텔' 나트랑 월드체인 모벤픽 리조트 조식/중식(1회) 포함 & 반나절 자유시간 제공 랑비앙 전망대, 마차투어, 달랏 야시장, 랑팜 디저트카페 등 총 $130상당 스페셜 특전 '롯데관광 차별화 특식' 포함 총 6大 특식 제공! 가성비와 가심비를 모두 잡은 나트랑,달랏 여행 오직 롯데관광에서만 누릴 수 있는 특전과 나트랑,달랏의 아름다움을 직접 경험해보세요♪",정통,패키지,일반패키지,동남아,나트랑/달랏/무이네,"달랏,나트랑,청주",,베트남-나트랑/달랏,나트랑,휴양형,http://dimgcdn.lottetour.com/TN/ce/ced27566055b7f86438ebfd75103b358.tn.300x200.jpg,2023-04-27 17:38:22,2026-03-17 22:27:59
65047,1,B30A-0765047,"부산[0321_홈앤쇼핑][정통][NO옵션][바다에 취하고 모래언덕에 물들다] 나트랑 ,무이네 5일/6일",▶[베스트웨스턴 프리미어 X 센타라 미라지],[전 일정 5성급 월드체인 호텔 숙박 포함][리조트 오전 자유시간 1회][무이네 2大 사막투어 완전 정복][인생샷 성지 방문][베트남 최대 규모 와인 캐슬방문][담당자 선별 6大 특식 제공],"아름다운 해변과 드넓은 사막 상반된 매력을 느끼다 베트남에서 사막을 만나다. SNS PICK 핫플레이스 이색 관광지 '무이네' '베트남의 나폴리' 아름다운 해안 휴양도시 '나트랑' 까지 전 일정 5성급 월드체인 호텔 숙박' 5성급 무이네 리조트에서의 여유로운 오전 자유시간 제공 '롯데관광 차별화 특식' 포함 총 6大 특식 제공! 오직 롯데관광에서만 누릴 수 있는 특전과 나트랑,무이네의 아름다움을 직접 경험해보세요♪",정통,패키지,일반패키지,동남아,나트랑/달랏/무이네,"나트랑,부산,판티엣",,나트랑/달랏,나트랑,휴양형,http://dimgcdn.lottetour.com/TN/0d/0dcd4e478d496b7135fc9f4374ce85ff.tn.300x200.jpg,2025-10-29 10:01:36,2026-03-20 19:22:57
65902,1,B30A-0765902,"부산[정통][NO옵션][푸른 휴양의 도시 나트랑 과 영원한 봄의 도시 달랏] 나트랑 ,달랏 5/6일",▶[래디슨블루(오션뷰) X 멀펄],[전 일정 5성급 호텔 숙박][ 나트랑 '오션뷰' 월드체인 리조트+오전 자유시간 1회][총 $270상당 핵심 관광 및 체험 포함][씨푸드 맛집 포함 식당실명제 6대특식+애프터눈 티],"◈2026년 BRAND NEW 따끈따끈 신.규.상.품 다양한 힐링POINT가 포함 되어있는 나트랑,달랏 동양의 나폴리라고 불리는 해안 휴양도시 '나트랑'부터 최근 가장 HOT한 베트남의 유니크 휴양 청정자연 고원도시 '달랏'까지 ◆ 나트랑 5성급 월드체인 리조트 '래디슨 블루 캄란' ◆ 달랏 內 보기 드문 5성급 호텔 '멀펄 달랏 호텔' ◆ 총 $270상당, NO옵션으로 즐기는 나트랑, 달랏 관광! ◆ 식당 실명제 '롯데관광 차별화 특식' 제공! 꿈꾸던 완벽한 그 여행, 롯데관광과 함께 해보세요~♪",정통,패키지,일반패키지,동남아,나트랑/달랏/무이네,"달랏,나트랑,부산",,나트랑/달랏,나트랑,휴양형,http://dimgcdn.lottetour.com/TN/99/99ee6520986cb5bae6867390449a8363.tn.300x200.jpg,2026-03-11 15:34:49,2026-03-20 18:01:07
65177,1,B30A-0765177,"대구 [ 나트랑 의 푸른해변과 달랏의 청정자연 품으로] 나트랑 ,달랏 5일/6일",▶[멜리아(스위트룸) X 베스트웨스턴 프리미어],"[전 일정 5성급 월드체인 호텔 숙박][만족도 높은 나트랑 &달랏 이색 관광 및 체험][현지 대표 맛집 포함, 엄선된 차별화 6대특식][센스만점 디테일, 베트남 대표 간식 4종 제공]","▶BRAND NEW◀ '꿈꾸던 여행, 품위있는 휴식' 푸른 바다와 여유, 베트남 대표 휴양지 '나트랑', 동화 같은 도시, 낭만이 넘치는 청정 고원 '달랏' ◎ 전 일정 5성급 월드체인 호텔 포함, 나트랑 멜리아 빈펄 엠파이어 '스위트룸' 업그레이드 숙박 + 달랏에서 보기 드문 ◎ 현지식 맛집까지 ◎ 배고플 틈이 없는 여행 ! 베트남 대표 간식 4종 제공 ◎ 나트랑과 달랏의 낮부터 밤까지 완/전/정/복 인기 관광지 ALL포함 나트랑과 달랏에서의 꿈꾸던 휴식을 롯데관광과 함께하세요♪",정통,패키지,일반패키지,동남아,나트랑/달랏/무이네,"달랏,나트랑,대구",,나트랑/달랏,나트랑,휴양형,http://dimgcdn.lottetour.com/TN/72/72dcb8e0aec560962aa9ba1e1de905bd.tn.300x200.jpg,2025-11-14 11:25:56,2026-03-20 15:53:41
63682,1,B30A-0763682,"부산[0321_홈앤쇼핑][정통][NO옵션][단순함 속의 특별함] 나트랑 ,달랏 5일/6일",▶[모벤픽(오션뷰) X 멀펄],[$280상당_만족도 우수 인기옵션 ALL포함][전 일정 5성급 호텔 숙박]['파노라마 씨뷰' 리조트 오전 자유시간][ 나트랑 X달랏 핵심관광][모벤픽 리조트 LUNCH포함_6대특식+2대 디저트],"편안한 선택, 그리고 완벽한 여행 최근 가장 HOT한 베트남의 유니크 휴양 고원도시 '달랏' 에서부터 '베트남의 나폴리' 아름다운 해안 휴양도시 '나트랑' 까지 현지에서 불필요한 옵션 선택 및 비용 지불 없이 NO옵션으로 즐긴다! '전 객실 씨뷰 룸 제공' 나트랑 5성급 월드체인 리조트 '모벤픽 리조트 캄란' 23년 12월 그랜드오픈 대규모 달랏 5성 호텔 '멀펄 달랏 호텔' 나트랑 월드체인 모벤픽 리조트 조식/중식(1회) 포함 & 반나절 자유시간 제공 '롯데관광 차별화 특식' 포함 총 6大 특식 제공!",정통,패키지,일반패키지,동남아,나트랑/달랏/무이네,"달랏,나트랑,부산",,BEST 인기상품,나트랑,휴양형,http://dimgcdn.lottetour.com/TN/37/376728a00d1384def9dc8e2677171a20.tn.300x200.jpg,2025-03-14 10:15:15,2026-03-20 19:28:58
59990,1,B30A-0759990,"[0321_홈앤쇼핑][NO옵션][단순함 속의 특별함] 나트랑 ,달랏 5일",▶[모벤픽(오션뷰) X 멀펄],[$290상당_만족도 우수 인기옵션 ALL포함][전 일정 5성급 호텔 숙박]['파노라마 씨뷰' 리조트 오전 자유시간][ 나트랑 X달랏 핵심관광][멀펄 달랏 호텔 LUNCH포함_6대특식+2대 디저트],"편안한 선택, 그리고 완벽한 여행 최근 가장 HOT한 베트남의 유니크 휴양 고원도시 '달랏' 에서부터 '베트남의 나폴리' 아름다운 해안 휴양도시 '나트랑' 까지 현지에서 불필요한 옵션 선택 및 비용 지불 없이 NO옵션으로 즐긴다! '전 객실 씨뷰 룸 제공' 나트랑 5성급 월드체인 리조트 '모벤픽 리조트 캄란' 23년 12월 그랜드오픈 대규모 달랏 5성 호텔 '멀펄 달랏 호텔' 나트랑 월드체인 모벤픽 리조트 조식/중식(1회) 포함 & 반나절 자유시간 제공 '롯데관광 차별화 특식' 포함 총 6大 특식 제공!",정통,패키지,일반패키지,동남아,나트랑/달랏/무이네,"달랏,인천,나트랑",,NO옵션,나트랑,휴양형,http://dimgcdn.lottetour.com/TN/2d/2d137a078797e18e87054ff4579111c1.tn.300x200.jpg,2023-05-10 16:10:50,2026-03-20 16:31:37
65209,1,B30A-0765209,"대구 [손잡고 걷는 해변, 그 순간의 행복] 나트랑 ,달랏 5일",▶[베스트웨스턴 프리미어],[전 일정 5성급 월드체인 호텔 '베스트웨스턴 프리미어' 숙박][랑비앙마운틴+짚차투어&전망대 등 핵심 관광지 ALL포함][담당자 엄선 차별화 6대 특식]['핫플레이스' 달랏 야시장 방문],"◈롯데관광 2026 BRAND NEW◈ 푸른 바다와 여유, 베트남 대표 휴양지 '나트랑', 동화 같은 도시, 낭만이 넘치는 청정 고원 '달랏' ◎ 전 일정 5성급 월드체인 호텔 포함, 베스트웨스턴 상위 브랜드 '베스트웨스턴 프리미어' 나트랑 3연박 ◎ 식당실명제, 씨푸드 맛집부터 미슐랭 분점 현지식 맛집까지 ◎ 배고플 틈이 없는 여행 ! 아보카도 아이스크림 제공 ◎ 나트랑과 달랏의 낮부터 밤까지 완/전/정/복 인기 관광지 ALL포함 나트랑과 달랏에서의 완벽한 여행을 롯데관광과 함께하세요♪",정통,패키지,일반패키지,동남아,나트랑/달랏/무이네,"달랏,나트랑,대구",,나트랑/달랏,나트랑,휴양형,http://dimgcdn.lottetour.com/TN/74/743787086d980dfefbde9d87ff4d945a.tn.300x200.jpg,2025-11-21 15:21:04,2026-03-20 19:31:31
63964,1,B30A-0763964,"[0321_홈앤쇼핑][정통][NO옵션][바다에 취하고 모래언덕에 물들다] 나트랑 ,무이네 5일",▶[베스트웨스턴 프리미어(오션뷰) X 센타라 미라지],[전 일정 5성급 월드체인 호텔 숙박 포함][리조트 오전 자유시간 1회][무이네 2大 사막투어 완전 정복][인생샷 성지 방문][베트남 최대 규모 와인 캐슬방문][담당자 선별 6大 특식 제공],"아름다운 해변과 드넓은 사막 상반된 매력을 느끼다 베트남에서 사막을 만나다. SNS PICK 핫플레이스 이색 관광지 '무이네' '베트남의 나폴리' 아름다운 해안 휴양도시 '나트랑' 까지 전 일정 5성급 월드체인 호텔 숙박' 5성급 무이네 리조트에서의 여유로운 오전 자유시간 제공 '롯데관광 차별화 특식' 포함 총 6大 특식 제공! 오직 롯데관광에서만 누릴 수 있는 특전과 나트랑,무이네의 아름다움을 직접 경험해보세요♪",정통,패키지,일반패키지,동남아,나트랑/달랏/무이네,"인천,나트랑,판티엣",,NO옵션,나트랑,휴양형,http://dimgcdn.lottetour.com/TN/0d/0dcd4e478d496b7135fc9f4374ce85ff.tn.300x200.jpg,2025-04-22 17:18:09,2026-03-20 16:31:37
65456,1,B30A-0765456,"[주말특가] 대구 [NO옵션][단순함 속의 특별함] 나트랑 ,달랏 5일/6일",▶[모벤픽 X 멀펄],[만족도 우수 인기옵션 ALL포함][전 일정 5성급 호텔 숙박]['파노라마 씨뷰' 리조트 오전 자유시간][ 나트랑 X달랏 핵심관광][모벤픽 리조트 LUNCH포함_6대특식+2대 디저트],"편안한 선택, 그리고 완벽한 여행 최근 가장 HOT한 베트남의 유니크 휴양 고원도시 '달랏' 에서부터 '베트남의 나폴리' 아름다운 해안 휴양도시 '나트랑' 까지 현지에서 불필요한 옵션 선택 및 비용 지불 없이 NO옵션으로 즐긴다! '전 객실 씨뷰 룸 제공' 나트랑 5성급 월드체인 리조트 '모벤픽 리조트 캄란' 23년 12월 그랜드오픈 대규모 달랏 5성 호텔 '멀펄 달랏 호텔' 나트랑 월드체인 모벤픽 리조트 조식/중식(1회) 포함 & 반나절 자유시간 제공 '롯데관광 차별화 특식' 포함 총 6大 특식 제공!",정통,패키지,일반패키지,동남아,나트랑/달랏/무이네,"달랏,나트랑,대구",,NO옵션,나트랑,휴양형,http://dimgcdn.lottetour.com/TN/37/376728a00d1384def9dc8e2677171a20.tn.300x200.jpg,2025-12-31 17:25:23,2026-03-13 13:33:04
65960,1,B30A-0765960,"부산[0320,21_현대플러스][정통][NO옵션][온전한 여유, 가득한 경험] 나트랑 ,달랏 5/6일",▶[멜리아(스위트룸) 2박 X 베스트웨스턴 프리미어],"[전 일정 5성급 월드체인 호텔 숙박][이유있는 자신감, '식당 실명제'+3종 간식][ 나트랑 천연 힐링_머드온천+허브탕&워터파크 포함][낮부터 밤까지 알차게, 나트랑 &달랏 야간 투어 포함]","[NO옵션] 호텔부터 식사까지 엄선해서, 진정한 '休'+'食' 패키지 푸른 바다와 여유, 베트남 대표 휴양지 '나트랑', 동화 같은 도시, 낭만이 넘치는 청정 고원 '달랏' ◎ 전 일정 5성급 호텔 포함, 나트랑 멜리아 빈펄 엠파이어 '스위트룸' 업그레이드 2연박 ! + 달랏에서 보기 드문 신상 5성 월드체인 호텔 베스트웨스턴 달랏 숙박 포함 ◎ 쉐라톤 씨푸드 뷔페 + 랍스터 포함, 미슐랭 빕구르망 본점의 맛을 그대로 옮긴 현지식 맛집까지 ◎ 배고플 틈이 없는 여행 ! 하루에 베트남 대표 간식 1개씩 제공 ◎ 나트랑과 달랏의 낮부터 밤까지 완/전/정/복 인기 관광지 ALL포함 나트랑과 달랏에서의 행복한 추억을 롯데관광과 함께 쌓아보세요♪",정통,패키지,일반패키지,동남아,나트랑/달랏/무이네,"달랏,나트랑,부산",,나트랑/달랏,나트랑,휴양형,http://dimgcdn.lottetour.com/TN/bc/bc46fe7c88d016346f2e3ef0c94fe89d.tn.300x200.jpg,2026-03-18 18:23:45,2026-03-20 17:55:57
63796,1,B30A-0763796,"★3월 프로모션★[정통][NO옵션][꽃으로 물든 도시를 엿보다] 나트랑 ,달랏 5일",▶[멜리아(스위트룸) X 그랜드 머큐어],[전 일정 5성급 월드체인 숙박][미슐랭 분점+웨이팅 필수 씨푸드 맛집 포함][달랏 감성 카페 포함][총 $330상당 핵심 특전_인기 관광지 ALL포함][필수코스_전신마사지 90분 2회 포함],"◈NO옵션! 2026년 롯데관광 BRAND NEW◈ 나른한 해변과 온화한 고산지대의 완벽한 조화! 나트랑에서부터 달랏까지 알차게 $330 상당의 핵심관광&특전 완전 보장! 편리한 관광이 되기 위한 첫 걸음! NO 옵션으로 더욱 더 편리하게! 담당자가 직접 먹어보고 선정한 자신있는 식당 실명제, 6大 특식 제공! 달콤한 휴식을 직접 맛보다! 2大 디저트 제공! 완벽한 상품을 롯데관광에서 즐겨보세요♬",정통,패키지,일반패키지,동남아,나트랑/달랏/무이네,"달랏,인천,나트랑",,나트랑/달랏,나트랑,휴양형,http://dimgcdn.lottetour.com/TN/ff/ff9c9fc08143c4d0575d1f2231496ead.tn.300x200.jpg,2025-03-26 18:31:17,2026-03-20 16:32:47
65185,1,B30A-0765185,"청주[정통][ 나트랑 의 푸른해변과 달랏의 청정자연 품으로] 나트랑 ,달랏 5일",▶[멜리아(스위트룸) X 베스트웨스턴 프리미어],"[전 일정 5성급 월드체인 호텔 숙박][만족도 높은 나트랑 &달랏 이색 관광 및 체험][현지 대표 맛집 포함, 엄선된 차별화 6대특식][센스만점 디테일, 베트남 대표 간식 4종 제공]","▶BRAND NEW◀ '꿈꾸던 여행, 품위있는 휴식' 푸른 바다와 여유, 베트남 대표 휴양지 '나트랑', 동화 같은 도시, 낭만이 넘치는 청정 고원 '달랏' ◎ 전 일정 5성급 월드체인 호텔 포함, 나트랑 멜리아 빈펄 엠파이어 '스위트룸' 업그레이드 숙박 + 달랏에서 보기 드문 월드체인 5성급 베스트웨스턴 프리미어 2연박 ◎ '식당실명제' 스테이크 맛집, 씨푸드 맛집까지 ◎ 배고플 틈이 없는 여행 ! 베트남 대표 간식 4종 제공 ◎ 나트랑과 달랏의 낮부터 밤까지 완/전/정/복 인기 관광지 ALL포함 나트랑과 달랏에서의 꿈꾸던 휴식을 롯데관광과 함께하세요♪",정통,패키지,일반패키지,동남아,나트랑/달랏/무이네,"달랏,나트랑,청주",,베트남-나트랑/달랏,나트랑,휴양형,http://dimgcdn.lottetour.com/TN/72/72dcb8e0aec560962aa9ba1e1de905bd.tn.300x200.jpg,2025-11-14 19:57:39,2026-03-20 17:24:57
60569,1,B30A-0760569,"대구 [0321_홈앤쇼핑][NO옵션][단순함 속의 특별함] 나트랑 ,달랏 5일/6일",▶[모벤픽(오션뷰) X 멀펄],[$290상당_만족도 우수 인기옵션 ALL포함][전 일정 5성급 호텔 숙박]['파노라마 씨뷰' 리조트 오전 자유시간][ 나트랑 X달랏 핵심관광][모벤픽 리조트 LUNCH포함_6대특식+2대 디저트],"편안한 선택, 그리고 완벽한 여행 최근 가장 HOT한 베트남의 유니크 휴양 고원도시 '달랏' 에서부터 '베트남의 나폴리' 아름다운 해안 휴양도시 '나트랑' 까지 현지에서 불필요한 옵션 선택 및 비용 지불 없이 NO옵션으로 즐긴다! '전 객실 씨뷰 룸 제공' 나트랑 5성급 월드체인 리조트 '모벤픽 리조트 캄란' 23년 12월 그랜드오픈 대규모 달랏 5성 호텔 '멀펄 달랏 호텔' 나트랑 월드체인 모벤픽 리조트 조식/중식(1회) 포함 & 반나절 자유시간 제공 '롯데관광 차별화 특식' 포함 총 6大 특식 제공!",정통,패키지,일반패키지,동남아,나트랑/달랏/무이네,"달랏,나트랑,대구",,금주의 PICK,나트랑,휴양형,http://dimgcdn.lottetour.com/TN/37/376728a00d1384def9dc8e2677171a20.tn.300x200.jpg,2023-09-14 21:09:00,2026-03-20 19:29:14
64968,1,B30A-0764968,"청주[정통][황금빛 해변, 푸른 바다의 만남] 나트랑 ,달랏 5일",▶[베스트웨스턴 프리미어 X 골든 선],[전 일정 5성급 호텔 숙박][5성급 월드체인 호텔 오전 자유시간][총 $140상당 핵심특전][담당자 선정 6대 특식][2대 지역명물 간식+ 나트랑 유명 카페 방문][핫플레이스 달랏 야시장 방문],"◈롯데관광 2025 BRAND NEW◈ 눈부시게 아름다운 나트랑과 온화한 고산지대 달랏이 만나다 나트랑에서부터 달랏 완/전/정/복 $140 상당의 핵심관광&특전 완전 보장! 롯데관광 시그니처 담당자가 직접 선정한 자신있는 식당 실명제, 6大 특식 제공! 달콤한 휴식을 직접 맛보다! 2大 디저트 제공! 여유로운 휴식까지! 카페 방문 ♬롯데관광에서 즐겨보세요♬",정통,패키지,일반패키지,동남아,나트랑/달랏/무이네,"달랏,나트랑,청주",,베트남-나트랑/달랏,나트랑,휴양형,http://dimgcdn.lottetour.com/TN/b4/b4bae5b22577a5e556ca32ea93241158.tn.300x200.jpg,2025-10-16 13:48:32,2026-02-06 14:55:36
65058,1,B30A-0765058,"대구 [0321_홈앤쇼핑][NO옵션][바다에 취하고 모래언덕에 물들다] 나트랑 ,무이네 5일/6일",▶[베스트웨스턴 프리미어 X 센타라 미라지],[전 일정 5성급 월드체인 호텔 숙박 포함][리조트 오전 자유시간 1회][무이네 2大 사막투어 완전 정복][인생샷 성지 방문][베트남 최대 규모 와인 캐슬방문][담당자 선별 6大 특식 제공],"아름다운 해변과 드넓은 사막 상반된 매력을 느끼다 베트남에서 사막을 만나다. SNS PICK 핫플레이스 이색 관광지 '무이네' '베트남의 나폴리' 아름다운 해안 휴양도시 '나트랑' 까지 전 일정 5성급 월드체인 호텔 숙박' 5성급 무이네 리조트에서의 여유로운 오전 자유시간 제공 '롯데관광 차별화 특식' 포함 총 6大 특식 제공! 오직 롯데관광에서만 누릴 수 있는 특전과 나트랑,무이네의 아름다움을 직접 경험해보세요♪",정통,패키지,일반패키지,동남아,나트랑/달랏/무이네,"나트랑,판티엣,대구",,금주의 PICK,나트랑,휴양형,http://dimgcdn.lottetour.com/TN/0d/0dcd4e478d496b7135fc9f4374ce85ff.tn.300x200.jpg,2025-10-31 09:12:34,2026-03-20 19:06:58
65221,1,B30A-0765221,"청주[정통][손잡고 걷는 해변, 그 순간의 행복] 나트랑 ,달랏 5일",▶[베스트웨스턴 프리미어],[전 일정 5성급 월드체인 호텔 '베스트웨스턴 프리미어' 숙박][랑비앙마운틴+짚차투어&전망대 등 핵심 관광지 ALL포함][담당자 엄선 차별화 6대 특식]['핫플레이스' 달랏 야시장 방문],"◈롯데관광 2026 BRAND NEW◈ 푸른 바다와 여유, 베트남 대표 휴양지 '나트랑', 동화 같은 도시, 낭만이 넘치는 청정 고원 '달랏' ◎ 전 일정 5성급 월드체인 호텔 포함, 베스트웨스턴 상위 브랜드 '베스트웨스턴 프리미어' 나트랑 3연박 ◎ 식당실명제, 씨푸드 맛집부터 미슐랭 분점 현지식 맛집까지 ◎ 배고플 틈이 없는 여행 ! 아보카도 아이스크림 제공 ◎ 나트랑과 달랏의 낮부터 밤까지 완/전/정/복 인기 관광지 ALL포함 나트랑과 달랏에서의 완벽한 여행을 롯데관광과 함께하세요♪",정통,패키지,일반패키지,동남아,나트랑/달랏/무이네,"달랏,나트랑,청주",,베트남-나트랑/달랏,나트랑,휴양형,http://dimgcdn.lottetour.com/TN/74/743787086d980dfefbde9d87ff4d945a.tn.300x200.jpg,2025-11-21 17:48:12,2026-02-06 14:53:42
65214,1,B30A-0765214,"대구 [NO옵션][섬세하게 준비된 힐링] 나트랑 ,달랏 5일/6일",▶[베스트웨스턴 프리미어 X 멀펄],[총 $280상당_만족도 높은 옵션 ALL 포함][ 나트랑 5성월드체인 호텔 오션뷰+오전 자유시간][달랏 랜드마크 5성급 호텔 숙박][2大야시장 완/전/정/복][지역 인기맛집 엄선 차별화 6대 특식],"고민, 걱정 ZERO! 인기 옵션들로만 구성된 진짜 패키지! 푸른 바다가 매력적인 나트랑에서부터 아름다운 고원도시 달랏까지 ◆ 나트랑, 달랏 2대 야시장 완/전/정/복 ◆ 전통 마사지 60분 → 90분 업그레이드로 나른한 하루 ◆ 꽃향기 가득한 봄의 도시 달랏의 플라워 정원 ◆ 랑비앙 마운틴에서의 짜릿한 짚차투어까지! 롯데관광과 함께 즐겨보세요♬",정통,패키지,일반패키지,동남아,나트랑/달랏/무이네,"달랏,나트랑,대구",,NO옵션,나트랑,휴양형,http://dimgcdn.lottetour.com/TN/64/6457fc029cbf0c36c8c7e8449088ad31.tn.300x200.jpg,2025-11-21 16:28:41,2026-03-18 11:11:42
61452,1,B30A-0761452,"대구 [NO옵션][피어나는 설렘, 따뜻한 감성] 나트랑 ,달랏 5일/6일",▶[멜리아(스위트룸) X 멀펄],[총 $300상당의 핵심 특전 ALL포함][전신마사지 90분 2회][이색 머드온천 체험][월드체인 스위트룸 숙박 포함][전 일정 5성급 호텔 숙박][담당자 PICK 6대 특식+와이너리&감성카페 방문],[NO 옵션] 인기 있는 핵심 관광지만 방문! '동양의 나폴리' 아름다운 해안 휴양도시 '나트랑'에서부터 '영원한 봄의 도시'라 불리우는 동화 속 휴양 고원도시 '달랏'까지 모두 즐기자! 월드체인 5성급 호텔 스위트룸에서 즐기는 편안한 휴식 달랏에서 보기 드문 귀한 5성급 호텔 '멀펄 달랏' 비교필수 나트랑 명물! 머드온천+워터파크+허브탕까지 완전정복 랑비앙 마운틴에서 즐기는 짜릿한 짚차 투어 다딴라 폭포에서 가슴 뛰는 루지체험까지,정통,패키지,일반패키지,동남아,나트랑/달랏/무이네,"달랏,나트랑,대구",,나트랑/달랏,나트랑,휴양형,http://dimgcdn.lottetour.com/TN/d7/d7efee6c6ee2c3435ce33fe38b438633.tn.300x200.jpg,2024-03-11 11:36:05,2026-03-18 11:11:42
65063,1,B30A-0765063,"[0321_홈앤쇼핑]청주[정통][NO옵션][바다에 취하고 모래언덕에 물들다] 나트랑 ,무이네 5일",▶[베스트웨스턴 프리미어(오션뷰) X 센타라 미라지],[전 일정 5성급 월드체인 호텔 숙박 포함][리조트 오전 자유시간 1회][무이네 2大 사막투어 완전 정복][인생샷 성지 방문][베트남 최대 규모 와인 캐슬방문][담당자 선별 6大 특식 제공],"아름다운 해변과 드넓은 사막 상반된 매력을 느끼다 베트남에서 사막을 만나다. SNS PICK 핫플레이스 이색 관광지 '무이네' '베트남의 나폴리' 아름다운 해안 휴양도시 '나트랑' 까지 전 일정 5성급 월드체인 호텔 숙박' 5성급 무이네 리조트에서의 여유로운 오전 자유시간 제공 '롯데관광 차별화 특식' 포함 총 6大 특식 제공! 오직 롯데관광에서만 누릴 수 있는 특전과 나트랑,무이네의 아름다움을 직접 경험해보세요♪",정통,패키지,일반패키지,동남아,나트랑/달랏/무이네,"나트랑,판티엣,청주",,베트남-나트랑/달랏,나트랑,휴양형,http://dimgcdn.lottetour.com/TN/74/742e669552eeec81a8338bfbc574cf0d.tn.300x200.JPG,2025-10-31 15:27:30,2026-03-20 17:23:14
65220,1,B30A-0765220,"청주[정통][NO옵션][섬세하게 준비된 힐링] 나트랑 , 달랏 5일",▶[베스트웨스턴 프리미어 X 멀펄],[총 $280상당_만족도 높은 옵션 ALL 포함][ 나트랑 5성월드체인 호텔 오션뷰+오전 자유시간][달랏 랜드마크 5성급 호텔 숙박][2大야시장 완/전/정/복][지역 인기맛집 엄선 차별화 6대 특식],"고민, 걱정 ZERO! 인기 옵션들로만 구성된 진짜 패키지! 푸른 바다가 매력적인 나트랑에서부터 아름다운 고원도시 달랏까지 ◆ 나트랑, 달랏 2대 야시장 완/전/정/복 ◆ 전통 마사지 60분 → 90분 업그레이드로 나른한 하루 ◆ 꽃향기 가득한 봄의 도시 달랏의 플라워 정원 ◆ 랑비앙 마운틴에서의 짜릿한 짚차투어까지! 롯데관광과 함께 즐겨보세요♬",정통,패키지,일반패키지,동남아,나트랑/달랏/무이네,"달랏,나트랑,청주",,베트남-나트랑/달랏,나트랑,휴양형,http://dimgcdn.lottetour.com/TN/64/6457fc029cbf0c36c8c7e8449088ad31.tn.300x200.jpg,2025-11-21 17:39:24,2026-03-17 10:33:35
63684,1,B30A-0763684,"[0321_홈앤쇼핑]청주[정통][NO옵션][단순함 속의 특별함] 나트랑 ,달랏 5일",▶[모벤픽(오션뷰) X 멀펄],[$290상당_만족도 우수 인기옵션 ALL포함][전 일정 5성급 호텔 숙박]['파노라마 씨뷰' 리조트 오전 자유시간][ 나트랑 X달랏 핵심관광][멀펄 달랏 호텔 LUNCH포함_6대특식+2대 디저트],"편안한 선택, 그리고 완벽한 여행 최근 가장 HOT한 베트남의 유니크 휴양 고원도시 '달랏' 에서부터 '베트남의 나폴리' 아름다운 해안 휴양도시 '나트랑' 까지 현지에서 불필요한 옵션 선택 및 비용 지불 없이 NO옵션으로 즐긴다! '전 객실 씨뷰 룸 제공' 나트랑 5성급 월드체인 리조트 '모벤픽 리조트 캄란' 23년 12월 그랜드오픈 대규모 달랏 5성 호텔 '멀펄 달랏 호텔' 나트랑 월드체인 모벤픽 리조트 조식/중식(1회) 포함 & 반나절 자유시간 제공 '롯데관광 차별화 특식' 포함 총 6大 특식 제공!",정통,패키지,일반패키지,동남아,나트랑/달랏/무이네,"달랏,나트랑,청주",,베트남-나트랑/달랏,나트랑,휴양형,http://dimgcdn.lottetour.com/TN/2d/2d137a078797e18e87054ff4579111c1.tn.300x200.jpg,2025-03-14 14:57:54,2026-03-20 17:23:38
60184,1,B30A-0760184,"청주[정통][롯데유일][품격있는 숙박과 미식, 한 차원 높은 힐링] 나트랑 ,달랏 5일",▶[인터컨티넨탈(2박)(롯데관광 단독계약) X 멀펄],◎ [ 나트랑 시내중심 NO.1 5성 월드체인호텔 2박 포함]['이색체험' 아이리조트 머드온천][$160상당 특전제공][달랏7대주요관광][쉐라톤 호텔식1회+자유여행객 맛집 포함 차별화 6대특식],"베트남 핫플레이스 나트랑X달랏 '베트남의 나폴리' 아름다운 해안 휴양도시 '나트랑'에서부터 '영원한 봄의 도시'라 불리우는 동화 속 휴양 고원도시 '달랏'까지 모두 즐기자! 나트랑 NO.1 5성급 월드체인 호텔 '인터컨티넨탈 나트랑(또는 동급)' 23년 12월 달랏 신상 5성급 호텔 '멀펄 달랏 호텔(또는 동급)' 나트랑 월드체인 호텔에서의 오후 자유시간 제공 5성급 월드체인 쉐라톤 호텔 LUNCH 셋트 포함 일정 내 전식 차별화 특식 제공 오직 롯데관광에서만 누릴 수 있는 특전과 나트랑,달랏의 아름다움을 직접 경험해보세요♪",정통,패키지,일반패키지,동남아,나트랑/달랏/무이네,"달랏,나트랑,청주",,베트남-나트랑/달랏,나트랑,휴양형,http://dimgcdn.lottetour.com/TN/61/61345e6702a50cf5285612bb3781f1fe.tn.300x200.png,2023-06-30 19:26:12,2026-02-06 14:55:57
64641,1,B30A-0764641,"[0320,21_현대플러스]청주[정통][NO옵션][온전한 여유, 가득한 경험] 나트랑 ,달랏 5일",▶[멜리아(스위트룸) 2박 X 베스트웨스턴 프리미어],"[전 일정 5성급 월드체인 호텔 숙박][이유있는 자신감, '식당 실명제'+3종 간식][ 나트랑 천연 힐링_머드온천+허브탕&워터파크 포함][낮부터 밤까지 알차게, 나트랑 &달랏 야간 투어 포함]","[NO옵션] 호텔부터 식사까지 엄선해서, 진정한 '休'+'食' 패키지 푸른 바다와 여유, 베트남 대표 휴양지 '나트랑', 동화 같은 도시, 낭만이 넘치는 청정 고원 '달랏' ◎ 전 일정 5성급 호텔 포함, 나트랑 멜리아 빈펄 엠파이어 '스위트룸' 업그레이드 2연박 ! + 달랏에서 보기 드문 신상 5성 월드체인 호텔 베스트웨스턴 달랏 숙박 포함 ◎ 쉐라톤 씨푸드 뷔페 + 랍스터 포함, 미슐랭 빕구르망 본점의 맛을 그대로 옮긴 현지식 맛집까지 ◎ 배고플 틈이 없는 여행 ! 하루에 베트남 대표 간식 1개씩 제공 ◎ 나트랑과 달랏의 낮부터 밤까지 완/전/정/복 인기 관광지 ALL포함 나트랑과 달랏에서의 행복한 추억을 롯데관광과 함께 쌓아보세요♪",정통,패키지,일반패키지,동남아,나트랑/달랏/무이네,"달랏,나트랑,청주",,베트남-나트랑/달랏,나트랑,휴양형,http://dimgcdn.lottetour.com/TN/0d/0da044978bb4deca67db0b3d967ff1d1.tn.300x200.jpg,2025-08-22 09:49:57,2026-03-20 17:24:06
64777,1,B30A-0764777,"청주[정통][NO옵션][두 도시, 두 감성 그리고 나의 여행] 나트랑 ,달랏 5일",▶[베스트웨스턴 프리미어(2박) X 골든 선],[총 $320상당 만족도 보장 인기 옵션 ALL 포함][5성급 월드체인 호텔 내 여유로운 오전 자유시간 1회 제공][전 일정 5성급 호텔][담당자 선정 6大 특식][차별화 된 핵심 관광 및 체험 포함],"NO옵션으로 편안하고 부담없는 진정한 여행 즐기자! '동양의 나폴리' 아름다운 해안 휴양도시 '나트랑'에서부터 '영원한 봄의 도시'라 불리우는 동화 속 휴양 고원도시 '달랏'까지 핵심일정으로만 구성 + 총 $320상당의 특전 완/전/보/장 5성급 월드체인호텔에서의 2연박+오션뷰+오전 자유시간 1회 제공 '식당실명제' 차별화 6大 특식 제공 오직 롯데관광에서만 누릴 수 있는 특전과 나트랑,달랏의 아름다움을 직접 경험해보세요♪",정통,패키지,일반패키지,동남아,나트랑/달랏/무이네,"달랏,나트랑,청주",,베트남-나트랑/달랏,나트랑,휴양형,http://dimgcdn.lottetour.com/TN/7b/7b7935fa28f7b5668adf4a60083d37b4.tn.300x200.jpg,2025-09-11 16:36:30,2026-02-06 14:56:03
65924,1,B30A-0765924,"청주[정통][NO옵션][푸른 휴양의 도시 나트랑 과 영원한 봄의 도시 달랏] 나트랑 ,달랏 5일",▶[래디슨블루(오션뷰) X 멀펄],[전 일정 5성급 호텔 숙박][ 나트랑 '오션뷰' 월드체인 리조트+오전 자유시간 1회][총 $270상당 핵심 관광 및 체험 포함][씨푸드 맛집 포함 식당실명제 6대특식+애프터눈 티],"◈2026년 BRAND NEW 따끈따끈 신.규.상.품 다양한 힐링POINT가 포함 되어있는 나트랑,달랏 동양의 나폴리라고 불리는 해안 휴양도시 '나트랑'부터 최근 가장 HOT한 베트남의 유니크 휴양 청정자연 고원도시 '달랏'까지 ◆ 나트랑 5성급 월드체인 리조트 '래디슨 블루 캄란' ◆ 달랏 內 보기 드문 5성급 호텔 '멀펄 달랏 호텔' ◆ 총 $270상당, NO옵션으로 즐기는 나트랑, 달랏 관광! ◆ 식당 실명제 '롯데관광 차별화 특식' 제공! 꿈꾸던 완벽한 그 여행, 롯데관광과 함께 해보세요~♪",정통,패키지,일반패키지,동남아,나트랑/달랏/무이네,"달랏,나트랑,청주",,베트남-나트랑/달랏,나트랑,휴양형,http://dimgcdn.lottetour.com/TN/99/99ee6520986cb5bae6867390449a8363.tn.300x200.jpg,2026-03-13 16:37:27,2026-03-20 17:24:12
65905,1,B30A-0765905,"대구 [NO옵션][푸른 휴양의 도시 나트랑 과 영원한 봄의 도시 달랏] 나트랑 ,달랏 5일/6일",▶[래디슨블루(오션뷰) X 멀펄],[전 일정 5성급 호텔 숙박][ 나트랑 '오션뷰' 월드체인 리조트+오전 자유시간 1회][총 $270상당 핵심 관광 및 체험 포함][씨푸드 맛집 포함 식당실명제 6대특식+애프터눈 티],"◈2026년 BRAND NEW 따끈따끈 신.규.상.품 다양한 힐링POINT가 포함 되어있는 나트랑,달랏 동양의 나폴리라고 불리는 해안 휴양도시 '나트랑'부터 최근 가장 HOT한 베트남의 유니크 휴양 청정자연 고원도시 '달랏'까지 ◆ 나트랑 5성급 월드체인 리조트 '래디슨 블루 캄란' ◆ 달랏 內 보기 드문 5성급 호텔 '멀펄 달랏 호텔' ◆ 총 $270상당, NO옵션으로 즐기는 나트랑, 달랏 관광! ◆ 식당 실명제 '롯데관광 차별화 특식' 제공! 꿈꾸던 완벽한 그 여행, 롯데관광과 함께 해보세요~♪",정통,패키지,일반패키지,동남아,나트랑/달랏/무이네,"달랏,나트랑,대구",,나트랑/달랏,나트랑,휴양형,http://dimgcdn.lottetour.com/TN/99/99ee6520986cb5bae6867390449a8363.tn.300x200.jpg,2026-03-12 11:08:25,2026-03-20 15:53:41
64963,1,B30A-0764963,"청주[정통][NO옵션][피어나는 설렘, 따뜻한 감성] 나트랑 ,달랏 5일",▶[멜리아(스위트룸) X 멀펄],[총 $300상당의 핵심 특전 ALL포함][전신마사지 90분 2회][이색 머드온천 체험][월드체인 스위트룸 숙박 포함][전 일정 5성급 호텔 숙박][담당자 PICK 6대 특식+와이너리&감성카페 방문],[NO 옵션] 인기 있는 핵심 관광지만 방문! '동양의 나폴리' 아름다운 해안 휴양도시 '나트랑'에서부터 '영원한 봄의 도시'라 불리우는 동화 속 휴양 고원도시 '달랏'까지 모두 즐기자! 월드체인 5성급 호텔 스위트룸에서 즐기는 편안한 휴식 달랏에서 보기 드문 귀한 5성급 호텔 '멀펄 달랏' 비교필수 나트랑 명물! 머드온천+워터파크+허브탕까지 완전정복 랑비앙 마운틴에서 즐기는 짜릿한 짚차 투어 다딴라 폭포에서 가슴 뛰는 루지체험까지,정통,패키지,일반패키지,동남아,나트랑/달랏/무이네,"달랏,나트랑,청주",,베트남-나트랑/달랏,나트랑,휴양형,http://dimgcdn.lottetour.com/TN/d7/d7efee6c6ee2c3435ce33fe38b438633.tn.300x200.jpg,2025-10-16 10:25:37,2026-02-06 14:54:21
59903,1,B30A-0759903,"대구 [0320,0321_현대플러스][NO옵션][온전한 여유, 가득한 경험] 나트랑 ,달랏 5일/6일",▶[멜리아(스위트룸) 2박 X 베스트웨스턴 프리미어],"[전 일정 5성급 호텔 숙박][이유있는 자신감, '식당 실명제'+3종 간식][ 나트랑 천연 힐링_머드온천+허브탕&워터파크 포함][낮부터 밤까지 알차게, 나트랑 &달랏 야간 투어 포함]","[NO옵션] 호텔부터 식사까지 엄선해서, 진정한 '休'+'食' 패키지 푸른 바다와 여유, 베트남 대표 휴양지 '나트랑', 동화 같은 도시, 낭만이 넘치는 청정 고원 '달랏' ◎ 전 일정 5성급 호텔 포함, 나트랑 멜리아 빈펄 엠파이어 '스위트룸' 업그레이드 2연박 ! + 달랏에서 보기 드문 신상 유럽풍 5성 호텔 골든 임페리얼 숙박 포함 ◎ 쉐라톤 씨푸드 뷔페 + 랍스터 포함, 미슐랭 빕구르망 본점의 맛을 그대로 옮긴 현지식 맛집까지 ◎ 배고플 틈이 없는 여행 ! 하루에 베트남 대표 간식 1개씩 제공 ◎ 나트랑과 달랏의 낮부터 밤까지 완/전/정/복 인기 관광지 ALL포함 나트랑과 달랏에서의 행복한 추억을 롯데관광과 함께 쌓아보세요♪",정통,패키지,일반패키지,동남아,나트랑/달랏/무이네,"달랏,나트랑,대구",,나트랑/달랏,나트랑,휴양형,http://dimgcdn.lottetour.com/TN/0d/0da044978bb4deca67db0b3d967ff1d1.tn.300x200.jpg,2023-04-23 12:15:12,2026-03-20 19:08:27
64706,1,B30A-0764706,"청주[정통][NO옵션][꽃으로 물든 도시를 엿보다] 나트랑 ,달랏 5일",▶[멜리아(스위트룸) X 그랜드 머큐어],[전 일정 5성급 월드체인 숙박][미슐랭 분점+웨이팅 필수 씨푸드 맛집 포함][달랏 감성 카페 포함][총 $330상당 핵심 특전_인기 관광지 ALL포함][필수코스_전신마사지 90분 2회 포함],"◈NO옵션! 2025년 롯데관광 BRAND NEW◈ 나른한 해변과 온화한 고산지대의 완벽한 조화! 나트랑에서부터 달랏까지 알차게 $330 상당의 핵심관광&특전 완전 보장! 편리한 관광이 되기 위한 첫 걸음! NO 옵션으로 더욱 더 편리하게! 담당자가 직접 먹어보고 선정한 자신있는 식당 실명제, 6大 특식 제공! 달콤한 휴식을 직접 맛보다! 2大 디저트 제공! 완벽한 상품을 롯데관광에서 즐겨보세요♬",정통,패키지,일반패키지,동남아,나트랑/달랏/무이네,"달랏,나트랑,청주",,베트남-나트랑/달랏,나트랑,휴양형,http://dimgcdn.lottetour.com/TN/6e/6ec5f723d1f382af34e2f7c96a2a84af.tn.300x200.jpg,2025-09-03 14:39:05,2026-02-06 14:55:50
57084,1,B30A-0757084,"[정통][에어텔/자유여행][아름다운 바다, 완벽한 휴가] 나트랑 5일",▶[인터컨티넨탈 나트랑 ](롯데관광 단독계약),[전 일정 럭셔리 5성 월드체인 인터컨티넨탈 숙박][ 나트랑 시내호텔 유일 '프라이빗 비치' 보유][공항-호텔 왕복 픽업차량&가이드 제공][2인이상 출발확정],"1년 365일 화창한 날씨, 천혜의 자연경관을 간직한 '나트랑' ! 나트랑 시내중심에 위치한 나트랑 내 NO.1 월드체인 호텔 '인터컨티넨탈' 전일 숙박 온전히 나만의 휴양, 나만의 자유시간을 가질 수 있는 전일자유 에어텔 상품! 왕복 공항 픽업 및 조식 포함! 모두가 만족하는 초특급 호텔에서 나트랑 자유 여행을 떠나보세요~",정통,패키지,일반패키지,동남아,나트랑/달랏/무이네,"인천,나트랑",,나트랑,나트랑,휴양형,http://dimgcdn.lottetour.com/TN/e3/e3400ace5edfbdf37ae47862dec79f0b.tn.300x200.jpg,2019-11-20 17:37:47,2026-03-20 17:45:53
65976,1,B30A-0765976,▶Y26 NEW◀[정통][에어텔/자유여행][풀빌라 UPGRADE] 나트랑 5일,▶[모벤픽 리조트 캄란베이],[4인/6인 예약 시 풀빌라 무료 UPGRADE][2인이상 출발확정][전 일정 5성 월드체인 모벤픽 리조트 숙박][리조트 내 '프라이빗 비치' 보유][공항-호텔 왕복 픽업 제공],4인 예약 시 2베드 풀빌라 / 6인 예약 시 3베드 풀빌라 UP! 롯데관광이 준비한 낭만가득 에어텔! 나트랑 5일 ♠ 항공+리조트 따로 예약 NO! ♠ 원하는 일정을 내 맘대로! ♠ 나트랑에서 나만의 추억 만들기 ◈ 전 일정 리조트식 포함,정통,패키지,일반패키지,동남아,나트랑/달랏/무이네,"인천,나트랑",,나트랑,나트랑,휴양형,http://dimgcdn.lottetour.com/TN/9b/9b564897bdf53d924420ac3a4b1cdfd7.tn.300x200.jpg,2026-03-19 17:41:31,2026-03-20 17:41:07
63428,1,B30A-0763428,"★3월 프로모션★[정통][THE COLLECTION][NO팁/NO옵션/NO쇼핑][프리미엄 여행의 시작, 꿈꿔온 완벽한 하루] 나트랑 ,달랏 5일",▶[쉐라톤(오션뷰) X 멀펄],[전 일정 5성 호텔 숙박][현지 추가비용 부담 ZERO][$260상당 핵심관광 ALL포함][' 나트랑 필수코스' 롯데마트 방문][식당실명 6대특식][콩카페 체험&동남아 열대과일 시식 체험],"호텔,식사,일정 모두 UPGRADE! [NO 옵션/NO 팁/NO 쇼핑] 핵심 관광지만 모아서! '동양의 나폴리' 아름다운 해안 휴양도시 '나트랑'에서부터 '영원한 봄의 도시'라 불리우는 동화 속 휴양 고원도시 '달랏'까지 모두 즐기자! '세계 최대규모의 호텔체인 메리어트의 프리미엄 브랜드' + 나트랑 시내 중심에 위치한 5성급 월드체인 호텔 '쉐라톤 나트랑 호텔' 23년 12월 그랜드오픈한 신상 달랏 5성호텔 '멀펄 달랏 호텔' 나트랑 월드체인 호텔 오전 반나절 자유시간 제공 달랏 바오다이 황제 여름별장 1시간 자유시간 제공 달랏 진흙공원 1시간 자유시간 제공 호텔식 2회 포함 '식당실명제' 차별화 6大 특식 제공 랑비앙 전망대, 다딴라폭포 루지체험, 달랏 야시장",정통,패키지,일반패키지,동남아,나트랑/달랏/무이네,"달랏,인천,나트랑",,나트랑/달랏,나트랑,휴양형,http://dimgcdn.lottetour.com/TN/d1/d10e5dd2ec6d7033b7abc502680c8118.tn.300x200.jpg,2025-02-13 17:06:50,2026-03-20 16:32:47
61164,1,B30D-0761164,【골퍼들의 천국】,나트랑 다이아몬드베이 골프&빌라 3박5일 (54H),#골퍼들의 천국 #다이아몬드 베이 골프 & 빌라 #18홀X3라운드 54홀 #2인라운드 가능,,정통,골프여행,일반패키지,동남아,나트랑/달랏/무이네,"인천,나트랑",,태국/베트남 골프,나트랑,휴양형,http://dimgcdn.lottetour.com/TN/48/488d27e3f0026da0e29fdbc6ceab138d.tn.300x200.jpg,2024-01-08 11:37:44,2026-01-07 11:14:46
63313,1,B30D-0763313,【골퍼들의 천국】,나트랑 3색골프 & 5성급 호텔 3박5일 (54H) #스톤마사지 포함,#골퍼들의 천국 #KN 골프링크스 깜란/빈펄 골프클럽/다이아몬드 베이 3라운드 54홀 #5성급 호텔,,정통,골프여행,일반패키지,동남아,나트랑/달랏/무이네,"인천,나트랑",,태국/베트남 골프,나트랑,휴양형,http://dimgcdn.lottetour.com/TN/bf/bf7e282b05eb1121a73afeeac2887838.tn.300x200.jpg,2025-01-17 09:47:49,2026-01-07 11:14:37
57049,1,B30A-0257049,"▶특가 EVENT◀[품격][NO팁/NO옵션/쇼핑1회][편안한 선택, 그리고 완벽한 여행] 나트랑 ,달랏 5일",▶[인터컨티넨탈(롯데관광 단독계약) X 머큐어],◎ [전 일정 최고급 월드체인호텔][호텔 자유시간 有][인기옵션 ALL포함+특전 UPGRADE][평균단가 $22↑ 전식특식][5성 달랏팰리스호텔 애프터눈티+머큐어 호텔 內 라운지바 칵테일 제공],"롯데관광이기에 가능한 상품 롯데관광의 명성에 걸맞는 '품격 있는' 여행으로 만들어드립니다. 나트랑 NO.1 월드체인 '인터컨티넨탈' 에서의 여유로운 오전 자유시간 제공 달랏 NO.1 월드체인 호텔 '머큐어 달랏' 2박 숙박 $30상당 호텔디너&롯데관광 차별화 특식'을 포함한 전식 특식 제공 불필요한 현지지불 NO, 선택관광/가이드기사경비 ALL 포함 쇼핑은 최소화, 온전히 여행일정에 집중할 수 있는 품격상품만의 메리트 5성 럭셔리 호텔 애프터눈 티 SET 체험과 머큐어 호텔 內 라운지 칵테일까지 즐기는 디테일까지. 오직 롯데관광에서만 누릴 수 있는 특전과 나트랑,달랏의 아름다움을 직접 경험해보세요",품격,패키지,일반패키지,동남아,나트랑/달랏/무이네,"달랏,인천,나트랑",,NO팁/NO옵션/NO쇼핑,나트랑,휴양형,http://dimgcdn.lottetour.com/TN/e1/e1710858a782ba038b4bd211ca2e53f0.tn.300x200.jpg,2019-11-14 19:36:05,2026-02-11 18:50:24
63758,1,B30D-0263758,【골퍼들의 천국】,나트랑 윈덤 그랜드 KN 풀빌라 + KN 링크스 GC 3박5일 (54H),#골퍼들의 천국 #KN 골프링크스 깜란 + 다이아몬드 베이 3라운드 54홀 #럭셔리의 끝판왕 윈덤 그랜드 KN 풀빌라,,품격,골프여행,일반패키지,동남아,나트랑/달랏/무이네,"인천,나트랑",,태국/베트남 골프,나트랑,휴양형,http://dimgcdn.lottetour.com/TN/08/08c305642273e1f407cdb3a50f9cab8c.tn.300x200.jpg,2025-03-21 11:02:52,2026-01-07 11:14:21
65478,1,B30A-0265478,부산[품격][PRIVATE TOUR][NO팁/NO옵션/NO쇼핑] 나트랑 5일,▶[인터컨티넨탈 나트랑 (롯데관광 단독계약)],"[2인부터 일행 끼리만 단독][현지 추가비용 부담 ZERO][무이네 데이투어][빈원더스or스노쿨링, 원하는 일정으로 선택가능][최상급 호텔 다이닝 2회 포함 차별화 6大특식]","[PRIVATE TOUR] 롯데관광 신규 기획! 2인부터 출발가능 우리끼리 즐거운 여행♪ ◎ NO 옵션/NO 팁/NO 쇼핑으로 부담없이, 오로지 즐거움에만 집중 아름다운 해안 휴양도시 '나트랑', 사막의 도시 '무이네' - 품격있는 호텔, 인터컨티넨탈 CLUB ACCESS OCEAN VIEW 객실 3연박 - 총 $320상당 핵심관광 ALL포함! - 이유 있는 자신감, 호텔식 2회 포함 차별화 6대 특식 꿈꾸던 나트랑 여행을 우리끼리 즐겁게 떠나보아요~♪",품격,패키지,일반패키지,동남아,나트랑/달랏/무이네,"나트랑,판티엣,부산",,NO옵션,나트랑,휴양형,http://dimgcdn.lottetour.com/TN/b6/b6feee53cf8135ed0d355bb0d8bbc730.tn.300x200.JPEG,2026-01-06 16:06:53,2026-03-13 09:25:38
65447,1,B30A-0265447,대구 [PRIVATE TOUR][NO팁/NO옵션/NO쇼핑] 나트랑 5일,▶[인터컨티넨탈 나트랑 (롯데관광 단독계약)],"[2인부터 일행 끼리만 단독][현지 추가비용 부담 ZERO][무이네 데이투어][빈원더스or스노쿨링, 원하는 일정으로 선택가능][최상급 호텔 다이닝 2회 포함 차별화 6大특식]","[PRIVATE TOUR] 롯데관광 신규 기획! 2인부터 출발가능 우리끼리 즐거운 여행♪ ◎ NO 옵션/NO 팁/NO 쇼핑으로 부담없이, 오로지 즐거움에만 집중 아름다운 해안 휴양도시 '나트랑', 사막의 도시 '무이네' - 품격있는 호텔, 인터컨티넨탈 CLUB ACCESS OCEAN VIEW 객실 3연박 - 총 $320상당 핵심관광 ALL포함! - 이유 있는 자신감, 호텔식 2회 포함 차별화 6대 특식 꿈꾸던 나트랑 여행을 우리끼리 즐겁게 떠나보아요~♪",품격,패키지,일반패키지,동남아,나트랑/달랏/무이네,"나트랑,판티엣,대구",,★PRIVATE_TOUR★,나트랑,휴양형,http://dimgcdn.lottetour.com/TN/b6/b6feee53cf8135ed0d355bb0d8bbc730.tn.300x200.JPEG,2025-12-30 16:48:39,2026-03-13 09:10:54
65308,1,B30A-0265308,[품격][PRIVATE TOUR][NO팁/NO옵션/NO쇼핑] 나트랑 5일,▶[인터컨티넨탈 나트랑 (롯데관광 단독계약)],"[2인부터 일행 끼리만 단독][현지 추가비용 부담 ZERO][무이네 데이투어][빈원더스or스노쿨링, 원하는 일정으로 선택가능][최상급 호텔 다이닝 2회 포함 차별화 6大특식]","[PRIVATE TOUR] 롯데관광 신규 기획! 2인부터 출발가능 우리끼리 즐거운 여행♪ ◎ NO 옵션/NO 팁/NO 쇼핑으로 부담없이, 오로지 즐거움에만 집중 아름다운 해안 휴양도시 '나트랑', 사막의 도시 '무이네' - 품격있는 호텔, 인터컨티넨탈 CLUB ACCESS OCEAN VIEW 객실 3연박 - 총 $320상당 핵심관광 ALL포함! - 이유 있는 자신감, 호텔식 2회 포함 차별화 6대 특식 꿈꾸던 나트랑 여행을 우리끼리 즐겁게 떠나보아요~♪",품격,패키지,일반패키지,동남아,나트랑/달랏/무이네,"인천,나트랑,판티엣",신성장,나트랑,나트랑,휴양형,http://dimgcdn.lottetour.com/TN/b6/b6feee53cf8135ed0d355bb0d8bbc730.tn.300x200.JPEG,2025-12-15 11:50:40,2026-01-21 18:32:31
65574,1,B30A-0265574,청주[PRIVATE TOUR][NO팁/NO옵션/NO쇼핑] 나트랑 5일,▶[인터컨티넨탈 나트랑 (롯데관광 단독계약)],"[2인부터 일행 끼리만 단독][현지 추가비용 부담 ZERO][무이네 데이투어][빈원더스or스노쿨링, 원하는 일정으로 선택가능][최상급 호텔 다이닝 2회 포함 차별화 6大특식]","[PRIVATE TOUR] 롯데관광 신규 기획! 2인부터 출발가능 우리끼리 즐거운 여행♪ ◎ NO 옵션/NO 팁/NO 쇼핑으로 부담없이, 오로지 즐거움에만 집중 아름다운 해안 휴양도시 '나트랑', 사막의 도시 '무이네' - 품격있는 호텔, 인터컨티넨탈 CLUB ACCESS OCEAN VIEW 객실 3연박 - 총 $320상당 핵심관광 ALL포함! - 이유 있는 자신감, 호텔식 2회 포함 차별화 6대 특식 꿈꾸던 나트랑 여행을 우리끼리 즐겁게 떠나보아요~♪",품격,패키지,일반패키지,동남아,나트랑/달랏/무이네,"나트랑,판티엣,청주",,베트남-나트랑/달랏,나트랑,휴양형,http://dimgcdn.lottetour.com/TN/b6/b6feee53cf8135ed0d355bb0d8bbc730.tn.300x200.JPEG,2026-01-16 09:17:38,2026-02-06 13:55:00
64460,1,B30A-0664460,"[HIGH&][비즈니스/클래스][4명단독 출발가능][NO팁/NO옵션/NO쇼핑][경험을 넘어선 품격의 정의] 나트랑 ,달랏 5일",▶[인터컨티넨탈 X 그랜드 머큐어],"[전 일정 최고급 5성급 월드체인호텔][호텔 오전 자유시간][인기 관광지 ALL포함, $370상당 특전][비.교.필.수. 엄선된 프리미엄 마사지 2회 포함][공항에서도 기다림 없이, FAST TRACK 포함]","[HIGH&] '롯데관광'에서 준비한 품격있는 쉼, 푸른 바다와 눈부신 하늘의 지상낙원 '나트랑', 언제가도 좋은 꽃과 낭만의 도시 '달랏'. ▶ 나트랑, 달랏 內 NO.1 호텔 숙박 - 전 일정 5성급 월드체인 인터컨티넨탈 나트랑, 그랜드 머큐어 달랏 숙박 ▶ NO팁/NO옵션/NO쇼핑 - 오로지 여행에만 집중, 처음부터 끝까지 완벽한 여행 ▶ 엠페러 선셋 디너 크루즈 포함 - 엄선된 프리미엄 마사지부터 총 $350상당의 관광을 한 번에 ▶ 선상에서 즐기는 낭만있는 식사부터 디저트까지 - 호텔 내 코스 요리, 크루즈 선상 내 디너 포함 롯데관광이기에 가능한 HIGH QUALITY 상품, 완벽한 휴식이 필요한 모두에게 나트랑, 달랏의 아름다움을 선물합니다.",HIGH&,패키지,일반패키지,동남아,나트랑/달랏/무이네,"달랏,인천,나트랑",,나트랑/달랏,나트랑,휴양형,http://dimgcdn.lottetour.com/TN/c7/c7650d32264c261e1e739a414fa8b3c1.tn.300x200.jpg,2025-07-22 17:02:38,2026-01-21 18:32:31
65337,1,B30A-0265337,[품격][비즈니스 클래스][PRIVATE TOUR][NO팁/NO옵션/NO쇼핑] 나트랑 5일,▶[인터컨티넨탈 나트랑 (롯데관광 단독계약)],"비즈니스 클래스에서 시작되는 프라이빗 여행, 5성 월드체인 호텔, 2인 부터 제대로 가고 싶은 분들을 위한 특별한 여행","[PRIVATE TOUR] 롯데관광 신규 기획! 2인부터 출발가능 우리끼리 즐거운 여행♪ ◎ NO 옵션/NO 팁/NO 쇼핑으로 부담없이, 오로지 즐거움에만 집중 아름다운 해안 휴양도시 '나트랑', 사막의 도시 '무이네' - 품격있는 호텔, 인터컨티넨탈 CLUB ACCESS OCEAN VIEW 객실 3연박 - 총 $320상당 핵심관광 ALL포함! - 이유 있는 자신감, 호텔식 2회 포함 차별화 6대 특식 꿈꾸던 나트랑 여행을 우리끼리 즐겁게 떠나보아요~♪",품격,패키지,일반패키지,동남아,나트랑/달랏/무이네,"인천,나트랑,판티엣",신성장,나트랑,나트랑,휴양형,http://dimgcdn.lottetour.com/TN/b6/b6feee53cf8135ed0d355bb0d8bbc730.tn.300x200.JPEG,2025-12-17 16:37:24,2026-01-21 18:32:31
64884,1,B05A-0764884,[웹전용특가]['롯데관광'단독][NO쇼핑] 싱가포르 5일,▶[하루자유][가든스바이더베이 2돔&버드 파라다이스],▷'롯데관광' 단독 여행◁ ONLY 롯데관광 홈페이지 온라인 예악자 전용 특가,,정통,패키지,일반패키지,동남아,싱가포르,"인천,싱가포르",,싱가포르(롯데관광 단독),싱가포르,도시형,http://dimgcdn.lottetour.com/TN/26/264eba653d0f6735f6804fde19c19421.tn.300x200.jpg,2025-09-30 20:55:24,2026-01-13 16:05:26
52229,1,B20A-0752229,부산★재취항기념특가★[두 나라 한번에 맛보기X특식3회X특급+준특급 호텔 숙박X쇼핑2회],"▶ 싱가포르 +쿠알라룸푸르 5,6일",말레이시아와 싱가폴을 한번에! 중간항공①회 탑승으로 편하게 이동!,"알면 알수록 매력적인 나라, 말레이시아. 다인종, 다종교가 어우러진 활기찬 나라에서 고층 거물과 전통 목재 가옥들이 어우러져 있고, 가까운 거리에 있는 아름다운 바다와 울창한 숲들이 인상적이다. 조금만 더 내려가면, 작지만 무궁무진한 볼거리를 선사하는 싱가포르 까지 ★항공과 호텔을 한번에 해결 & 매력적인 관광지들을 내 마음대로 골라 담을 수 있는 기회!!★",정통,패키지,일반패키지,동남아,쿠알라룸푸르,"조호바루,쿠알라룸푸르,말라카,싱가포르,부산",,쿠알라룸푸르/싱가포르,싱가포르,도시형,http://dimgcdn.lottetour.com/TN/50/50f89031355a581fb05a692584251eab.tn.300x200.jpg,2018-10-16 10:23:20,2026-03-08 21:14:26
63665,1,B05A-0763665,부산['롯데관광'단독][NO쇼핑][진짜 나다운 여행을 떠난다면] 싱가포르 5일,▶[하루 자유][가든스 바이 더 베이 2돔&버드 파라다이스],●비/교/필/수● ▷여유롭게 즐기는 하루 자유▷월드체인 호텔 숙박 ▷미슐랭 선정 2大 레스토랑 & 미슐랭 스타 요리를 만날 수 있는 '쥬라기 네스트 푸드 홀' 자유식 ▷자유일정 시 '유니버셜 스튜디오 싱가포르 ' 1일 입장권 구매 가능,■ '롯데관광' 단독 여행 ■ 하루 자유 일정으로 자유로운 여행으로! ■ NO쇼핑으로 보다 여유로운 여행까지!,정통,패키지,일반패키지,동남아,싱가포르,"싱가포르,부산",,쿠알라룸푸르/싱가포르,싱가포르,도시형,http://dimgcdn.lottetour.com/TN/86/860f7c6af824f87940d0c5b097547874.tn.300x200.jpg,2025-03-13 14:10:00,2026-03-08 21:12:53
63215,1,B05A-0763215,[정통][롯데관광'단독][NO쇼핑][진짜 나다운 여행을 떠난다면] 싱가포르 5일,▶[하루자유][가든스바이더베이 2돔&버드 파라다이스],●비/교/필/수● ▷여유롭게 즐기는 하루 자유▷월드체인 호텔 숙박 ▷미슐랭 선정 2大 레스토랑 & 미슐랭 스타 요리를 만날 수 있는 '쥬라기 네스트 푸드 홀' 자유식 ▷자유일정 시 '유니버셜 스튜디오 싱가포르 ' 1일 입장권 구매 가능,■ '롯데관광' 단독 여행 ■ 하루 자유 일정으로 자유로운 여행으로! ■ NO쇼핑으로 보다 여유로운 여행까지!,정통,패키지,일반패키지,동남아,싱가포르,"인천,싱가포르",,싱가포르(롯데관광 단독),싱가포르,도시형,http://dimgcdn.lottetour.com/TN/fb/fbec0b64f9c78ff4e1d603a21982c40b.tn.300x200.jpg,2024-12-27 10:24:38,2026-03-16 10:29:26
64748,1,B05A-0764748,[웹전용특가]['롯데관광'단독][NO쇼핑] 싱가포르 5일,▶[전일관광][가든스바이더베이 2돔&버드 파라다이스],▷'롯데관광' 단독 여행◁ ONLY 롯데관광 홈페이지 온라인 예악자 전용 특가,■ '롯데관광' 단독 여행 ■ 전일 관광으로 보다 알찬 여행을~ ■ NO쇼핑으로 보다 여유로운 여행까지!,정통,패키지,일반패키지,동남아,싱가포르,"인천,싱가포르",,싱가포르(롯데관광 단독),싱가포르,도시형,http://dimgcdn.lottetour.com/TN/1b/1b15a19e6c5852b06a834344e11c5227.tn.300x200.jpg,2025-09-10 18:12:19,2026-01-13 16:05:21
63174,1,B05A-0763174,"[정통]['롯데관광'단독][NO쇼핑][지금, 우리가 원하는 딱 그만큼] 싱가포르 5일",▶[전일관광][가든스바이더베이 2돔&버드 파라다이스],●비/교/필/수● ▷꽉차게 즐기는 전일관광 ▷월드체인 호텔 숙박 ▷미슐랭 선정 2大 레스토랑 & 미슐랭 스타 요리를 만날 수 있는 '쥬라기 네스트 푸드 홀' 자유식 ▷더 샵스 자유시간 확보,■ '롯데관광' 단독 여행 ■ 전일 관광으로 보다 알찬 여행을~ ■ NO쇼핑으로 보다 여유로운 여행까지!,정통,패키지,일반패키지,동남아,싱가포르,"인천,싱가포르",,싱가포르(롯데관광 단독),싱가포르,도시형,http://dimgcdn.lottetour.com/TN/86/860f7c6af824f87940d0c5b097547874.tn.300x200.jpg,2024-12-13 17:46:28,2026-01-16 09:29:12
62819,1,B05A-0762819,"부산['롯데관광'단독][NO쇼핑][지금, 우리가 원하는 딱 그만큼] 싱가포르 5일",▶[전일 관광][가든스 바이 더 베이 2돔&버드 파라다이스],●비/교/필/수● ▷여유롭게 즐기는 하루 자유▷월드체인 호텔 숙박 ▷미슐랭 선정 2大 레스토랑 & 미슐랭 스타 요리를 만날 수 있는 '쥬라기 네스트 푸드 홀' 자유식 ▷자유일정 시 '유니버셜 스튜디오 싱가포르 ' 1일 입장권 구매 가능,■ '롯데관광' 단독 여행 ■ 전일 관광으로 보다 알찬 여행을~ ■ NO쇼핑으로 보다 여유로운 여행까지!,정통,패키지,일반패키지,동남아,싱가포르,"싱가포르,부산",,쿠알라룸푸르/싱가포르,싱가포르,도시형,http://dimgcdn.lottetour.com/TN/fb/fbec0b64f9c78ff4e1d603a21982c40b.tn.300x200.jpg,2024-10-12 15:10:41,2026-03-08 21:12:53
58913,1,B05A-0758913,[정통][NO쇼핑][도심 속 자연으로 걸어 들어가다 보면] 싱가포르 5일,▶[하루자유],"▷하루 자유일정으로 여유로운 싱가포르 ▷NO 쇼핑 ▷자유일정 시 '유니버셜 스튜디오 싱가포르 ' 1일 입장권 구매 가능 ▷3회 식사 포함(송파 바쿠테, 칠리크랩, 스팀보트)",,정통,패키지,일반패키지,동남아,싱가포르,"인천,싱가포르",,싱가포르(연합),싱가포르,도시형,http://dimgcdn.lottetour.com/TN/0e/0ec570e90aad4f9a45707f9a9ed83a4b.tn.300x200.JPG,2022-08-04 10:21:03,2026-01-22 18:25:00
53753,1,B05A-0753753,부산[NO쇼핑][出4명이상出][전일관광or1일자유+센토사섬+랩소디쇼],▶ 싱가포르 5일,싱가포르 3박으로 즐기는 완전일주! 취향에 따라 [전일관광] OR [1일자유] 선택가능,"열정과 가능성이 만나는 곳, 무궁무진한 볼거리를 넘어 감동을 선사하는 싱가포르. 패키지 일정을 통해 싱가포르의 즐길거리를 빠짐없이 누리면, 즐거움으로 가득 찬 자신을 볼 수 있습니다.",정통,패키지,일반패키지,동남아,싱가포르,"부산,싱가포르",,쿠알라룸푸르/싱가포르,싱가포르,도시형,http://dimgcdn.lottetour.com/TN/95/9573d750bfaef1829b2c48db7f835cfc.tn.300x200.jpg,2018-11-16 15:13:59,2026-03-08 21:14:26
58818,1,B05A-0758818,[정통][NO쇼핑][좋았던 기억만으로 다시 떠난다] 싱가포르 5일,▶[전일관광],"▷핫 플레이스 시내관광 포함, 꽉차게 즐기는 싱가포르 ▷NO쇼핑 ▷자유일정 없는 전일 관광 패키지 ▷전 일정 식사 포함(송파 바쿠테, 칠리크랩, 스팀보트, 페라나칸)","다양한 문화와 민족이 살고 있는 싱가포르, 다양하게 보고 먹고 느끼자! #가든바이더베이랩소디쇼 #센토사섬 #페라나칸 #칠리크랩",정통,패키지,일반패키지,동남아,싱가포르,"인천,싱가포르",,싱가포르(연합),싱가포르,도시형,http://dimgcdn.lottetour.com/TN/79/798e981e64bdd263d6e68d55afde69b9.tn.300x200.JPG,2022-06-24 11:08:05,2026-01-22 18:24:43
56657,1,B05A-0756657,"[정통][NO쇼핑][하루쯤은 색다르게, 독특하게] 싱가포르 ,바탐 5일",▶[두나라 여행][전일 관광],▷ 싱가포르 (1박) & 인도네시아 바탐 (2박),가성비 좋~은 동남아 2개국 여행! 싱가포르+바탐 핵심/시내관광 포함,정통,패키지,일반패키지,동남아,싱가포르,"바탐,인천,싱가포르",관광,싱가포르(연합),싱가포르,도시형,http://dimgcdn.lottetour.com/TN/e8/e875d3f319e7f43f9d741edbb58c2cb1.tn.300x200.jpg,2019-09-30 18:20:41,2025-12-24 12:09:55
61718,1,B05A-0761718,[정통]['롯데관광'단독][NO쇼핑] [꿈꾸던 순간은 어느 새] 싱가포르 5일,▶[마리나 베이 샌즈 1박][하루 자유],"▷8명 이상 출발확정 ▷마리나 베이 샌즈 ♥하루 자유♥ 알차게 즐기기(조식 뷔페, 인피니티 풀, 샌즈 스카이파크, 피트니스클럽) ▷센토사섬 스카이라이더 2회",■ 국적기 이용 알찬 싱가포르ONLY 여행 ■ 싱가폴 마리나베이샌즈 1박 투숙 + 수영장 이용! ■ 도심속의 정원 가든스 바이더베이 랩소디쇼 포함,정통,패키지,일반패키지,동남아,싱가포르,"인천,싱가포르",,싱가포르(롯데관광 단독),싱가포르,도시형,http://dimgcdn.lottetour.com/TN/91/91e4ed293e851d59d9bb64336a69e8f8.tn.300x200.jpg,2024-04-19 11:16:18,2025-12-24 12:09:55
60908,1,B05A-0760908,[정통][NO팁/NO옵션/NO쇼핑][어디에서든 함께 있으면 행복해] 싱가포르 5일,▶[전일 관광],"▷꽉차게 즐기는 싱가포르 ▷THE 특별한 5大 혜택 ▷오전 자유시간 1회 확보 ▷전 일정 식사 포함(칠리크랩, 스팀보트, 아시안 뷔페)",싱가포르의 필수 관광지는 다 보셔야죠? 온전히 여행에 집중! 롯데관광과 함께! 엄선된 가이드로 더욱 든든한 패키지! 싱가포르를 여행하기에 제일 완벽한 코스! 전 일정 4성급 호텔 이용! #센토사섬 #보타닉가든 #페리나칸 #칠리크랩,정통,패키지,일반패키지,동남아,싱가포르,"인천,싱가포르",,싱가포르(연합),싱가포르,도시형,http://dimgcdn.lottetour.com/TN/42/42c8043ce4b2b736d18b233a26e59145.tn.300x200.JPG,2023-11-14 15:28:13,2026-01-13 15:56:35
56091,1,B05A-0256091,[품격][PRIVATE TOUR][NO팁/NO옵션/NO쇼핑] 싱가포르 5일,▶[전일관광][스위소텔3박],▷2명 이상 출발 보장 최대 8명! ▷월드체인 5성 호텔 '스위소텔 더 스탬포드' 3연박(70층 스카이 바에서 야경과 함께 와인&샌드위치) ▷센토사섬 오셔너리움,■ '롯데관광' 단독 프라이빗 여행 ■ 전일 관광으로 알차면서도 여유로운 순간들! ■ NO쇼핑으로 보다 여유로운 여행까지! ■ 3일차 도보 여행으로 현지 분위기를 한껏 즐기기!,품격,패키지,일반패키지,동남아,싱가포르,"인천,싱가포르",신성장,말레이시아/싱가포르,싱가포르,도시형,http://dimgcdn.lottetour.com/TN/be/be465cd5a450dd1874d73dd3b06a2d31.tn.300x200.jpg,2019-07-10 12:14:42,2026-01-16 11:39:58
56660,1,B05A-0256660,[품격][비즈니스 클래스][PRIVATE TOUR][NO팁/NO옵션/NO쇼핑] 싱가포르 5일,▶[전일관광][스위소텔3박],▷2명 이상 출발 보장 최대 8명! ▷편안한 비행을 위한 비즈니스석!▷월드체인 5성 호텔 '스위소텔 더 스탬포드' 3연박(70층 스카이 바에서 야경과 함께 와인&샌드위치) ▷센토사섬 오셔너리움,■ '롯데관광' 단독 우리끼리 프라이빗 여행 ■ 전일 관광으로 알차면서도 여유로운 순간들! ■ NO쇼핑으로 보다 여유로운 여행까지! ■ 3일차 도보 여행으로 현지 분위기를 한껏 즐기기!,품격,패키지,일반패키지,동남아,싱가포르,"인천,싱가포르",,말레이시아/싱가포르,싱가포르,도시형,http://dimgcdn.lottetour.com/TN/be/be465cd5a450dd1874d73dd3b06a2d31.tn.300x200.jpg,2019-09-30 18:25:19,2026-01-16 11:41:39
