board_seq,title,date,writer,product_code,category,product_title,content,keyword,page
318146,우리의 60기념여행,2026-03-26,김**,APP1142,패키지 > 동남아,[노쇼핑 / 마리나베이샌즈 호텔 1박 포함] 싱가포르 5일 # 1일자유,"많은 고민끝에 선택한 싱가포르여행, 7명의 친구들 모두 행복해하고 모든 일정 순조롭고 즐겁게 이어갈수 있었던건 지한별 가이드님의 노련한 리드와 정성스런 준비 또 재치가 있었기에 가능했던거 같습니다. 빛나는 추억여행이 되도록 애쎠주신 지한별 가이드님께 감사드리며 더욱 건강하시고 앞으로 모든 일들에 축복이 가득하시길 바랍니다♡",싱가포르,1
318128,행복했던 싱가폴 여행,2026-03-26,송**,APP1142,패키지 > 동남아,[노쇼핑 / 마리나베이샌즈 호텔 1박 포함] 싱가포르 5일 # 1일자유,지한별 가이드님과 함께한 저희 7명의 친구들~^^ 우여곡절 끝에 간 싱가폴 여행이라 별 기대없이 갔다가 지한별 가이드님의 친절한 안내와 입담으로 차안에서 즐겁고 관광지에선 제일 좋은 자리 선점으로 저희들 모두를 만족 시켜주셨습니다~ 슈퍼트리야경 볼때는 손수 큰 비닐도 준비해 주셔서 누워서 감상했던 기억은 지금도 잊을 수가 없습니다. 가이드님의 준비성에 박수를 보냅니다~♡ 글구 선택관광이었던 리버보트를 탔던 시간대도 해질무렵으로해서 야경까지 볼 수있게 해 주신점도 너무 좋았습니다~ 공항으로 갈때도 끝까지 저희들의 의견을 들어 주신 지한별가이드님께 우리모두 감사히 생각하고 있습니다 덕분에 너무나 즐거운 여행이었습니다~♡,싱가폴,1
317423,멋지신 백영호가이드님 덕분에...,2026-03-22,최**,APP1141,패키지 > 동남아,[노쇼핑/오차드 시내 중심 호텔 숙박] 싱가포르 5일 # 1일 자유,3박5일동안 너무 편안하고 멋진 싱가포르여행 행복하게 잘하고 왔습니다. 제가 무릎수술하고 얼마되지 않아서 떠난여행이라 걱정이 많았는데 백영호가이드님에 자상함과 배려심 덕분에 전혀 불편함없이 가족모두 감사한마음 가득안고 돌아왔습니다. 35개 나라를 여행했지만 참좋은 여행사는 처음이었는데 좋다 좋다 참 좋다는 말처럼 정말 너무 좋았어요^^ 다음 여행갈때도 참 좋은여행사로 가가로 가족과 합의를 봤습니다 ㅎ ㅎ ㅎ 백영호가이드님 신경써주셔서 너무 감사했습니다 항상 건강하시고 행복하세요.,싱가포르,1
317210,싱가포르 안은정 가이드,2026-03-20,조**,APP1142,패키지 > 동남아,[노쇼핑 / 마리나베이샌즈 호텔 1박 포함] 싱가포르 5일 # 1일자유,"안은정 가이드님과 함께한 3박 5일 일정은 정말 기억에 남는 여행이었습니다. 전반적으로 진행이 매끄럽고 편안해서 처음부터 끝까지 부담 없이 즐길 수 있었어요. 특히 여행 중에 몸이 안 좋은 인원이 있었는데도 빠르게 상황을 정리해주시고 세심하게 챙겨주시는 모습이 인상적이었습니다. 첫날에는 다소 피곤한 상태였는데, 가이드님의 밝고 유쾌한 분위기 덕분에 금세 컨디션이 풀리고 여행에 몰입할 수 있었습니다. 이동하는 동안에도 싱가포르에 대한 흥미로운 이야기들을 계속 들려주셔서 전혀 지루하지 않았고, 오히려 그 시간이 기대될 정도였어요. 전체적으로 굉장히 안정감 있고 만족스러운 여행이었고, 다음에 다시 싱가포르를 방문하게 된다면 꼭 다시 함께하고 싶은 가이드님입니다. 경험과 센스를 모두 갖춘, 믿고 맡길 수 있는 최고의 가이드였다고 생각합니다.",싱가포르,1
315873,13명의 친목여행,2026-03-12,조**,APP1141,패키지 > 동남아,[노쇼핑/오차드 시내 중심 호텔 숙박] 싱가포르 5일 # 1일 자유,9년전에 여행하고 너무너무 좋아서 또 여행했는대 싱가포르여행은 공기조차도좋아서 방문을 잘했다고 생각합니다 크리스탈윤가이드님 만나서 행복했어요 여행내내 한가지라도 알려주고 도움주려고 노력하는열정에 박수보냅니다 감사했어요,싱가포르,1
315591,싱가폴 투어를 하면서,2026-03-11,황**,AGI000,패키지 > 동남아,동남아 크루즈 7~8일 #로얄캐리비안 네비게이터 호,인천공항에서 첫 미팅때부터 밝은 모습으로 인사해주시고 일행들 여덟명을 인솔하시는데도 힘든 기색 없이 한분 한분을 신경 쓰시는 모습에 감동을 받고 조금이라도 더 보여주려고 노력 많이 하신 김은정가이드님께도 감사하고 짧은 여행이었지만 재미난 사투리와 퀵쉐어로 사진도 보내주신 점 잊지 않겠습니다 점수를 매긴다면 백점을 못 드리고 만점을 드리고 싶어집니다,싱가폴,1
315081,너무 좋았던 싱가포르 여행(●&#39;◡&#39;●),2026-03-08,김**,APP5141,패키지 > 동남아,[노쇼핑/월드체인 호텔]싱가포르 5일 #1일자유 #미식여행,"3월 2일에 출발했던 싱가폴팀 모녀입니다. 기존에 패키지라고 하면 약간은 힘든 일정이지 않을까 하는 생각이 들었는데, 이번 싱가포르 패키지는 여유가 있는 편안한 일정이었습니다. 대형버스로 진행되어서 이동도 아주 편했습니다. 같이 여행하신 분들도 약속시간을 매번 정확히 잘 맞추시고 서로 불편함 없이 분위기가 너무 좋았습니다.😊 특히나 정진호 가이드님께서 인솔도 너무 잘해주시고, 설명도 재미있게 잘해주셨습니다. 경제, 문화, 역사 등 지루하지않게 설명을 해주시니 이동시간도 더 짧게 느껴졌습니다. 깃발하나 없이도 모든 일행이 한번에 뭉쳐서 움직일 수 있게 진행하시는 모습에서 역시 베테랑 가이드라는 생각이 들었습니다 👍👍👍 사진도 특정 포인트에서 한팀씩 다 찍어주셨는데, 딱 1, 2컷만 찍어주셔도 인생샷이 나왔습니다 ㅎㅎ 모든 일행이 불편함이 없도록 카톡으로 언제든 소통해주셔서, 어른들을 모시고 가도 전혀 문제가 없는 안전한 여행이 되었습니다. 패키지를 여러번 다녀봤지만, 만났던 가이드님 중 가장 최고로 완벽하셨습니다🤭🤭🤭👍 저희는 1박은 마리나베이샌즈 호텔에서 묵었기 때문에 나머지 2박은 저렴한 호텔이어도 상관없었지만, 솔직히 2박을 숙박한 호텔의 컨디션은 4성급이라고 하기에는 너무 부족하지 않았나 싶습니다. 다른 일행분들도 호텔을 아쉬워하는 분위기였습니다.. 호텔만 개선된다면 완벽한 패키지라고 생각합니다😁 가이드님 덕분에 더 인상깊은 여행이 되었고, 오래도록 기억에 남는 추억이 될 것같습니다.",싱가포르,1
314113,(정용우 가이드님)일정·음식·가이드까지 완벽했던 싱가포르 여행,2026-03-01,김**,APP1141,패키지 > 동남아,[노쇼핑/오차드 시내 중심 호텔 숙박] 싱가포르 5일 # 1일 자유,"싱가포르 패키지 구성과 가격이 너무 좋아서 아들이랑 급하게 예약하고 떠난 여행이었어요. 준비 없이 출발하는 게 아닌가 걱정도 했는데, 괜한 걱정이더라고요😊 패키지라 일정은 알차게 짜여 있었고, 이동도 편했고 음식도 기대 이상으로 모두 맛있었어요. 핵심 코스만 딱 잘 담겨 있어서 짧은 일정이었지만 아주 만족스러운 여행이었습니다. 무엇보다 함께해 주신 정용우 가이드님 덕분에 여행이 더 즐거웠어요. 설명도 귀에 쏙쏙 들어오게 잘해주시고, 센스 있게 사진도 정말 예술로 찍어주셔서 저는 개인 사진을 따로 안 찍어도 될 정도였답니다 ㅎㅎ 특히 이동 중에만 비가 오고 도착하면 그치는 ‘타이밍의 마법’도 놀라웠어요. 센토사섬 루지 탈 때도 비를 피하려고 일정을 빠르게 조정해 주셨는데, 정말 이동할 때만 비가 와서 감탄했어요 👍 여행 내내 세심하게 챙겨주시고 고생해주신 정용우 가이드님께 다시 한 번 감사드립니다. 좋은 가격에 이렇게 만족도 높은 싱가포르 여행을 다녀와서 정말 행복했어요!!",싱가포르,1
313961,싱가폴 여행을 마치고...,2026-02-27,최**,APP1145,패키지 > 동남아,[노쇼핑/유니버셜스튜디오 포함] 싱가포르 5일 #전일관광,"몇번의 예약과 취소가 반복되면서 조급함에 비행기가 뜰 수 있는 여행으로 알아본 곳이 싱가폴이었다. 급한 마음에 결정한 여행지라 설레는 준비없이 가방을 쌌다. 싱가폴 창이 공항에 도착후 박혜련가이드를 만나면서 본격적으로 여행에 대한 설렘과 흥분이 달아오르기 시작했다. 투어내내 마이크를 손에서내려놓지않고 싱가폴의 문화,역사,경제 등 인문학에서 관광까지 지루할 틈이 없었다. 나의 여행이 박혜련 가이드님의 여행처럼 늘 발벗고 뛰어다니시면 가장 좋은 자리와 가장 좋은 관람시간을 위해 애쓰는 모습이정말 감사했다. 패키지 여행을 하다보면 원치않는 선택이나 쇼핑을해야 할 경우가 생기기 마련인데, 박혜련가이드님은 선택을 강요하거나 쇼핑에 대한 부담을 주지 않아 좋았다. 이번 여행은 박혜련가이드님 덕분에 매우 즐겁고 유쾌한 추억을 쌓을수 있어서 좋았다. 박혜련가이드님 같은분만 만나면 여행의 즐거움을 찾을수 있을것 같습니다. 박혜련가이드님 화이팅~~~~",싱가폴,1
313355,힐링이 있는 여유로운 여행,2026-02-24,강**,APP7143,패키지 > 동남아,[4인 출발 확정] 싱가포르 5일 #노팁+노쇼핑+노옵션 #전일 관광 #시내 특급호텔,멀리 가기로 계획했다 사정으로 가까운 싱가폴로 다녀오게 된 여행에서 행복하고 여유로운 시간을 가질 수 있어 좋았습니다. 친구 또래의 친절한 가이드님과 패키지를 빙자한 우리 1팀으로 이루어진 편안한 패키지 자유여행을 할 수 있어 넘 좋았습니다. 감사합니다😍,싱가폴,1
313338,참좋은여행이었습니다.,2026-02-24,정**,APP1145,패키지 > 동남아,[노쇼핑/유니버셜스튜디오 포함] 싱가포르 5일 #전일관광,급히 잡은 일정으로 급하게 준비하여출발한 여행. 4인가족으로 중딩. 초딩 아들 둘 데리고 출발ㅎㅎ 늦은 시간 공항도착 후 모니카 가이드님을 만나서참 좋았습니다. 호텔까지 도착하는 시간도 허투루 하지 않고. 설명해주시고. 일정내내 따뜻한 목소리로 설명도 열심히 해주시고. 하루는 비가왔던지라 일정도 요리조리 조율하셔서 3일 관광을 알차게 보냈습니다. 선택관광도 4가지 선택했는데. 돈안아끼길 잘했다는 생각이 듭니다. 당분간은 이 여행으로 기분좋게 일상으로 돌아가 곱씹으며 흐뭇하게 보낼것 같습니다. 모니카 이용준 가이드님. 날씨만큼 따뜻하고 즐거웠습니다. 다음에 다시 싱가포르여행하고 싶네요. 가이드 계속 하고 계신다면 또 뵙고 싶어요. 즐거웠습니다. 감사했습니다.♡♡♡,싱가포르,1
312879,글쎄요?,2026-02-21,엄**,APP1145,패키지 > 동남아,[노쇼핑/유니버셜스튜디오 포함] 싱가포르 5일 #전일관광,내돈과 내시간 투자해서 여행 갔고 패키지의 특성은 알고 있고 크나큰 기대는 안했지만 황당한 싱가폴 여행이었다.도착직후 가이드가 명절인데?여기 왜왔냐고?이게 무슨 의미의 질문인지?모르겠지만 여행의 기분을 망가트리고 싶지 않았다!18일*유니버셜스튜디오...도착시간 10시35분즈음..달러바꾸어 온다고 그자리에서 사진찍으면서 기다리라고 함...11시 거의 다되서 들어갔는데 4시30분에 만나자고 함..(일행25명중 6분은 다른 일정하러감#그시간 맞추느라 조금더 시간줄수 있었는데 만남 시간이 빠른가?조심스럽게 추측해봄)이른 저녁먹고 선택(대관람차)40여분 대기라고 일정표엔 있지만 안하신분들 실제론 1시30분 정도 대기(선택은 둘째날&네째날만 가능)19*일 미팅시간 10시에서 10시30분으로 늦춰짐...가든 바이더베이 도착시간 4시37분경..클라우드돔을 보구 5시15분까지 나오라함..사람도 많았고 사진도 제대로 못찍고 헐레벌떡 나온시간이 5시20여분경...플라워돔보고 50분까지나오라함...6시15분?즈음 저녁 식사로 송파바쿠떼...식당에 도착 7시에 2층버스(선택)관계로 타시는분들은 기다리시다가 버스타러가심..나머지분들은 기다렸다가 식사함..버스타고 오신분들은 포장해서 공항에서 드심...(케이블카 대기&(루지타고)우천으로 옷갈아입는시간&하나는 생각안남)시간 지체됐다고말도 안되는 핑계(우천이나 이런거 저런거 생각해서 미팅시간 정하는게 베테랑 가이든 아니던가?..~~~~~보타닉가든에서 자유시간 가지고 싶었는데 따라다니면서 설명듣고...남들 사진 찍어 주는것 기다리느라 어느 정도의 시간도 뺏김##고객들한테 동의없이 일정순서바꿈~~~~~~#타여행사 깃발들은거 비하?(이번 여행엔 깃발이 없어서 복잡할땐 일행 뒤보고 가는게 불편)~~~~~~일부 전..여행객들 별로 였다고 서슴없이 발언~~~~~패키지여행가서 10시30분 미팅시간은 처음해봄~~~~공항가기전 분수?(이름 까먹음*수분시간줌)있는곳 일정에 없는곳 간다면서 자화자찬....##일정에 없는곳보다 일정표에 있는거 알차게 하는것이 중요) 참좋은여행 에서 여러가이드 만나밨지만 ....글쎄요??????별로 생각하고 싶지않는 기억이지만 여기에 이렇게 주저리하는 이유는 다른 고객들은 좀...여유있게 다녔으면 하는맘에서이다!,싱가폴,1
311302,다시 일상으로 돌아왔네요~,2026-02-11,최**,APP7143,패키지 > 동남아,[4인 출발 확정] 싱가포르 5일 #노팁+노쇼핑+노옵션 #전일 관광 #시내 특급호텔,안녕하세요 ~ 부부동반 6명 한팀으로 떠난 싱가폴여행~ 두번째 방문이지만 첫번째여행은 정신없이 바쁜일정이었다면 이번 여행은 느긋하게 즐기면서도 놓치는곳이 없는 여행이었어요 공항에서 만난 지한별 가이드님과 꽉찬3일을 동행하며 현지의 소식이며 경제.정치.문화와 관광까지 여행내내 전달해주셔서 감사합니다. 특히 곳곳에서 훌륭한 솜씨로 찍어주신 사진은 귀국해도 찬찬히 들여다보며 그날의 감성을 일깨워주네요. 조금이라도 현지에서 커피를 마시며 여유를 부리는 우리를 기다려주셔서 감사드립니다. 이번여행의 장점이라면 여유로우면서도 싱가폴에서 봐야하는 여행지를 놓치지않았다는것과 마지막날 공항가기전 마지막 코스에서 여행의 화려한 유종의 미를 장식할수 있어 아쉬움을 뒤로하고 싱가폴을 떠나왔어요 우리팀 모두 지한별 가이드님의 세심한 배려에 감사했습니다. 항상건강하시고 참좋은 여행사에서도 좋은상품 좋은가격으로 선보여주시면 감사하겠습니다,싱가폴,1
309968,막내조카의 첫해외여행,2026-02-03,김**,APP1145,패키지 > 동남아,[노쇼핑/유니버셜스튜디오 포함] 싱가포르 5일 #전일관광,조카의 첫해외여행을 고민하다가 따뜻한 나라로 가자고해서 싱가포르 유니버셜 스튜디오에 가는 일정을 선택해서 갔는데 박혜련가이드님 덕분에 알차게 꼼꼼하게 설명도 해주시고 사진도 잘 찍어주시고~~26.01.13~1.17 (3박5일동안) 호텔 위치가 좋아서 해외여행의 여유로움을 느낄수 있는 아침시간~~ 넘 좋았습니다~음식도 넘 맛있게 잘 먹었고 가이드님의 화끈한 성격 덕분에 여행내내 편하게 즐겁게 보냈습니다~꽉 찬 싱가폴여행 추천합니다~,싱가포르,1
309839,싱가포르 담당 안은정 가이드님 감사합니다.,2026-02-03,권**,APP2124,패키지 > 동남아,[오차드 시내 숙박_노쇼핑/노옵션/노팁] 싱가포르 5일 #유니버셜 포함,"지난주에 부모님을 모시고 아이들과 함께 싱가포르 여행을 다녀왔습니다. 첫 만남부터 마지막 배웅끝까지 신경써주심에 부족함이 없었습니다. 특히 현지 생활에 대해 한국과의 차이를 설명해주셔서 싱가포르에 대해 전문가정도로 알게된 건 아니지만 많은 부분 알게되었습니다. 저희 가족이 큰 호응이 없어서 가이드 분께서 당황하시지 않았을까 오히려 걱정될 정도로 많은 이야기를 해주셨습니다. (만약 당황하셨다면 저희 가족이 원래 호응이 없었을 뿐 다들 좋은 여행이었다고 생각하고 계십니다...: ) ) 가이드님 덕분에 잘다녀올 수 있었고, 별탈없이 다녀올 수 있어서 좋았습니다. 저희 아이들도 가는 곳 마다 맛있게 식사해서 좋았다고 다녀와서 후유증을 앓을 정도입니다...ㅎ 다시한번 감사드리고, 항상 건강하시기 바랍니다.",싱가포르,1
309672,처음가본 싱가포르 안은정 가이드님과 함께,2026-02-02,최**,APP2123,패키지 > 동남아,[마리나베이샌즈1박 포함_노쇼핑/노옵션/노팁] 싱가포르 5일 # 유니버셜 포함,"처음가본 싱가포르 기대이상으로 좋았어요 특히 안은정 가이드님과 함께 해서 싱가포르의 문화,법,군대,학교.생활등등 200프로 알려주히면서 참좋은 여행이였어요. 다시하고픈 안은정가이드님 현지 잘계시구 언제 한국오시면 꼭연락주세요 소주한잔하게요~^^",싱가포르,2
309455,허윤선 가이드님 짱!,2026-02-01,정**,APP1141,패키지 > 동남아,[노쇼핑/오차드 시내 중심 호텔 숙박] 싱가포르 5일 # 1일 자유,해박하고 전문적인 지식 덕분에 정말 즐거운 싱가포르 여행이었습니다! 허윤선 가이드님 감사합니다!,싱가포르,2
309192,모든 것이 좋았던 여행!,2026-01-30,황**,APP1145,패키지 > 동남아,[노쇼핑/유니버셜스튜디오 포함] 싱가포르 5일 #전일관광,"저희는 박혜련 가이드님과 함께한 3박 5일 싱가포르 여행이었는데요. 개인적으로 널널한 여행은 별로 안좋아해서 그런지, 이번 여행일정이 꽉 차 있어서 좋았습니다. 부모님 두분과 23개월 아기가 함께 하는 가족여행이라 이것저것 신경쓸 것도 많았는데, 가이드님이 설명도 잘해주시고 잘 챙겨주셔서 수월한 여행이었습니다. 호텔은 많이 작긴 했지만 대신 조식 훌륭했고, 일정 중의 식사도 다 맛있었어요. 부모님도 음식이 다 좋았다고 하셨습니다. 트윈룸에 아기침대를 미리 준비해주셨는데 아기침대 때문에 방이 더 좁아서 빼버리고, 트윈침대 매트리스 두개를 붙여서 아기 가운데에 재웠더니 방 공간을 훨씬 넓게 쓸 수 있었습니다. 가이드님은 겉보기에 엄청 다정다감한 말투를 가지신 분은 아니었지만 단호하게 할 것과 하지 말아야 할 것들 명확하게 설명해 주신 부분이 좋았습니다. 일정마다 재빠르게, 그리고 미리 움직이셔서 줄 덜 서고 편안하게 관광할 수 있었구요. 본업에 충실하신 모습에 감사드립니다ㅎ 마치 싱가포르를 다 둘러본 것 같은 충분히 만족스러운 여행이었구요. 덤으로 비도 한번도 안내려서 더 감사한 여행이었습니다!!!",싱가포르,2
308244,안은정 가이드님과 어머나어머나~싱가포르여행!,2026-01-26,정**,APP1142,패키지 > 동남아,[노쇼핑 / 마리나베이샌즈 호텔 1박 포함] 싱가포르 5일 # 1일자유,"안은정 가이드님과 어머나어머나~싱가포르여행! 오래된 지인들과 들뜬 마음으로 떠난 여행길, 차량 이동시마다 동화책 옛이야기 풀어내듯 재밌게 추임새를 넣으며 설명해주셨어요. 마지막 날 저녁 , 공항 출발 전 여유로운 시간을 선택관광 리버보트를 골랐는데 멋진야경~탁월한 선택이었지요. 항상 밝게 웃는 얼굴로 맞이해주시고, 당혹스런 문제를 내일처럼 발벗고 나서서 완벽 해결해 주는 멋진 분으로 기억하게 되었네요. 즐겁고 행복한 여행이었습니다. 덕분에 좋은 추억 가득담고 왔어요. 항상 건강하세요~^*^",싱가포르,2
308105,딸과의 낭만 여행,2026-01-25,유**,EPP4557,패키지 > 유럽,"[명불허전] 동유럽 3개국 9일 # 체오헝 / 직항 / 프라하 야경 유람선, 클림트(키스), 이색 소도시",딸이랑 둘이서만 가는 첫번째 여행으로 참좋은 여행의 동유럽 패키지를 선택했어요 지난 9월에 친구와 싱가포르 여행이 만족스러워서 또 다시 참좋은 여행을 선택했어요 자유여행이 아닌 패키지를 선택하는 이유는 아무래도 여자 둘이라 안전때문입니다 패키지라 정해진 시간 때문에 미술관 작품들은 꼼꼼히 보지못한 아쉬움이 있긴 하지만 전반적으로 좋은 여행이었어요 첫날 안개로 부다페스트 국회의사당 야경을 못 본것 빼고는 날씨요정의 도움으로 만족했습니다 헝가리 부다페스트의 카페 제르보의 여왕이 마시던 멜란쥬 오스트리아 벨베데레 궁전의 미술관 비엔나의 작은 음악회 카페 자허의 아인슈페너와 자허 토르테 체코 프라하 야경 투어와 시내 올드카 탑승 모두 모두 기억에 남는 행복한 시간이었습니다 담번에 4가족의 여행을 계획중이예요 참좋은 여행으로요,싱가포르,2
308016,자연이 아름다운 싱가포르,2026-01-25,김**,APP9167,패키지 > 동남아,[부산][노쇼핑/전일관광] 싱가포르/가든스바이더베이+센토사/칠리크랩 5일 안심여행,아시는 분들들고 함께 다녀온 싱가포르 ㅡㅡㅡㅡㅡㅡ 넘 예쁘고 아름다운 여행이였습니다 자연의 아름다움돠ㅜ야간의 빛남이 더 아름다워 담번 여행에는 가족과 아이들과 함께 하려고 합니다,싱가포르,2
307741,3대가 함께한 싱가포르 여행~,2026-01-23,홍**,APP1145,패키지 > 동남아,[노쇼핑/유니버셜스튜디오 포함] 싱가포르 5일 #전일관광,"엄마 칠순기념으로 부모님과 함께 총 14명이 함께한 3박5일 여행!! 다른 팀과 조인해야하는 불편함을 감수하고 갔는데 운이 좋게도 단독으로 진행이 되어 기분좋은 여행의 시작이 되었고, 친절하신 가이드님 이 이동시간에 싱가포르에 대한 여러가지 정보를 많이 알려주셔서 아주 유익한 시간이였어요^^ 사진도 많이 잘 찍어주시고, 선택관광 많이 안했는데도 싫은내색 1도 없으셨어요~ 지금까지 제가 만나본 가이드님중 최고였어용!! 감사드립니다~~♡ 음식도 대부분 입에 잘 맞았고 그 중 칠리크랩 넘 맛있었어요!!^^ 관광지 구성도 알찼네요~ 남녀노소 누구나 좋아할만한 패키지상품 인거 같습니다^^ 적극추천!!^^",싱가포르,2
307257,안은정가이드,2026-01-20,민**,APP1143,패키지 > 동남아,[노쇼핑/싱가포르 5일] #전일관광 #특식3회,싱가폴여행에대한 지식도 알려주시고 많은 배려에 감사합니다 앞으로도 승승장구하시길바랍니다,싱가폴,1
306741,여유로운 여행,2026-01-18,성**,APP7143,패키지 > 동남아,[4인 출발 확정] 싱가포르 5일 #노팁+노쇼핑+노옵션 #전일 관광 #시내 특급호텔,매우 타이트한 여행에서 벗어나 여유롭게 여행을 하게되어 마음도 여유로워 편안한 여행이 되었어요 에스더 최 가이드님의 해박한 싱가포르 지식도 많은 도움이 되었고 깨끗한 공기와 여기저기 푸릇한 환경에 피곤함도 덜하고 호흡하기 행복한 싱가포르에 푹 빠졌어요 공항까지 함께하여 출국 수속도 도와주신 가이드님 감사했습니다 좀 비싼 경비로 이루어진 여행이었지만 대한항공의 질좋은 서비스와 대체로 좋은 식사 볼거리 좋은 여행! 역시 여행은 참좋은 여행입니다,싱가포르,2
306612,즐거운 여행,2026-01-16,김**,APP5141,패키지 > 동남아,[노쇼핑/월드체인 호텔]싱가포르 5일 #1일자유 #미식여행,가고싶었던 싱가폴 여행 잘 다녀왔어요 장동인 가이드님의 탁월한 인솔력으로 즐겁고 편하게 다녔어요,싱가폴,1
306562,그린그린 싱가폴♡,2026-01-16,박**,APP7143,패키지 > 동남아,[4인 출발 확정] 싱가포르 5일 #노팁+노쇼핑+노옵션 #전일 관광 #시내 특급호텔,겨울에 다녀온 싱가포르 여행은 그린그린에 푹 빠져있다 왔네요 정원의 도시 싱가폴이라는 말이 딱어울리는 말이었네요?공항버스타고 집에오는데 갈색빛 도심이 낯설어서 마이 당황했습니다..함께한 동반자님들 너무 좋았고 무엇보다 미식의 여행이었네요?에스더 최 가이드님에 빠르고 노련한 경험덕분에 잘다녀왔습니다 출국전까지 신경써주시고 배웅해주신 따듯한 마음 감사드립니다~ 커피한잔 대접못하고와서 많이 아쉽습니다..말그대로 참좋은 여행이었습니다,싱가포르,2
306309,싱가포르 3박 5일 힘든 여정에..,2026-01-15,박**,APP1141,패키지 > 동남아,[노쇼핑/오차드 시내 중심 호텔 숙박] 싱가포르 5일 # 1일 자유,항상 기운차게 가이드해주셔서 감사합니다,싱가포르,3
306307,이원영가이드님 고마워요♡♡♡,2026-01-14,이**,APP1141,패키지 > 동남아,[노쇼핑/오차드 시내 중심 호텔 숙박] 싱가포르 5일 # 1일 자유,"45년지기 친구들과 싱가포르 3박5일 여행을 했는데, 아름다운 추억이었습니다. 참좋은여행사와 이원영가이드님께 감사드려요 ~ 늘 환한 미소로 차근차근 설명해 주시고 당황하는 상황에서도 소통하며 침착하게 해결해 주심 고마워요",싱가포르,3
305696,대만 낭만야경,2026-01-11,조**,APP1299,패키지 > 동남아,[노쇼핑/월드체인호텔] 대만 3일/4일 #지우펀야경 #101빌딩,싱가포르 여행이 취소되는 바람에 기왕에 잡아놓은 휴가일정이 아쉬워서 다소 급작스럽게 선택한 대만여행! 최정혜 가이드의 친절한 안내로 대만이라는 나라를 좀더 잘 알게된 점이 좋았고 필요를 최대한 만족시켜주려 노력하는 모습이 고맙고 덕분에 편안하고 만족스런 여행이 되었다 칠순을 기념하여 리마인드 수학여행을 오신 중학교 동창분들과 역시 어머니의 칠순을 기념하여 아들내외와 손녀가 함께온 가족분들~ 좋은 분들과 유쾌하고 따뜻한 여정이 되었다 늘 참좋은여행과 여행을 하는데 이번에도 참좋은 선택이었다,싱가포르,3
305567,싱가포르 3박 5일 패키지 후기｜참좋은여행 오키드 호텔·센토사섬,2026-01-10,강**,APP9167,패키지 > 동남아,[부산][노쇼핑/전일관광] 싱가포르/가든스바이더베이+센토사/칠리크랩 5일 안심여행,"싱가포르 3박 5일 여행기 로밍은 도깨비 로밍 3년째 편해서 쓰고 있다 핸드폰으로 다해결 넘편해 ㅎ ㅎ이심만 깔면 끝 (오키드 호텔 숙박 · 센토사섬 포함 / 개인적인 경험과 취향 기준) 이번 싱가포르 여행은 10년 넘게 알고 지낸 동료들과 함께한 여행이었다. 서로 성향을 잘 아는 사이여서 이동이나 일정에서 큰 불편함 없이 편안했다. 우리 일행 4명에 다른 여행사 3명이 합쳐진 연합 패키지 상품이었고, 이동은 봉고차로 했다. 차 안 에어컨은 굉장히 시원했지만, 물 외에 커피·음료·음식 반입 금지라 그 점은 다소 불편했다. 싱가포르는 전반적으로 조용하고 깨끗한 도시 국가라는 인상이 강했다. 중국계, 말레이계, 인도계 등 여러 인종과 언어가 자연스럽게 섞여 살아가는 모습이 인상적이었고, 가이드님은 싱가포르 전체 크기가 한국 서울보다 조금 더 크다고 설명해 주었다. 날씨는 덥고 습했지만, 개인적으로는 한국 한여름보다는 덜 힘들게 느껴졌다. ?1일차 ? 이동만 한 날 부산에서 제주항공을 타고 싱가포르 창이공항으로 출발했다. 오후 비행기라 싱가포르에는 밤늦게 도착했고, 이날은 관광 일정 없이 숙소로 이동하며 하루가 끝났다. ?입국 절차 출발 전 입국신고서 QR을 직접 발급받아 복사본까지 준비했지만, 공항에서는 참좋은여행사에서도 입국신고서를 해준다며 QR 복사본을 또 나눠줬다. 막상 입국 심사는 여권 스캔만 하면 끝이었다. QR도, 복사본도 필요 없었다. 입·출국 심사는 전체적으로 아주 간단하고 진짜 빠른 편이었다. 공항도 사람이 많이 없었다 늦은시간 이긴 했지만~ 오히려 출국할때 한국에서 40분 걸렸다 공항 나오는대ㅠ 숙소는 오키드 호텔이었다. 주변에 한국 식당이 많아 식사 걱정은 적었다. 삼겹살 ,오봉집 체인점, 파전 ,솥밥 등 없는게 없다 객실에는 생수가 제공되지 않았고 세면대 옆 조리수(정수) 밸브에서 물을 받아 마시라고 안내받았다. 그대신 물병이 있었다 호텔에서는 두리안이 대표적인 금지 과일이었고, 냄새 강한 다른 과일도 하나 더 있다고 했지만 이름은 기억나지 않는다. 그래서 과일은 호텔 뒤쪽 시장 과일가게에서 사서 밖 벤치에 앉아 직접 깎아 먹었다. 나름 좋았다 ㅎ 호텔 조식 (개인적인 생각) 조식은 가짓수는 많지 않았지만 전반적으로 맛있었다. 국수, 새우 만두, 요플레가 있었고 국수위에 고명으로 있는 어묵이 맛있었다 특히 블루베리 요플레와 사과 요플레가 기억에 남는다. 조식 후에는 호텔 근처 공원 산책을 했는데, 공원에 닭들이 자연스럽게 돌아다니는 모습이 인상적이었다. ?2일차 ? 초록초록한 싱가포르 2일차부터 본격적인 관광이 시작됐다. 약간 습하고 더웠지만 한국에 여름보다는 덜더운 느낌이었다 이날은 싱가포르의 ‘초록초록한 면’을 가장 많이 본 날이었다. 보타닉 가든 유네스코 세계문화유산답게 도심 한가운데 있지만 숲처럼 울창했다. 나무 크기가 정말 크고, 잎사귀도 크고 조화 인거같이 보여서 만져보았다 ㅎㅎㅎㅎㅎ 향신료 향이 나는 나무들도 많아 걷는 내내 싱가포르다운 자연을 느낄 수 있었다. 정자 앞은 사진이 잘 나오는 포인트라 다들 잠시 멈춰 서서 포토 타임을 가졋다 초록 배경에 정자가 어우러져 사진으로 남기기 좋은 장소 였다 포토캐닝 파크 정자에서는 현지인들이 음식을 싸와서 앉아 먹는 모습도 볼 수 있었다. 관광지라기 보다는 동네 공원처럼 이용하는 느낌이 들어 인상적이었다 이주변에는 향신료 나무가 많다고 가이드가 설명해주었고 잎을 만지거나 가까이 가면 향이 느껴졌다 오차드 로드 깔끔하고 정돈된 쇼핑 거리. 복잡하지 않고 도시 자체가 차분한 느낌이었다.오차드 로드 쇼핑몰 안에 잠깐 들어갔다가 기념으로 열쇠고리 하나늘 샀다 가격은 2만원 가까이 했는데 소품치고는 비싼 편이었지만 여행 기념품으로 그냥 구입했다 큰 쇼핑은 아니었지만 이렇게 남는 작은 물건 하나가 오히려 여행을 더 오래 기억하게 해주는거 같다. ?차이나타운 활기찬 분위기 속에서 길거리 단밤(군밤)을 먹었는데 정말 맛있었다. 근처 스타벅스에서 아이스 커피와 머핀도 먹었는데, 싱가포르 여행 중 스타벅스는 덥고 지칠 때마다 가장 시원하고 깨끗한 공간이었다. ? ?리버 원더스 (River Wonders) 물고기들이 있는 수족관 형태의 공간. 실내 위주라 조용하고 시원한 분위기였고 관람 동선이 원형에 가깝게 설계돼 따라 걷다 보면 자연스럽게 한 바퀴 돌게 됨 걷다보며 물위를 건너는 작은다리도 있음 한국 수족관들이 워낙 잘 되어 있어서인지 비교해 보면 특별히 압도적이라는 인상은 아니었다 가든스 바이 더 베이 실내 돔 미래적인 건물과 자연이 결합된 공간. 건물이 굉장히 높고, 이끼 같은 식물이 외벽을 덮고 있는 모습이 인상적이었다. ?슈퍼트리 전망대 & 가든 랩소디 쇼 해가 완전히 지기 전 시간대라 기대했던 만큼 화려하진 않았다. 그래도 구조물 자체의 크기와 조명으로 둘러싸인 모습은 위대하고 멋지긴 했다. 일행 중에 한명은 구조물 중간에 사람들이 걸어다니는것을 보고 다리를 건너가보고 싶어했는데 가이드님이 미리 예약을 해야한다고 하셨다 사람이 진짜 많았다 15분 쇼인데 ~ 점심 쇼핑센터 식당에서 돼지국물에 쪽갈비가 들어간 국물 요리.개인적으로 안좋아함 비주얼은 좋았지만 국물이 많이 느끼했다. ? 저녁 ? 유람선 -선택관광 싱가포르 리버 크루즈 (유람선) 해가 완전히 진 뒤에 탑승했다. 강을 따라 늘어선 건물들의 불빛이 물에 비쳐 야경이 정말 멋있었다. 강변 식당에서는 사람들이 야외 테이블에서 맥주를 마시며 식사하고 있었고, 도시 전체는 조용한데 이 구간만큼은 조금 시끄럽고 자유로운 분위기였다. 이층버스 야경 투어 -선택관광 비가 오다 말다 했고, 바람이 너무 세서 숨쉬기 힘들 정도였다. 덥고 습했지만 높은 시야에서 보는 도시 야경은 확실히 인상적이었다. 한국어 설명 이어폰을 제공해 준 점은 좋았다. 저녁 한식 ? 제육볶음, 된장찌개 반찬이랑 다 맛있는 편이었다 ?2일차 밤 ? 돈키호테 & 24시 마트 숙소 근처 돈키호테 매장 건물 안에는 다이소, 마사지샵, 일본 음식점까지 함께 있었다. 돈키호테에서는 일본 간식을 구매했다. 또 싱가포르 24시 마트에서는 술과 간식을 샀다. 같은 맥주라도 시원한 것과 안 시원한 것의 가격이 달랐고, 시원한 맥주가 더 비쌌다. 결국 비싸도 시원한 맥주를 선택했다. ?3일차 서던 리지스 도심과 숲이 이어진 산책 코스.조용히 걷는 산책로 느낌 이랄까 걷기 좋고 비교적 한적했다. 비가 조금씩 내렸고 우산을 쓰고 사진을 남겼다 물결 모양 나무다리가 유명한 헨더슨 웨이브스 라고 해서 그냥 걷고 지나칠수는 없어서 ㅎ ?부기스 재래시장 현지 분위기를 느낄 수 있는 곳. 사람 많고 활기찼다. 초콜렛이 종류가 엄청 많았다 좁은 골목형 시장 분위기로 옷 기념품 액세서리 등 다양한 상품이 많았다 우리나라 명동 &동대문 길거리 상가 &남대문 시장 일부 섞은 느낌 이랄까 구경은 했는데 특별히 기억에 남진 않는다. 이슬람 거리 아랍 스트리트(캄퐁 글람) 이국적인 색감과 분위기가 인상적이었다. 사진이 아주 잘 나왔다 배경이 이쁘다 원래 인도 커피를 마시고 싶었는데 못 찾고 % 아라비카에 갔다. % 아라비카 커피 맛도 깔끔하고 시원하고 고소했다.커피 맛집 이구나 생각이 들었다 .커피는 어제 차이나 타운 스타벅스에서 먹던 블루베리 머핀과 함께 먹으면 맛있겠다 생각이 들었다 말차 라떼도 정말 맛있었다. 이후 한국에 와서도 말차 라떼를 사 마시게 될 정도였다.말차 라떼에 빠지게 된거같다 한국에 와서 사서마셨지만 그맛은 아니네ㅠ 내셔널 갤러리 루프탑 내셔널 갤러리 싱가포르 루프탑은 싱가포르 도심과 마리나 베이 스카이라인을 한눈에 볼 수 있는 전망 명소 미술관 관람 후 쉬면서 사진 찍기 좋은, 뷰 맛집 옥상 정원 ?점심 샤브샤브 스타일 돼지 육수 인거 같다. 국물이 느끼해서 어묵과 상추만 싸 먹었다. 어묵이랑 상추는 맛있었다 조식에 때 국수에 나온 어묵도 맛있었는데 싱가포르는 어묵이 맛있다 가이드님이 샤브샤브에 찍어먹을 황금 레시피 소스를 알려줬다 소스맛있었는데 고기육수와 고기는 완전 느끼했음 그래도 현지식이라해서 먹어보려고 했는데 .넘 느끼해서 콜라 시켜서 마셨음 (내 개인적 취향아) 마리나 베이 샌즈 스카이 파크 (선택관광) 오전 방문. 전망은 멋졌지만 그늘이 거의 없어 매우 더웠다. 사진만 찍고 빨리 내려왔다. 햇살이 따가웠지만 시원하게 전망 은 잘 보였다 ?저녁 한식 ? 닭볶음에 한가지 더있었는데 기억이 안남 반찬이랑 맛있었음 ?대관람차는 원래 이날 일정이었지만 벼락(낙뢰)으로 다음 날로 변경됐다. 기다리다 왔는데 벼락 소리는 무서웠음 ?4일차 ? 머라이언 공원 /파크(사자상) 싱가포르의 상징인 사자상. 사자 입에서 물이 나오는 모습을 보며 ‘아, 싱가포르에 왔구나’ 실감이 났다. 모자로 물 받는 포즈를 시도했지만 사람이 많아 쉽지 않았다. ?싱가포르 시티 갤러리 관람 싱가포르의 도시 발전과 변천사를 그림과 모형으로 설명해 주는 공간. 가이드 설명이 특히 인상 깊었다. 대관람차(플라이어) 선택관광 움직임이 느리고 흔들림이 거의 없어 매우 안정적이었다. 오히려 높이감이 잘 느껴지지 않을 정도였다. 야경도 정말 멋있었다. 안이 넓고 시원해서 좋았다 ?센토사섬 케이블카: 안이 꽤 더웠다. 에어컨이 안 나옴 ?루지 안전모자를 착용하고 두 번 탔지만 코스가 짧아 아쉬웠다. 한번은 직원들이 타는법에 대해 알려주고 타고 두번째는 타는곳이 틀림 리프트에서 내릴 때가 긴장되고 더 무서웠다. 빨리 빨리 내리라고 직원들이 외치는 소리에 우리 일행은 웃음이 터짐 인공 해변 바다와 모래가 보였다 넘 더웠다 사진만 찍고 코코넛 아이스크림 먹었다 .편의점에는 한국 과자도 보이고 한국 라면은 어디가나 있는거 같았다 점심 ? 칠리 크랩 대표 음식이라 기대했지만 살이 많이 녹아 있었고 먹을 수 있는 양이 적어 아쉬웠다. 한개 먹다 안먹음 싱가포르 와서는 소스들이 내입맛에 안맞음 우리 나라 음식으로 치면 감칠맛이 없다해야하나 내개인적 의견 ㅠ ? 리틀 인디아 커리에 난(인도 빵)을 찍어 먹는 사람들이 많고, 거리 전체에 인도 향신료 냄새가 진하게 났다. 금은방이랑 각종 잡화 가게들이 빽빽하게 모여 있었고, 너무 더워서 결국 스타벅스로 피신했다. ? 마지막 저녁 인도식 닭 커리 파란 밥 내 입맛에는 밋밋하고 향신료 맛도 별로, 그냥 쏘쏘. ?센토사 야간 쇼 ‘윙스 오브 타임(Wings of Time)’(선택관광) 비가 오다 말다 해서 비옷 입고 기다리느라 사우나 같은 느낌이었다. 가이드님이 항상 내용은 똑같다고 하심 ?참좋은 여행사에 선택관광은 a b c d 총4 상품이 있고 우린 d 를 선택해 총 5가지 선택관광을 했다 노쇼핑이어서 따로 쇼핑은 없었다 패키지 여행은 어떤 가이드를 만나느냐에 따라 여행이 훨씬 풍성해진다. 가이드님은 설명을 잘해주시고 친절 하셨다 오키드 플라워 공예품 가게에서 가장 눈에 들어왔던 건 실제 난초 (오키드)꽃을 그대로 보존해 만든 공예품들이었다.예뻐서 눈에 확 들어왔다 투명한 레진 (아크릴) 안에 싱가포르의 상징 같은 보라색 난초 꽃을 넣어 굳힌 제품인데 안에 있는 꽃이 조화가 아니라 실제 꽃이라는 점이 인상적이었다. 사진 액자 형태로 된것도 있었고 작은 오브제처럼 세워두는 장식품도 있었다.예쁘긴 했지만 가격이 만만치 않고 깨질까봐 걱정도 돼서 결국 구매는 하지 않았다 지금 생각해 보면 싱가포르 느낌이 가장 잘 담긴 기념품 중하나라 조금 아쉽기도 하다. ?싱가포르의 인상적인 점 ? 쓰레기통 & 도시 문화 싱가포르에서 인상 깊었던 것 중 하나는 쓰레기통이었다. 터치로 여는 방식도 있고, 발로 눌러 여는 방식도 있어서 위생적으로 잘 관리된다는 느낌을 받았다. ?도시 전체가 정말 깨끗하고 관리가 잘 되어 있다는 인상이 강했다. 음식에 대한 개인적인 생각 동남아 여행을 여러 번 다녀봤지만, 싱가포르는 특히 김과 김치가 많이 생각났던 나라였다. 김치에 김 싸 먹거나 김치 한 젓가락이 정말 그리웠다. 마침 일행 중 김과 김치를 챙겨온 분이 있어 정말 좋았다. 이건 전적으로 개인적인 입맛과 취향이다. ?출국 & 면세점 출국할 때 싱가포르 공항 면세점에는 담배가 없었다. 담배는 기내에서만 구매 가능했고, 비행기 전체 기준으로 두 보루만 판매한다고 한다 결국 한국 도착 후 경복궁 면세점에서 담배를 구매했다. 비행기 안에서 산 것보다 경복궁 면세점에서 산 담배가 조금 더 비쌌다. 면세점에서는 소스들이 입맛에 안맞아 과자나 라면을 살까말까 정말 고민을 많이하다 IRVINS(어빈스) 솔티드 에그 라면을 구매했다. 다른맛도 또있었는데 마라맛,스파이시 맛 5개입 한 봉지였고, 공항에서는 약 8천 원 정도였던 것 같다. 우리나라 참깨라면을 볶음면 으로 먹는느낌 이라고 할까 ~ 오우 맛있었다.더 사올거를 ㅠ 한국에서는 배송비 포함 약 2만 5천 원이라 비싸서 못사먹겠다ㅠ 면세점 구매가 훨씬 이득이었다.공항 면세점에 사람들은 바샤 커피(Bacha Coffee)를 선물로 많이 사는것 같았다 커피 향 종류가 엄청 다양했다. 달콤한 향에 냄새들~ 바샤 초콜릿도 있었다 살까 말까 고민하다 안샀다 ?여행을 마치며 싱가포르는 조용하고 초록초록한 숲, 깨끗한 도시, 그리고 여러 인종과 언어가 조화롭게 어우러진 조용한 나라로 기억된다. 무엇보다 10년 넘은 동료들과 함께여서 더 편하고 즐거운 여행이었다. 생각난대로 적어서 일정이 좀 뒤죽박죽이다 지극히 개인적인 생각이다",싱가포르,3
302659,참좋은여행사사장님!! 정영남가이드님을 칭찬해주세요,2025-12-22,김**,CPP988,패키지 > 중국,"[부산][노팁/노옵션] 장가계직항 4,5일","먼저 정영남가이드님 정말정말 감사했습니다. 여행다녀와서 바쁘게 밀린일& 연말업무 처리하다보니 이제야 후기를 남깁니다 이번여행은 가이드님 덕분에 정말 편하고 심적으로도 안정적인 여행이 되었습니다. 제가 여행중에 싱가포르에서 가이드님때문에 너무 맘이 불편했다고 잠깐 이야기 드렸었는데 가는곳마다 줄서는 신경전으로 다른 팀들과 다투고 얼굴붉히는 일들이 많아,,,,물론 저희를 위해 그런거지만,,,,,,, 여행일정내내 그러한 일들이 계속 반복되다보니 너무 맘이 불편했거든요 그런데 정영남베테랑 가이드분을 만나 가는곳마다 특별대우를 받는거 같아 기분이 좋았고 어려운 문제도 척척 해결해 주셔서 너무 감사했습니다. 무엇보다도 저희 일행분중 한분이 한국에 도착해서 개인업무중 매트리스 업체에 송금을 잘못하여 발을 동동 구를때 가이드분께 연락을 드렸더니 10분도 채 지나기도 전에 바로 다시 돈을 돌려받을수 있도록 처리해 주셔서 너무 감사했습니다. 또다른 일정중에 있으셨을텐데 속전속결로 처리해 주셔서 너무 감사했습니다. 여행의 일정이 끝나 가이드님과 상관없는 상황이였지만 끝까지 책임소명을 다하고자 적극적으로 처리해주셔서 너무 감사했습니다...물론 참좋은여행사에 대한 신뢰도 확~~ 올랐습니다 대형여행사만 주로 이용을 해봤고 참좋은여행사는 이번이 첨이였는데 너무 즐겁고 행복한 여행을 하였습니다. 앞으로도 참좋은여행사를 애용하고 주변에도 많이 홍보할께요 처음 예약관련 일정 문의도 친절히 받아주신 상담사분께도 감사드리고 여행중 행여나 저희에게 무슨일이 있을까 항상 노심초사 살펴주시고 또 살펴주시며 어떻게든 최대한 편하고 안전한 여행이 되도록 신경써주시고 식사할때도 모자란것이 없는지 더 필요한것이 없는지 제대로 식사도 못 하시고 옆에서 챙겨주신 정영남가이드님 ^^ 항상 건강하시고 얼마남지 않은 2025년 한해 마무리 잘하시고 2026년에는 항상 웃을수 있는 기쁜일 & 행복한 일이 가득하시길 기도합니다 감사합니다. 꾸벅!!",싱가포르,3
302462,싱가폴 3박5일 여행 후기,2025-12-22,전**,APP1141,패키지 > 동남아,[노쇼핑/오차드 시내 중심 호텔 숙박] 싱가포르 5일 # 1일 자유,"여행 후기를 좀 더 소개합니다. 60대 형제 3남매 부부 가족이 3박5일 싱가폴 패키지 여행을 다녀온 감동의 여운이 아직도 남아 있는거 같습니다. 남는게 사진이라고, 사진을 보면서 지나간 감동을 다시 느껴보는 묘미가 있는거 같아요. 특히, 마지막날 오후 여행 일정중, 항공기 지연을 알게된 이원영 가이드님의 적극적인 도움으로, 혼자라도 먼저 대체 항공편으로 올 수 있었고, 하룻밤 더 묵은 아내와 형제 일행들은 나름 오븟한 시간을 보낼수 있었던 것 같습니다. 해외 여행의 돌발 상황에서 귀국하는 날까지도 끝가지 챙겨준 이원영 가이드님이 있었기에 행복한 마무리가 되었습니다. 아직도 감동의 여운이 남아 있네요... 감사합니다.^^",싱가폴,2
302396,토루를 다녀와서 김현희,2025-12-21,김**,CPP650,패키지 > 중국,[ 마카오+하문 두도시여행/국내선 이동 ] 고랑서섬(왕복페리)/남정토루+성바울성당/세나도광장 5일,"저는 참좋은 여행사 팬 이었습니다. 이번에는 마카오와 하문을 다녀 왔습니다.예전에 참좋은 여행으로 몽골, 바이칼. 핀란드 오로라. 싱가폴. 베트남 사파. 폴란드 일주등 여러곳을 다녀 왔는데, 올3월 폴란드 때에는, 김규동 인솔자님의 수준 높은 안내에 칭찬의 글을 후기에 올리기도 했었지요. 그런데 이번에는 너무 실망이 커서 다시 글을 올립니다. 첨부터 쇼핑과 옵션이 많다는것은 알고 있었습니다. 그걸 의식했는지, 회사측 에서는 비행기 내리자 마자 동의서를 내밀어서, 내용을 확인할 새도 없이, 또 글자도 작아서 보기 힘들기도 하고 해서 그냥 사인을 해주고 말 았습니다.그런데 토루는 다 보는걸로 알고 있었고, 유네스코 지정토루 하나, 영정토루를 뺄줄은 상상치도 못한 일 이었습니다. 물론 당연히 70$를 내고 옵션을 했죠. 그렇지만 저는 용납이 되지 않습니다. 딴 모든 사람들도 불만이 많았습니다. 딴거는 이해 한다고 해도 이건 아닌거 같습니다, 제가 이번에 참좋은 여행사의 VIP가 됐드라구요! 제가 VIP로서 노파심에서 제안합니다. 참좋은 여행사를 사랑하는 사람들에게 실망을 주시지 말기를 원하는, 부탁하는 마음으로 이글을 올립니다. 시정해 주십시요.",싱가폴,2
302361,싱가포르 여행,2025-12-21,전**,APP1141,패키지 > 동남아,[노쇼핑/오차드 시내 중심 호텔 숙박] 싱가포르 5일 # 1일 자유,귀국 항공편 변경으로 지연되었을때 이원영 가이드님이 끝까지 신경써주셔서 감사드립니다.,싱가포르,3
299532,김완심 가이드님을 칭찬합니다,2025-12-03,양**,APP1141,패키지 > 동남아,[노쇼핑/오차드 시내 중심 호텔 숙박] 싱가포르 5일 # 1일 자유,싱가포르 3박5일 여행을 다녀왔습니다~5일간에 휴가를 김완심 가이드 덕분에 편한 여행이었어요~ 픽업부터 세심한 배려와 여행지에 대한 자세한 설명 덕분에 행복한 여행을 보냈습니다~,싱가포르,3
299257,엄마와의 꿈같은 여행!,2025-12-01,최**,EPP5648,패키지 > 유럽,"[느리게, 천천히] 스페인+포르투갈 10~11일 #전 일정 1급 #포르티망 #포르투","엄마와 그동안 일본, 홍콩, 마카오, 싱가포르 등등은 함께 많이 다녔지만 ..장기간 여행 및 패키지는 처음이었는데요~ 약 10일간 엄마와 함께한 유럽 패키지 여행에서 좋은 인연들을 만날 수 있어 정말 감사한 시간이었습니다. 특히 허곤 가이드님의 박학다식한 설명으로 여행지를 더 깊이 이해할 수 있게 해주시고, 겉은 츤데레 (?) 같지만 누구보다 세심했던 배려 덕분에 편안하고 즐거운 여행이 되었어요. 함께한 약 30명정도의 일행분들께도 감사의 마음을 전하고 싶습니다. 항상 시간 약속을 잘 지켜주시고, 숫기 없는 저희 모녀를 먼저 따뜻하게 챙겨주셔서 큰 힘이 되었어요. 컨디션이 안좋았던 엄마의 상태도 물어봐주시고.. 약도 챙겨주시던 어르신도 계셔서 넘 감동이었습니다!! 모든분들 덕분에 이번 여행은 단순한 관광이 아니라 ‘추억이 되는 여행’이 되었습니당 ^^ 다시 한 번 모든 일행분들 그리고 가이드님께 감사드리며...다음에 또 좋은 인연으로 만나길 바래용 ^^♡ 다들 건강하시고 행복하세요~~",싱가포르,3
298723,인상적인 안은정 가이드님,2025-11-28,선**,APP1141,패키지 > 동남아,[노쇼핑/오차드 시내 중심 호텔 숙박] 싱가포르 5일 # 1일 자유,"지난 3박5일 싱가포르 여행은 안은정 가이드님 덕분에 정말 완벽했어요. 싱가포르의 다양한 모습을 열정적이고 전문적으로 설명해 주셔서, 단순 관광을 넘어 나라에 대한 깊은 이해를 할 수 있었던 좋은 시간이었습니다~ 싱가포르 여행을 계획하고 있는 분이 계시다면 안은정 가이드님을 적극 추천합니다.",싱가포르,3
298336,싱가폴여행을 마치며~~,2025-11-25,박**,APP5131,패키지 > 동남아,[노쇼핑/전일관광] 싱가포르 5일 #미식여행,"2025.11.20~24 일까지 싱가폴패키지를 다녀왔습니다. 우기라고해서 우려를 많이했는데,밤엔 천둥치고 비와도. 여행하는중엔 날씨가 좋아 너무도 행복했어요. 싱가폴은 20여년전 방문하고 두번째인데, 너무도 많이 변했네요. 음식들도 좋았고, 송파바쿠테는 전혀생각했던맛과 달리 입에 잘 맞아서 맛있게 먹었습니다. 센토사섬 의 루지도 처음타보고 . 재미있어서 더타고싶고 두번타는데도 길이가 짧게 느껴졌어요. 어린시절로 돌아간듯 즐거웠습니다. 그리고 놀라운 슈퍼트리 가든랩소디쇼 는 잊지못할거같습니다. 인천으로 돌아오는길,가이드님의 배려로 창이공항1터널안에있는 폭포(일정엔 없는곳)를 잠시봤는데, 정말 너무 멋있는곳 이었습니다. 함께여행한 18명 좋은분들 모두감사하고. 저는5조입니다.ㅎㅎ 이성철가이드님 감사합니다.이리 저리 뛰어다니시고, 하나라도 더 설명해주시려 애쓰셨습니다. 항상건강하세요~~",싱가폴,2
298286,즐거운여행,2025-11-25,장**,APP0109,패키지 > 동남아,"[빛나는 두 도시, 한 번에 즐기는] 싱가포르 + 쿠알라룸푸르 5일",싱가포르 말레이시아 두나라 여행 너무 알차고 즐거웠습니다.서정주 가이드님 정말 고맙습니다.마지막 쿠알라룸푸르 비행기 지연에도 긴 시간 기다려주셔서 감사합니다.사진도 너무 멋지게 찍어주고 자세한 설명도 듣기 좋았습니다.좋은 추억으로 오랫동안 남을거같습니다.*^^*,싱가포르,4
298273,엄마와 함께한 싱가폴 여행!!!,2025-11-25,홍**,APP5131,패키지 > 동남아,[노쇼핑/전일관광] 싱가포르 5일 #미식여행,오랜만에 모녀여행으로 싱가폴은 올해가 가기 전 제일 기억에 남을 시간으로 아주 멋진 선택이었다고 생각합니다. 이성철 가이드님께서 여행하는 동안 해주신 많은 얘기들 중에 지금 이 후기를 쓰면서도 웃게 되는 내용도 그리고 싱가폴이란 나라의 경제력과 다민족을 포용하기 위한 다양한 제도들을 알려주셔서 제가 싱가폴이란 나라에 사랑에 빠질 수 있었던거같습니다. 무더위에 가이드님은 지친 기색도 없이 저희에게 더 알려주시려고 노력하시는 모습을 보며 이성철 가이드님의 열정을 존경했고 감탄했습니다. 처음엔 어색했던 일행분들과도 이성철가이드님의 유머와 재치에 빠르게 스며들며 금방 가까워질 수 있었다고 생각합니다. 선택관광을 하지 않아도 그 시간동안 충분히 자유롭게 관광할 수 있는 분위기 만들어주셔서 감사합니다. 여행가기 전 전화상담 서정x님(홍콩팀 상담사) 처음부터 끝(개선요청에 대한 답변)까지 썩 기분이 좋지 않아 참좋은 여행이란 상호명에 과연 의심도 했습니다. (참좋은 여행사에는 홍콩은 안갈 예정입니다) 그래도 저희 싱가폴 팀 선생님은 친절하셨습니다~ 궁금한게 많았는데 항상 친절하게 답변해주셔서 감사합니다 또한 싱가폴에서 만난 이성철 가이드님의 친절하시고 세심한 배려 덕분에 참좋은 여행을 하고 온 것 같아 좋습니다. 이성철 가이드님!! 항상 행복하시고 건강하세요~~~~~~~~~!!!!!,싱가폴,2
298123,가슴이 벅차고 아름다운 추억의 싱가폴 여행,2025-11-24,고**,APP5131,패키지 > 동남아,[노쇼핑/전일관광] 싱가포르 5일 #미식여행,"2025.11.20.(목) 출발 3박5일 싱가폴 여행 2년 반 만에 아내와 3박5일 싱가폴 패키지 여행을 다녀왔는데 만족도가 높았다. 인상에 많이 남는 사항을 몇가지 설명을 하면... 1.스카이파크 (마리나베이 샌즈 호텔) - 호텔 자체가 예술이며 싱가폴 상징인 건물 정상에 올라 가서 싱가폴 도시 구경 - 제가 싱가폴 여행에 참여한 이유 중 하나가 지인의 사진에서 보는 이 건물이 멋있어서 직접 보기 위해서 임 2.수퍼트리 가든랩소디 쇼 - 음악에 맞춰 화려한 조명으로 진행하는 환상적인 공연 - 공연을 누워서 보는 이색적인 체험 3.리버 보트 - 싱가포르 강을 따라서 배를 타고 화려한 야경을 감상할 수 있음 4.싱가폴 국가 이해 - 지하 자원이 없고 도시국가 수준의 작은 나라가 세계 10위권 경쟁력 보유 국가로 성장하기 까지 가이드 선생님의 설명을 수차례 듣고 느낀 바가 많았는데, 특히 국가 뿐만 아니라 개인도 힘(경쟁력)이 있어야 한다는 사실은 가슴에 새겼음 여행의 성공요인은 가이드, 날씨 및 일행 등 세가지를 이야기 하는데 이번 여행에서는 모두 매우 만족스러웠다, 우선 열정적이고 성심 성의껏 여행을 진행하여 주신 이성철 가이드님을 만난 것은 우리 팀으로는 행운이었다고 일행분(18명)들이 이구동성으로 칭찬을 하였다. 유머가 풍부하여 여행기간 내내 일행분의 입이 다물어 지지 않을 정도로 유쾌했고, 외국에서 생활을 하지만 모국인 대한민국을 사랑하는 마음을 가지고 있어서 제 가슴이 뭉클하였다. 또한 선택관광을 하지 않은 분들도 불편하지 않도록 세심하게 배려를 하여 주는 모습이 인상적이었다. 투철한 서비스 정신을 바탕으로 배려심이 있고 유머감각이 탁월한 이성철 가이드 선생님이 열정적으로 여행을 진행하여 주셨고, 또한 일행 분들도 하나같이 훌륭한 인품을 바탕으로 친절하게 대해 주셔서 덕분에 저희 시니어 부부는 여행하는 내내 즐거웠고, 그래서인지 패키지 여행을 끝내고 귀가할 때는 아쉬움이 가득했다. 유능한 인재(이성철 가이드)를 발굴하여서 즐겁고 편안한 여행이 될 수 있도록 하여준 참좋은여행사에도 감사한 마음을 전달드리고 싶다. 마지막으로 여행을 함께한 가이드 선생님과 16명 일행분 가정에 늘 행복과 건강이 가득하기를 기원드리고 싶다. 고맙습니다.",싱가포르,4
297733,싱가포르 여행~~,2025-11-22,정**,APP7143,패키지 > 동남아,[4인 출발 확정] 싱가포르 5일 #노팁+노쇼핑+노옵션 #전일 관광 #시내 특급호텔,"착하고 예쁜 친구와 함께 싱가포르 3박5일 여행을 다녀왔습니다. 기대했던 대로 알차고 즐거운 여행이었습니다. 특히 정용우 가이드님의 자세한 설명과 위트, 배려,친절, 그리고 인생샷을 찍어야 한다면 가는곳 마다 사진을 찍어 주심에 즐겁고 만족한 여행을 했던것 같습니다. 다시 한번 가이드님께 감사드리고 승승장구 하시길....",싱가포르,4
297688,싱가폴 자유여행 이용 아시아나로갔는데 유아석을 혼자않게배정 어이없네요,2025-11-22,채***,APF321,자유여행 > 동남아,●아동할인● [센토사빌리지] 싱가포르 자유여행 5일,싱가폴을. 가족여행으로 11명이 아시아나 이용 ~~좌석배치 나뻐서 1명씩 껴않게 배치 ~~유아들도 부모떨어지게되서 모르는분에게 계속 폐끼침 담담 자들이 전혀 신경 안쓰고 일한듯,싱가폴,2
294985,싱가폴 6일부터 3박5일 여행,2025-11-09,이**,APP1141,패키지 > 동남아,[노쇼핑/오차드 시내 중심 호텔 숙박] 싱가포르 5일 # 1일 자유,11월 6일부터 3박5일 싱가폴 여행을 하면서 안은정 가이드 님 과 함께하는 동안 너무나 친절하고 편안한 여행을 할수 있어 즐겁고 행복 했습니다 건강 하시고 행복 하세요~,싱가폴,2
294979,11월6일부터 3박5일간 싱가폴여행:안은정가이드님과 함께,2025-11-09,박**,APP1141,패키지 > 동남아,[노쇼핑/오차드 시내 중심 호텔 숙박] 싱가포르 5일 # 1일 자유,"밤늦게 싱가폴 창이공항에 도착했다. 참좋은여행 피켓을 든 안은정 가이드님이 우리를 맞아 주셨다. 밤늦게 도착해서 피곤했지만 친절하고 꼼꼼하게 안내를 해주셨다. 호텔로 가면서 싱가폴 소개와 호텔체크인, 숙박을 잘할수 있도록 해주셨다. 그리고 여행 첫날부터 끝날때까지 관광안내, 식사안내, 소소한 마트 이용법, 와이파이사용법, 싱가폴의 역사, 미래 등 자세하고 재미있고 멋진 여행이 되도록 많은 배려를 해주셨다. 여행도 더운지역인데 시원한 곳에서 쉬어가면서 편안한 여행이 되었고, 미니버스차량 타고 4명이 관광한 것도 처음이고 한가족처림 안내를 잘해주신 것도 정말 좋았다. 다시한번 감사드리고 앞으로 늘 건강하시고 많은 관광객들이 안은정 가이드를 만나 즐거운 싱가폴 여행이 되길 바랍니다.",싱가폴,2
294976,안은정가이드와 함께한 싱가볼 여행,2025-11-09,김**,APP1141,패키지 > 동남아,[노쇼핑/오차드 시내 중심 호텔 숙박] 싱가포르 5일 # 1일 자유,기대반 설렘반으로 시작한 싱가폴 여행. 여행내내 환한 얼굴로 미소를 잃지않고 매순간 진심을 보이는 모습에 감동했답니다. 다음에도 또 기회가되면 또다시 안은정가이드님을 필히 함께하고싶어요. 안은정가이드님!! 당신때문에 행복하고 즐거운 여행 잘하고 갑니다. 건강하게 잘 지내요^~^♡♡,싱가폴,3
294969,싱가폴,2025-11-09,김**,APP1141,패키지 > 동남아,[노쇼핑/오차드 시내 중심 호텔 숙박] 싱가포르 5일 # 1일 자유,참좋은여행가이드안은정님과함께한3박5일이친절한친동생같은따스함과배려로편안하고행복한시간이였습니다~다음에도꼭추천해주고픈안은정가이드님^^감사합니다~사랑합니다,싱가폴,3
294495,"아쉽지만, 자유 시간에 모든 추억을 담아 온 것으로 기대치를 대체할까?",2025-11-06,채**,APP1141,패키지 > 동남아,[노쇼핑/오차드 시내 중심 호텔 숙박] 싱가포르 5일 # 1일 자유,"적당한 화제와 가는 곳에 대한 충분한 설명과 이해를 돕기 위한 노력은 기본이다. 지금은 쓰루가이드가 없고, 현지 랜드사에서 나오는 가이드로서 안내를 받는 것이 일상화 되어 있다. 그럴경우 관광객들은 기대와 호기심 또는 다소간의 두려움도 없지 않다. 기본적인 와이파이 아이디와 패스워드는 호텔에 도착하여 바로 알려준다. 그리고 다음날 또는 그 전체 일정을 간략히 오프라인으로 제시하여 혹시나 온라인이나 와이파이가 안되어 알지 못하는 경우에 대비한다. 아무리 온라인의 시대라지만 온라인이 안될 경우를 우리는 생각해야 한다. 가급적 개인적인 이야기는 최대한 자제하고, 여행일정과 그 지역에 대한 그리고 진행상황에 대하여 철저히 그리고 명확하게 알려준다. 그리고 적당한 화제를 사전에 준비하여 관광객들의 자루함을 느끼지 않도록 하는 것이 좋다. 그리고 옵션상품에 대하여는 사전에 그대상 지역에 대하여 충분하게 설명을 한 후 옵션여부에 응하 기를 기대하여야 한다. 절대 응근히 라도 강요하는 감을 주어서는 안된다. 식사를 하기전 식당의 이름과 위치 등을 상세히 알려 주어야 한다. 만나는 장소는 사전 관광객에 충분히 알 수 있도록 정확하게 알려주면서 컨펌에 리컨펌을 함으로서 관광객의 인지가 확실한지를 인식하여 햔다. 반복되는 설명과 반복되는 장소다 보니, 다소 지루하게 느껴 질수도 있다. 반복은 사람을 힘들게 하는 경우도 있다. 기대에 만족도가 제로여도 그 여행은 성공적이라고 나는 생각한다. 요번 여행에서 자유시간 하루가 전일정을 통하여 가장 기억에 남고 의미있는 여행일정 이었다고 생각한다. 그리고 원 일정에 속한 것이라도 다시 반복이 되어도 다시 가서 찬찬히 여유있게 돌아보면서 감상하고 즐기는 것이 최고였지 않나 싶어진다. 직접 시내버스와 지하철도 타보고 현지생활을 조금이라도 느껴 본다는 것이 다른 일정보다도 큰 의미를 가져다 주었다. 여행은 그 자체가 담고 있는 것처럼 집 떠나면 고생이다. travail과 travel과 상통한다. 여행의 즐거움은 간극이 크면 더 클수록 희구함이 높아진다. 자기가 돈을 쓰면서 자기 것으로 담아오는 것으로 자기 것화하는 것으로 이만한 것은 없다고 고려된다. 좌우간 이번 싱가폴 여행은 3번째 들리는 곳이지만 많은 변화를 가져온 것이 기억과 추억은 시간의 뒤안 길에 있음을 인지케한다. 그런대로 좋았다. 사진 속 추억거리를 들여다 보면서 싱가폴의 추억을 더듬어 본다. 어쩌다 만족할 여행에 아쉬움이 낀 여정이었지 않나 싶다. 자유시간때 둘이서 버스타고 관광지와 음식점 찾아 돌아 다녔던 것으로 기대의 마음을 대체할까 한다. 마음을 추수리자. 참좋은 패키지여행 중 가장 아쉽다.",싱가폴,3
294296,싱가포르,2025-11-05,박**,APP2123,패키지 > 동남아,[마리나베이샌즈1박 포함_노쇼핑/노옵션/노팁] 싱가포르 5일 # 유니버셜 포함,"정원속 도시라는 별칭만큼 이색적인 건물과 식물이 조화을 이루어 더운날씨에도 불구하고 덥다는 생각보다 하나라도눈에 담으려 눈돌아가는줄 모르고 시간보냈습니다. 섬세하게 챙겨주신 ""정용우가이드""님이 사진도 많이 찍어주시고 일정이 끝났지만 싱가포르에서 가보고 싶었던 곳도 보게 도와주셔서 감사했습니다.",싱가포르,4
289347,짧지만 알찬 여행코스와 싱가포르 김선영 가이드를 칭찬합니다.,2025-10-15,이**,APP0109,패키지 > 동남아,"[빛나는 두 도시, 한 번에 즐기는] 싱가포르 + 쿠알라룸푸르 5일","1. 3박5일의 여정은 두나라를 여행하기에 짧았고, 힘들었지만 아주 알찼습니다. 2. 싱가포르 김선영 가이드를 칭찬합니다. 여행팀의 경비처리와 여러가지 일들을 내 일처럼 처리해주었기에 인상이 크게 남았고, 친절도 진심이 느껴졌습니다.",싱가포르,4
289079,세계최고 가이드 임규원,2025-10-15,황**,APP1141,패키지 > 동남아,[노쇼핑/오차드 시내 중심 호텔 숙박] 싱가포르 5일 # 1일 자유,아시아 최고 가이드라는 명성에 걸맞는 아주 훌륭한 여행 동반자 였습니다. 편안한 일정관리 꼼꼼한 시간관리 막힘없는 소개 등 아주 멋있고 아름다운 여행을 만들어주신것에 감사드립니다. 다음 싱가폴 여행에도 꼭 다시 만나는 행운이 있길 바라겠습니다. 임규원가이드님의 앞날에 영광이 있기를..,싱가폴,3
288805,임규원 가이드님 감사합니다.,2025-10-14,정**,APP1141,패키지 > 동남아,[노쇼핑/오차드 시내 중심 호텔 숙박] 싱가포르 5일 # 1일 자유,싱가포르 여행을 다녀왔습니다. 크게 기대하지 않고 떠났던 여행인데 많은 것을 배우고 즐거운 여행이었습니다. 성공적인 여행은 가이드의 열정과 능력이 좌우할 수 있겠다란 생각을 하였답니다. 특히 2층 버스 투어는 별로일거라 생각했는데 열정적으로 설명해주셔서 최고의 섵택관광 코스가 되었답니다. 대한민국 국민임을 자랑스럽게 여기게 해주는 설명 들도 좋았답니다. 이번 여행 중 음식도 맛있었는데 한식당이 조금 아쉬웠네요. 김치찌개를 조금 덜 강하고 마싯게 끓였으면 좋았겠다는 생각을 했습니다. 한동안 싱가포르 여행 의 기억으로 즐겁게 생활 할 수 있을 것 같습니다. 감사합니다~^^,싱가포르,4
288300,아주좋은 위치!,2025-10-13,이**,APP0145,자유여행 > 동남아,[시내위치_월드체인 호텔] 싱가포르 자유여행 5일,"10년 전쯤 싱가폴 패키지를 갔을때, 자유여행 하기 좋은곳이라 생각 했었고, 이번에 호텔, 비행기만 예약해서 도전했어요 :) ibs 싱가폴 온 벤쿨렌 호텔은 전철역을 3개 낀 교통 요지에 있습니다 호텔 컨디션은 비즈니스 호텔정도? 생각되고요, 호텔에 머무는 시간 짧은 여행자에겐 적당했던것 같습니다 예상대로 싱가폴은 자유여행이 아주 편리합니다 관광대국답게 여행자 편의를 신경쓴 부분이 아주 많았습니다 저축 많이해서 ( 물가가 좀 비싼듯한 느낌적인 느낌 ^^; 우리나라와 비슷, 환율따라 체감 다를듯하네요 ) 다시 갈 예정입니다~!",싱가폴,3
288069,방소량 가이드님 감사합니다,2025-10-12,채**,APP1299,패키지 > 동남아,[노쇼핑/월드체인호텔] 대만 3일/4일 #지우펀야경 #101빌딩,"방소량 가이드님. 3박 4일간의 대만 여행이 짧다고 느껴질 정도로 다양한 역사 지식도 알려주시고, 개그맨 뺨치는 재치있는 언변과 사진명소에서 일일이 사진을 찍어주셔서 정말 좋은 추억을 남기고 갑니다. 2024년도에 싱가포르 여행때에는 가이드 실력도 없으면서 자화자찬 하며 여행 온 사람들을 가르치려 들었던 쓰레기 같은 가이드와 너무나 비교됐습니다. 가뜩이나 싱가포르는 너무 덥고, 비도 많이와서 습하고 짜증났는데 쓰레기 가이드 때문에 정말 역대 최악의 여행을 겪었기에 대만 여행은 솔직히 기대보다는 걱정이 먼저 앞섰거든요. 싱가포르 보다는 덜했지만 대만도 더웠음에도 방소량 가이드님 덕분에 정말 즐겁게 보냈어요. 패키지 여행 특성상 최고의 여행이 될지, 최악의 여행이 될지는 9할이 어떤 가이드를 만나느냐인듯 합니다. 방소량 가이드님을 만난건 진짜 행운이었다고 생각합니다. 다음 여행에서 기회가 온다면 또 한번 뵈었으면 좋겠습니다.",싱가포르,4
287927,임규원 가이드님 감사합니다 😊,2025-10-11,김**,APP1142,패키지 > 동남아,[노쇼핑 / 마리나베이샌즈 호텔 1박 포함] 싱가포르 5일 # 1일자유,"제가 패키지로 여행을 즐기는 이유 중에 하나가 가이드입니다. 국내에서도 문화해설사를 통해서 설명을 듣고 관광을 하면 좀 더 디테일한 부분까지 알고 즐길수 있더라구요. 하물며 해외 여행에서 가이드 역할이 저는 중요하다고 생각해서 편하게 즐깁니다. 임규원 가이드님 시진도 잘 찍어 주시고 설명도 잘 해주셔서 싱가포르에 대해 많이 알고 갑니다. MBS TOWER 4, 창이공항 5터미널이 2031년 완공된다는 정보까지...그때 가봐야겠어요. 너무 깨끗한 도시, 벌레도 없고 그전에 또 갈지도...",싱가포르,4
287888,즐거운 가족여행,2025-10-11,정**,APP9167,패키지 > 동남아,[부산][노쇼핑/전일관광] 싱가포르/가든스바이더베이+센토사/칠리크랩 5일 안심여행,추석연휴 휴일이 너무 많아서 갑자기 가게 된 싱가포르 가족여행 덕분에 너무 편안하고 즐거운 여행였어요^^,싱가포르,4
287881,임규원 가이드님의 건승을 기원합니다.,2025-10-11,천**,APP1141,패키지 > 동남아,[노쇼핑/오차드 시내 중심 호텔 숙박] 싱가포르 5일 # 1일 자유,덕분에 어머니와 너무 즐겁고 행복한 싱가포르 여행이었어요. 가기전에 걱정이 앞섰는데 막상 와보니 싱가포르는 앞으로 저에게 있어서 좋은 사람들이 모여있는 정말 좋은 나라 라는 인식으로 남을거같습니다. 기회가 된다면 또 마리나 베이 샌즈 호텔에서 숙박하고 싶어요ㅋㅋㅋ즐거웠습니다!,싱가포르,4
287860,싱가포르 튜어 추억 가득담게 해주신 임규원가이드님 고맙습니다 ~~,2025-10-11,김**,APP1141,패키지 > 동남아,[노쇼핑/오차드 시내 중심 호텔 숙박] 싱가포르 5일 # 1일 자유,임규원 가이드님 싱가폴 튜어 추억 가득담게 해주심에 감사 드립니다,싱가포르,5
287854,임규원 가이드님 정열적인 안내에 감사드립니다,2025-10-11,유**,APP1141,패키지 > 동남아,[노쇼핑/오차드 시내 중심 호텔 숙박] 싱가포르 5일 # 1일 자유,임규원 가이드님 싱가폴 튜어 가이드에 감사합니다,싱가폴,3
287816,싱가폴,2025-10-10,윤**,APP1143,패키지 > 동남아,[노쇼핑/싱가포르 5일] #전일관광 #특식3회,싱가폴 여행 추석일정이라 다소 비용이 비쌈 - 어쩔 수 없긴 해도 비쌈 부부 모임에서 6명이 함께 매해 마다 참좋은을 통해 여행을 합니다 - 여섯명이 움직이다 보니 모인 회비는 늘 바닥이지만 . 그래도 늘 즐거운 시간을 보냅니다 - 이번에는 김태형 가이드님과 함께 했습니다 - 많은 추억을 일정을 안배하며 시간에 맞춰 최고의 좋은 부분을 경험하기 위해 얼마나 수고를 많이 하는지가 보이는 시간을 보냈습니다 선택을 해야 하는 다섯개의 추억을 팀원이랑 이야기를 하며 그대로 진행 하며 즐겁고 재미난 추억이 또 쌓였습니다 *마지막으로 가이드가 질문을 하더라구요 싱가폴 하면 생각 나는것 이 먼저 무엇이냐고 망설임 없이 김태형 가이드 라고 대답을 했던 것도 세심한 배려를 아끼지 않는 모습을 보면서 정말로 많은추억이 생겼지만 그 중 가이드님의 최선을 다하는 모습을 식사시간이나 야경의 포인트를 볼 시간 등 안배하는 모습을 보았기 때문입니다 참좋은에 좋은 가이드님이 계신다는 것 참좋은 이미지에 중요한 역할을 하고 있구나 생각이 들었습니다 내년 추석에 어디로 갈지를 또 함께고민하며 돌아 왔습니다 수고 많으셨고 가격도 비쌌지만 즐거움도 함께 여서 감사한 시간이라 정리해 봅니다,싱가폴,3
286996,김태형 가이드님 감사합니다.,2025-10-09,이**,APP1143,패키지 > 동남아,[노쇼핑/싱가포르 5일] #전일관광 #특식3회,이번 추석연휴에 경험이 많은 싱가포르 전문가 김태형 가이드님 덕분에 참좋은 여행을 했습니다. 싱가포르 패키지를 예약하고 비행기를 탑승하기 전까지도 기대는 거의 하지 않았습니다. 왜냐하면 싱가포르 날씨가 너무 덥고 습하다는 애기를 말이들어서 기대보다는 걱정이 앞섰어요. 그런데 이번 추석연휴가 길었고 한번도 안가본 여행지라 싱가포르를 선택했습니다. 패키지 여행의 장점으로 버스로 편하게 이동하다보니 시원하게 여행할 수 있었고 구성이 좋은 패키지 일정과 더불어 김태형 가이드님 및 함께 여행한 분들의 배려로 행복한 여행이 완성 되었습니다. 인천으로 돌아올때 번거로우셨을텐데 통로쪽으로 좌석을 바꿔주신 일행분들께도 진심으로 감사드립니다. 그리고 김태형 가이드님 덕분에 인생샷 많이 얻었습니다. 다음에도 참좋은 여행과 함께할게요^-^,싱가포르,5
286726,방소량 가이드님 덕분에 대만여행 잘 다녀왔습니다,2025-10-06,채**,APP1299,패키지 > 동남아,[노쇼핑/월드체인호텔] 대만 3일/4일 #지우펀야경 #101빌딩,"방소량 가이드님. 3박 4일간의 대만 여행이 짧다고 느껴질 정도로 다양한 역사 지식도 알려주시고, 개그맨 뺨치는 재치있는 언변과 사진명소에서 일일이 사진을 찍어주셔서 정말 좋은 추억을 남기고 갑니다. 2024년도에 싱가포르 여행때에는 가이드 실력도 없으면서 자화자찬 하며 여행 온 사람들을 가르치려 들었던 쓰레기 같은 가이드와 너무나 비교됐습니다. 가뜩이나 싱가포르는 너무 덥고, 비도 많이와서 습하고 짜증났는데 쓰레기 가이드년 때문에 정말 역대 최악의 여행을 겪었기에 대만 여행은 솔직히 기대보다는 걱정이 먼저 앞섰거든요. 싱가포르 보다는 덜했지만 대만도 더웠음에도 방소량 가이드님 덕분에 정말 즐겁게 보냈어요. 패키지 여행 특성상 최고의 여행이 될지, 최악의 여행이 될지는 9할이 어떤 가이드를 만나느냐인듯 합니다. 방소량 가이드님을 만난건 진짜 행운이었다고 생각합니다. 다음 여행에서 기회가 온다면 또 한번 뵈었으면 좋겠습니다.",싱가포르,5
285615,내인생 2번째 해외여행,2025-09-29,강**,APP1141,패키지 > 동남아,[노쇼핑/오차드 시내 중심 호텔 숙박] 싱가포르 5일 # 1일 자유,이원영 가이드님 잘지내시죠^^ 40년지기 여고동창 드디어 현실이 되어 떠 났던곳 싱가폴 도착하니 5공주라 불러주시는 사랑스런 원영 가이드님 친절함과 열정에 감사드립니다 사진도 멋지고 근사하고 무엇보다도 역사가 담긴 설명이 좋았습니다 👍 여행에서 복귀후 사진보며 웃는 일상으로 화이팅 해보아요 ^^ 참좋은 여행 하게 해주셔서 감사합니다 잘지내시고 건강하세요 응원합니다 ~^^,싱가폴,4
284738,싱가포르 행복한 여행,2025-09-26,임**,APP1141,패키지 > 동남아,[노쇼핑/오차드 시내 중심 호텔 숙박] 싱가포르 5일 # 1일 자유,1일 자유일정이 있는 패키지로 싱가포르를 다녀왔습니다. 지한별 가이드님 정말 편안하게 신속하게 역사 문화 교육 법에 대한것까지 알려주시고 스케쥴도 탄력있고 센스있게 움직여주셔서 편하게 다녔습니다. 차량도 너무 시원해서 고마웠습니다. 싱가포르는 배울점이 많은 나라임을 다시금 경험하였고 2층버스 슈퍼트리쇼는 강추입니다 지한별가이드님 정말 고마웠습니다,싱가포르,5
283706,리조트가 다 했다!!,2025-09-22,김**,APP0258,패키지 > 동남아,[가족여행 NO.1_모벤픽 리조트] 발리 4박6일 #누사페니다 섬 투어 #남부&우붓투어 #자유일정포함,"기대 이상의 모밴픽 리조트(발리) - 리조트가 다 한 여행 여행 첫 날, 체크인 시 - 트윈베드라 해서 놀랬다. 여행사 담당자님 이건 무슨 상황인가요? 곧 가이드의 요청으로 큰사이즈 베드(1개)로 변경해주긴 했다. 신혼여행인데, 어째서 트윈베드? 예약을 트윈베드로 한 것도 아니고 기분 상했지만 바로 변경해준 리조트측에게 고마웠고, 다음날 허니문 기프트를 방으로 보내줘서 또 한 번 감동했다. 모밴픽 리조트가 공항 및 짐바란비치와 가까와서 좋았다. 가족단위 여행객이 많은만큼 아기자기하고 편리한 시설,작지만 적당한 풀장도 좋았다. 4시의 쵸콜렛 아우어도 좋았다. (아이 있으신 분들 모밴픽 강추!) 그러나 선택관광으로 망쳐버린 기분 ㅠㅠ 발리스윙, 스노클링, 씨워킹, 마사지 총4개의 선택관광을 진행했다. 짐바란 씨푸드도 선택하려 했지만 사전 파악된 가격과 차이가 많아 결국 취소 저녁에 가이드 없이 따로 다녀왔는데 짐바란 씨푸드는 정말 강추! 분위기, 맛, 어느 하나 빠짐없이 너무 좋았다. 식사 끝나고 여유롭게 내가 원하는만큼 해변도 거닐고... ㅎ 그리고 숙소앞에서 펼쳐진 전통공연과 버스킹도 멋졌다. 잊지 못할 추억이 될 것 같다. 하지만 누사두아 에서의 스노클링은 최악이었다. 물이 뿌얘서 아무것도 볼 수 없었고 쓰레기만 물속에서 건져줬다. 이런걸 알았다면 절대 안했을거다. 스노클링을 5분도 못하고 나왔다. 비용은 1인당 40달러.. 80달러는 현재 환율로 10만원이 넘는 금액이다. 순식간에 바다에 10만원을 버리고 왔다!!! 가이드는 스노클링 퀄리티 몰랐을까? 정말 기분 별로였다. 현지 사정 잘 모르니 편하게 관광하려고 비싼돈 들여 패키지 가는거 아닌가? 마사지도 진짜 어의없었다. 첫날 패키지에 포함된 아로마 마사지는 괜찮았다. 하지만 옵션으로 진행한 마사지는.. 할 말이 많다. 발리에 마사지샵이 몇 개 있을까? 엄청난 수의 마사지샵이 경쟁한다. 그래서 좋은 퀄리티의 마사지를 저렴한 가격에 받을 수 있는 거겠지.. 하지만 가이드가 데려간 선택관광 마사지는 1인당 45달러 근데 샵 분위기와 청결도 무엇? 음악소리 하나없이 한국 찜질방 같은 곳에 에어매트가 수십개 일렬로 깔린 곳에서 마사지를 받았다. 갈아입 으라고 준, 땀내와 세제 냄새가 묘하게 어우러진 옷도.. 별로였다. 등 마사지를 할 때 고개를 어느 한 쪽으로 어쩔 수 없이 꺽고 있어야해서 마사지 끝나고 나는 목에 통증이 더 심해지는 진기한 경험을 했다. 그래도, 가이드가 좋냐고 물어보길래. 좋다.. 고 했다. 가이드의 어두운 표정은 보고 싶지 않았기에..ㅠㅠ 마지막으로, 이 패키지 일정은 누가 짰는가? 그나마 패키지의 마사지 일정을 여행 첫날 해서 이정도였지 안그랬다면 마사지도 못하고 비행기를 탔을 것이다. (이 부분은 가이드의 판단에 감사하다.) 발리 교통상황을 알고 이런 일정을 짰는가? 담당자는 반성해야 할 일이다. 마지막날 비행기 밤10시 45분 출발전까지 나는 오전내내 3개의 쇼핑센터를 다녔다. 커피공장에서는 한국에서도 물린적 없는 모기에 물려 불편함을 호소하며 모기있다고 하는데도 쇼핑센터 직원도. 가이드도. 꿈쩍 안하며 ""여긴 모기 없는데요"" 라는 말만... 결국 남편이 내 허벅지에서 모기를 잡았다. 벌겋게 피를 토한 모기는 내 피를 토해냈다. 커피공장-잡화점-폴로(옷) 쇼핑을 마치고 우붓까지 2시간넘게 달려가서 1시간 시장구경하고 다시 2시간 넘게 걸려 저녁을 먹으로 돌아왔다. 그나마 강남식당의 따뜻한 김치찌개가 없었다면, 난 폭발했을지도 모르겠다. 몇년전 사이판에 간적이 있다. 그 것 또한 참좋은 여행 통해서였는데 그 때 만난 여자 가이드분 덕분에 나는 사이판 역사가?가 될뻔했다. 가는 곳 마다 자세한 설명 사이판의 과거와 현재를 참재밌게 설명해주셨다. 그런데 이번에 만난 가이드는 발리에 대해 물어보면 답변으로 알려줬다. 공항에서 처음 픽업해줬던날, 리조트로 가는 30분이 내가 들은 설명의 90프로라 해도 과언이 아니다. 2시간씩 교통체증에 시달려도 설명이 없다.ㅠㅠ 그래도 마지막 공항도착해서 짐싸는거 봐주시더라. 고마운 면도 있다. 하지만 전체 평점을 주라면 별5개중 별 2개다. 다음에 발리오면 연락주면 잘 해주시겠다 했지만 나는 그럴 맘이 없다. 참좋은여행. 싱가폴 사이판 pic, 일본도쿄, 영국과 프랑스여행을 함께해준. 내게 많은 추억을 만들어준 친구같은 여행사다. 하지만 이번 발리 여행이 마지막일 수도 있겠다 생각한다. 선택관광비로 만만치 않은 지출을 했는데 차라리 자유관광이 낫겠다 싶을 정도로 가이드에 대한 만족도가 떨어졌고 무엇보다 일정이 별로였다. 부디 이 긴 후기를 담당자가 꼭 꼼꼼히 읽기를 바란다. 코로나 끝나고 처음 다녀온 여행이었다. 배미향씨의 여행을 라르고 하라는 그 멘트가 무색하다. 여행을 함께한 사랑하는 가족이 있어 그나마 참았지만 할 말은 꼭 해야겠다 싶어 긴 글을 남긴다.",싱가폴,4
281889,싱가폴~~,2025-09-15,고**,APP1141,패키지 > 동남아,[노쇼핑/오차드 시내 중심 호텔 숙박] 싱가포르 5일 # 1일 자유,앨리스님의 인도 아래 즐겁고 알찬 여행이었습니다 숨겨진 멋진 장소에서도 인생샷 ^^ 짱 좋았어요 모든 한국 관광갭들을 위한 모든 가이드님들을 응원합니다 수고에 감사드립니다^^^^,싱가폴,4
281885,참 좋은 싱가폴 여행~,2025-09-15,안**,APP1141,패키지 > 동남아,[노쇼핑/오차드 시내 중심 호텔 숙박] 싱가포르 5일 # 1일 자유,좋은 친구들과 좋은 나라에서 좋은 추억 넘치는 여행이였습니다 참 좋은 여행사 두번째 여행이였는데 회사 가이드님들 실력이 완전 프로이시네요~ 열정적으로 설명해주시고 멋진 사진 찍어주신 엘리스가이드님~ 사진 작가하셔도.... 될것같아요 ㅎㅎ 감사드립니다. 세번째 여행도 참좋은으로~~,싱가폴,4
281145,미식여행싱가포르5일,2025-09-11,황**,APP5131,패키지 > 동남아,[노쇼핑/전일관광] 싱가포르 5일 #미식여행,37년만에 많이 달라진 싱가포르를 다시 남편 지인 부부와함께한 여행 무척 더웠지만 즐겁고 행복한 추억여행이 된것같아요.,싱가포르,5
279936,남녀노소 싱가포르 고고~,2025-09-03,김**,APP5141,패키지 > 동남아,[노쇼핑/월드체인 호텔]싱가포르 5일 #1일자유 #미식여행,"지천명을 지나 이순에 가까워오는 여행은 역시 패키지가 최고! (뭣이 중헌디~ 편안함이 최고지요 ^^;;) 목적지를 고른후 수많은 여행사중 참좋은 여행사를 택한건 고객 만족도였음. 드디어 시작된 여행 첫 발~ 여행의 시작은 가이드와의 만남이지죠~. 김선국가이드님이 3박 5일동안 싱가포르 역사와 삶의 모습을 여행기간 내내 알려주시어 편안하고 참 좋은 여행이었어요. 60년 나이의 싱가포르는 참으로 범생스럽고 오픈 마인드 국가. 깨끗하고 군더더기없는 가든 국가답게 가는 곳곳이 뷰 맛집이었음. 김선국가이드님! 사진 포인트 콕 찝어 많이 찍어주시고, 여행지마다 앞장서서 리드 다 해 주시고 자유일정도 멘토링 해 주셔 덕분에 싱가포르 완전정복하였습니다. 마지막 창이공항 레인보텍스 분수까지 리드해 주셔 아주 아주 스마트하시고 프로페셔널 하신분이라 생각되었네요. 정말 감사합니다. 참 좋은 여행 덕분에 25년 여름 휴가 끝~~~",싱가포르,5
279545,행복했던 싱가포르 가족여행!,2025-08-31,조**,APP1141,패키지 > 동남아,[노쇼핑/오차드 시내 중심 호텔 숙박] 싱가포르 5일 # 1일 자유,"지난 7.23부터 27까지 싱가포르 가족여행을 다녀왔습니다. 딸기엄마님의 인솔에 따라 알차게, 섬세하게, 꼼꼼하게, 즐거운 여행이 되었습니다. 함께 동행한 분들이 꽤 많았음에도 교통정체나 비를 피해 여행하는 분들을 챙기시는 모습이 정말 존경스러웠습니다. 우리나라보다 더울까 걱정했는데 서울은 37도, 싱가포르는 31도였고 그늘도 많아 좋았습니다. 음식도 염려할 게 없었습니다. 송파 바쿠테(맑은 돼지갈비탕), 페라나칸 음식, 야쿤 카야 토스트, 돼지 새우국수, 칠리크랩, 사테, 착즙 오렌지주스 사과주스, 조식부페까지 가족 모두 만족하는 미식여행이었습니다. 숙소도 오차드 랑데뷰 매우 만족이었구요. 아름다운 센토사섬, 가든스바이더베이, 보타닉가든, 리버원더스, 머라이언공원, 슈퍼트리, 루지, 윙스오브타임 분수쇼, 리버보트, 2층버스, 플라이어, 하지레인, 술탄모스크, 오차드몰, 래플스호텔, 숙소의 수영장, 그리고 쥬얼창이 등 자유일정까지 꽉꽉 채워서 행복한 여행이었습니다. 다만, 창이공항이 약간 춥기 때문에 긴팔 겉옷이 꼭 있어야 비행기 기다리실 때 괜찮을 듯 합니다. 모든 일행들을 안전하고 즐겁게 챙겨주신 딸기엄마님 항상 건승하시고 두 따님과 건강하시길 기원합니다. 감사합니다. 강력 추천합니다!",싱가포르,5
279499,싱가포르여행,2025-08-31,박**,APP7143,패키지 > 동남아,[4인 출발 확정] 싱가포르 5일 #노팁+노쇼핑+노옵션 #전일 관광 #시내 특급호텔,깨끗한 싱가포르 언제가도 좋은나라 이동시간이 짧아서 지루하지않은 여행,싱가포르,5
279254,유미진 가이드님 최고 !!,2025-08-29,황**,APP1141,패키지 > 동남아,[노쇼핑/오차드 시내 중심 호텔 숙박] 싱가포르 5일 # 1일 자유,"이번에 남편과 결혼기념일을 맞아 싱가포르로 여행을 다녀왔습니다. 원래는 다른 나라로 자유여행을 계획하고 있었는데, 어느 날 밤 우연히 TV 홈쇼핑에서 보게 된 상품이 눈길을 끌었습니다. 1일 자유여행이 포함된 일정이 너무 좋아 보였고, 순간적인 설렘에 즉흥적으로 예약했는데, 지금 돌이켜보니 그 선택이 우리 부부에게 최고의 선물이 되었던 것 같습니다. 무엇보다도 참좋은여행 유미진 가이드님 덕분에 여행 내내 마음이 편안했습니다. 작은 립밤 하나까지 선물해 주시며 세심하게 챙겨주시고, 자유여행으로만 왔다면 결코 알 수 없었을 싱가포르의 매력과 이야기를 친절하게 전해주셔서 여행의 깊이가 달라졌습니다. 교통편이나 일정 준비에 쫓기지 않고, 바쁜 일상에서 벗어나 아무 걱정 없이 알찬 스케줄을 따라다닐 수 있었던 것이 정말 소확행 이였습니다. 자유시간에는 어디를 가야 할지, 무엇을 사면 좋은지 하나하나 세심하게 알려주셔서 아랍스트리트와 하지레인도 천천히 거닐어 보고, 사테 거리에서는 미리 알려주신 덕분에 줄을 서지 않고도 맛있는 음식을 즐길 수 있었습니다. 😊 첫날 일정을 마친 후에는 가이드님이 추천해주신 클라키에 들러 반짝이는 야경을 바라보며 남편과 함께 싱가포르 슬링과 맥주를 마시며 알찬 시간을 보냈습니다. 무더운 날씨 속에서도 시원한 음료를 건네주시고, 사진도 정성스럽게 찍어주셔서 오랜만에 마음에 쏙 드는 부부 인생샷을 건질 수 있었습니다. 📸 덕분에 이번 여행의 소중한 장면들이 오래도록 기억 속에 따뜻하게 남을 것 같습니다. 함께한 가족분들 또한 모두 좋은 분들이라 서로 웃으며 여행할 수 있었고, 덕분에 짧지만 진심 어린 인연과 추억을 쌓을 수 있었습니다. 싱가포르는 도시와 자연, 음식과 문화가 아름답게 어우러진 매력적인 곳이었고, 다음에는 부모님을 모시고 꼭 다시 오고 싶은 마음이 남습니다. 급하게 예약했던 여행이었지만, 날씨도 완벽했고 결혼기념일을 특별하게 만들어준 이름처럼 참 좋은 여행이었습니다. 다음 여행도 참좋은과 함께 하고 싶은 마음, 99% 입니다. 🌿💗",싱가포르,5
279024,친구와 함께한 싱가포르 여행,2025-08-27,한**,APP1143,패키지 > 동남아,[노쇼핑/싱가포르 5일] #전일관광 #특식3회,갑자기 떠나게된 싱가포르의 여름휴가 이인영가이드님(딸기엄마)을 만나서 만족스런 여행이었습니다 싱가포르의 역사에 대해서도 세세하게 알려주셔서 소중한 여행을 했습니다 도착하는날도 비행기가 2시간이나 연착을 했는데 공항에서 늦게까지 기다려주시느라 고생하셨고 공항에서부터 30분걸려 숙소에 도착하니 싱가포르 시간으로 12시가 넘었습니다 다음날의 일정은 가이드님의 친절한 설명과함께 시작되었습니다 여행지도 가기전에 설명해주시고 다니면서도 세세하게 설명하면서 포토존에선는 사진까지 찍어주시고 식사시간에는 한치의 오차도 없이 빠르게 움직여주셔서 대기시간 없이 바로바로 먹을수 있게 해주셨고 이동하는 차에서는 잠시의 짬도없이 이것저것 설명해주시며 지루하지 않게 해주시고 열심히 시간 잘 맞춰준다고 남는시간이 생기면 뭐 하나라도 더 보여주시고 태워주실려고 노력하시는 모습에 감동 이었습니다 가이드님 덕분에 친구와함께한 여행은 행복했습니다 다음에 가시는 분이 계신다면 이인영 가인드님 추천해드리고 싶습니다 이번여행에 함께한 패키지팀분들 모두 좋으신분만나서 행복했습니다 감사함을 전하면서 후기글 남김니다,싱가포르,5
278848,서기수부장님 감사합니다.,2025-08-26,김**,APP0681,패키지 > 동남아,■참좋은여행 단독행사■ [쿠알라룸푸르_5성 소피텔 호텔 또는 동급] 3박5일 #전일관광/말라카/겐팅_딤섬세트제공,"8월 21일~25일 말레이시아 여행을 혼자 다녀왔습니다. 엄마, 언니와 함께 여행가는게 가장 좋지만 일정이 맞지 않아 혼자 가게 되었고, 자유 여행도 좋아하지만 패키지 여행을 훨씬 선호 하는 사람이고 여행사에서 개발한 패키지는 다 경험해보자는 생각으로, 이번엔 말레이시아를 갔는데 특이하게도 혼자 여행오신분이 저포함 3명이나 되었습니다. 드문 경우죠^^ 다른 분들 은 부부 한팀, 여자 9명 한팀해서 총 14명이었고 담당 가이드님은 서기수부장님이셨는데 현지 에서 사신지 20년은 되는 베테랑에 전문성과 인격을 모두 갖추신 아주 멋진 분이셨습니다.^^ 평소 접하기 어려운 말레이시아 역사 얘기도 많이 해주시고, 짧은 기간이지만 며칠 지내다보 면 사람의 깊이가 느껴지는 아주 오래도록 기억에 남을 선한 분이셨습니다. 십여년전쯤 싱가폴을 여행하며 접했던 말레이시아와 지금의 여행지는 완전 느낌이 다릅니다. 도착하는 첫날 가게되는 푸트라자야는 정보도 부족해서 큰 기대없이 가게 되었는데 상당히 잘 정돈된 행정 수도답게 규모도 있고 색감도 건물들도 특색 있으며 튀르기예와 스페인을 섞은 느낌이었습니다. 특히 호수 근처 청사가 아주 멋졌습니다. 둘째날 우리는 일정이 바뀌어서 쿠 바 느낌이 살짝 가미된 말라카를 가게 되었는데 색감도 예쁘고 좀 올드한 느낌도 나는 건물들 이 인상적이었고 어디서 사진을 찍든 예쁘게 나오는 장소였습니다. 마지막 쿠알라룸푸르는 모 든 나라의 수도와 마찬가지로 가장 화려하고 높은 건물들이 즐비한 세련된 도시였고 기대하며 봤던 페트로나스 트윈타워는 역시 멋졌습니다. 날씨는 습기가 덜해서인지 우리나라보다 덜 덥게 느껴졌고 에어컨이 잘 되어 있어서 여행 내 내 불편함이 없었습니다. 호텔은 소피텔 다만사라를 이용했는데 규모도 있으면서 관리도 잘 되서 여행 내내 쾌적하게 지냈고 직원들도 친절했습니다. 여행 내내 접하게 되는 말레이시아 사람들이 참 친절하고 선해보여 좋았습니다. 뭘 하나 물어 보면 주변 사람들도 같이 와서 답해주는 우리나라와 비슷한 느낌이었습니다. 다음에는 가족과 같이 다시오고 싶어지는 여행지였습니다. 서기수 부장님 덕분에 말레이시아에 대해서 어느정도 알게 되었고 편안히 여행 잘 마치고 이 글을 쓰고 있습니다. 건강하게 잘 지내세요. 눈이 반짝반짝 웃는 모습이 예쁘신 서울에서 오신 부부 두분, 젊은 남성분, 어르신 덕분에 유쾌하고 편하게 여행 잘 했습니다. 함께 여행한 총 14 분 모두 어딘가에서 건강하게 잘 지내세요. ※P.S 공항 정보가 부족해서 몇자 적어보자면 2터미널을 이용하고 출국시 공항이 넓진 않아서 짐부치고 탑승게이트(에어아시아 탑승,이번엔 Q4였고 자주 변동은 없을듯)까지 길도 어렵지 않고 10분~15분이면 충분이 갈수 있으니 라운지 이용하실분은 초입에 가시길 추천드려요. 게이트 근처는 하나밖에 없는데(TRAVEL CLUB) 실망입니다.",싱가폴,4
278305,싱가폴여행 행복가득,2025-08-23,전**,APP1141,패키지 > 동남아,[노쇼핑/오차드 시내 중심 호텔 숙박] 싱가포르 5일 # 1일 자유,"싱가폴에서 만난 정진희 가이드님 처음 뵌 순간, 친절한 언니처럼 말 한마디에도 활력이 뿜뿜~ 설명은 꼼꼼하고 친절해서 힘든 일정조차 “에이~ 별거 아니네!” 하며 웃으며 달릴 수 있었어요 😆 맛집.쇼핑센타까지 친절하게 알려주시고 역사 이야기는 흥미진진한 드라마처럼 풀어주시니 그냥 지나가던 풍경도 “우와~ 여기 이런 의미가 있었어?” 하고 감탄 연발! 🌴? 사진 찍어주실 땐 또 사진작가 모드 ON 📸🔥 “하나, 둘, 셋~ 스마일~!” 하면서 진짜 인생샷 건져주셔서 감사했답니다. 싱가폴 여행을 재밌고 특별하게 즐기고 싶다면? 정답은 오직 하나! 👉 장진희 가이드님과 함께하기! 200% 보장된 웃음 감동 인생샷 패키지 💯💕 덕분에 여행 내내 행복한 추억 만들었어요 😍🌈 원래 톤보다 조금 더 유쾌하게 재밌게 바꿔봤어요! 혹시 더 짧고 재치있게 압축해드릴까요, 아니면 지금처럼 블로그 후기 느낌이 좋으실까요?",싱가폴,4
276914,싱가포르의 아름답고 멋진추억,2025-08-17,김**,APP1141,패키지 > 동남아,[노쇼핑/오차드 시내 중심 호텔 숙박] 싱가포르 5일 # 1일 자유,이용준(모니카) 선생님 아나운서가 과거 직업이었던것처럼 넘 고운 아름다운 목소리에 매료었습니다ㆍ차분하게 발음도 또렷하게 머리속여 아주 인식되어 자세한 역사와 문화 설명 넘 감사드립니다ㆍ모녀여행의 또 하나의 멋진 추억을 만들어 주셔서 정말 감사드립니다ㆍ이용준(모니카)님을 계속 오랫동안 저같은 생각이 다른분들도 같은 생각이 들게 참좋은여행의 좋은 기억으로 남게 자주 뵈었으면 합니다ㆍ참좋은여행사도 넘 감사드립니다ㆍ무궁한 발전을 기원합니다,싱가포르,6
276838,브루나이 상세 후기,2025-08-17,우**,APP7483,패키지 > 동남아,[노쇼핑/노팁/노옵션][7성급 엠파이어호텔3박] 청정국가 브루나이 4일/5일_5대 특전 포함,"가감없이 느낀대로 객관 주관적으로 작성합니다. 07월 30일 출국 ~ 08월 02일 입국 - 브루나이 저강수량으로 인한 템부룽 국립공원 강 저수위로 인해 진입이 불가하여 대체 일정 진행(참좋은여행 사전 일정 공지) [대체일정 : 야경투어 및 야시장투어] - 관광 목적 ★★ : 처음 와 본 브루나이는 관광 목적으로는 애매합니다. - 휴양 목적 ★★★★★ : 애초에 해당 상품을 찾아보게 된 건 호캉스가 목적이었기 때문에 상당히 만족합니다. - 숙소-관광지 간 이동 거리 ★★★★ : 숙소와 관광지 간 이동 거리가 짧은 편이라 (버스로 30분 내) 피로도가 덜 합니다. - 호텔 ★★★★★( ★★) : 원래 호텔은 5성급(국내기준)이 최대입니다. 그러나 '더엠파이어브루나이 호텔'이 7성급 인지는 직접 경험 해 보면 알게 됩니다. - 호텔 부대시설 ★★★★★ : 호텔 부대시설(무료/유료) 또한 관리가 잘 되어 있고, 편하게 이용할 수 있습니다. - 호텔 서비스 ★★★★★ : 곳곳에 인력이 배치되어 있고, 서비스 커버리지가 잘 분포되어 있으며 직원들이 전부 친절합니다. 전 일정 미니바 무료도 좋습니다. - 관광지 ★★ : 타 관광지에 비해 기대에 살짝 못 미칩니다. - 액티비티(모터 보트 투어) ★★★★ : 보트 투어는 시원함과 야생 동물 찾기를 통해 흥미롭게 진행됩니다. - 현지 가이드 ★★★★★ : 한국인 송하주 가이드님 일정 진행력과 재치, 전문 지식에 놀랍니다. 지루하지 않습니다. - 호텔 조식 ★★★★★ / 조식 외 식사 ★ : 호텔 조식 또한 만족합니다. / 다만, 호텔 조식 외 식사는 조식과 많이 비교됩니다. 컵라면 준비하세요. - 버스 ★ : 우리 팀 버스는 소음이 심하고 기름 냄새로 어지러움증이 있었습니다. (여행사에서 개선 요함) - 날씨 및 기후(스콜 주의) ★★★★ : 4일 중 3.5일은 날씨가 좋았습니다(다소 더움). 야간 투어 때 스콜이 오긴 했습니다. 밤에는 약간 쌀쌀합니다. - 언어통용(영어) ★★★★ : 브루나이 인들과 영어로 통용에 큰 문제는 없습니다. 발음보다는 정확하게 단어를 전달해야 합니다. - 비행(항공) ★★★ : 브루나이 국적기이기에 기내 서비스 등은 만족합니다. 다만, 좌석 간 거리가 상당히 좁기 때문에 약 5시간 비행은 다소 힘들 수 있습니다. - 문화(이슬람) ★★★★★ : 이슬람 문화에 대해 다시 느끼게 해 줍니다. 이슬람 '수니파'와 '시아파'의 차이 정도는 알아두는 것이 좋습니다. - 물가(숙소 외) ★★★★ : 체감 물가는 한국보다 0.7~0.9배 사이로 느껴집니다. 부유한 축에 속하기 때문에 대부분 말레이시아 수입품이 많습니다. - 치안 ★★★★ : 동남아시아 중 치안이 싱가포르에 이어 2번째로 좋다고 느껴집니다. - 국민성 ★★★★★ : 브루나이 인들은 친절하고 한국인에게 우호적으로 대해줍니다. - 청결도 ★★★★ : 보통 동남아시아권 국가들보다 청결한 편입니다. - 음주/흡연 ☆ : 이슬람 문화권으로 음주나 흡연에 제약이 상당합니다. 음주,흡연자는 여행 권장하지 않습니다. - 모기(물리면) ★★★★★ : 브루나이 모기는 한국 모기에 비해 사이즈는 작으나 물리면 물집같은 혹이 생깁니다. 가려움증도 한국모기의 3~5배 수준입니다. 긴 옷 계열,기피제 적극 추천합니다. 물리고 4일 내내 긁고 왔습니다. - 일정(계획) ★★★ : 전반적으로 여행사에서 제시한 일정은 적절했으나, 하루는 전일 호텔 자유일정으로 개선하는게 나을 것 같습니다. - 대체 일정 ★★ : 대체 일정(야경,야시장 투어)는 다소 기대 이하입니다. 꼭 야경을 봐야하는 것이 아니라면 호텔에서 자유 시간 가지는 것을 권장합니다. 야시장 사이즈도 크지는 않습니다. - 야경 ★★★ : 모스크와 궁전 등의 야경이 예쁘긴 합니다. - 대중교통 ★ : 브루나이 인들은 한 가구 당 여러 대의 차량을 갖고 있어 대중교통으로 다니기에는 어려움이 있을 가능성이 높습니다. - 쇼핑센터 ★★★ : 야야산 쇼핑센터는 한국의 보통 아울렛 하위호환 정도라고 보면 됩니다. - 기념품 ★★ : 브루나이 대표 기념품은 대체적으로 구하기 쉽진 않고, 미리 알아보고 야야산 쇼핑센터 혹은 숙소 내 기념품샵에서 준비하길 권장합니다. 총평 : 수영을 취미로 가진 저와 동행인에게는 상당히 만족스러운 여행이었습니다. 동남아 권 여행비 치고는 값비싸다고 생각할 수 있으나, '더엠파이어브루나이 호텔'에 가서 3박 동안 직접 체감 해 보면 그 값어치를 증명 해 줍니다. 저희는 정확히 극성수기에 출국/입국을 했고, 날씨는 이번 7월 한국의 열돔무더위와 유사해서 딱히 부적응하지는 않았습니다. 대체적으로 탐방,관광,체험을 위주로 여행하시는 분들은 신중히 고민 해 봐야합니다. 차분하고 유유자적하게 진행되기 때문에, 시끌벅적한 분위기와 음주가무 등을 선호하시는 분들은 추천하지 않습니다. 문화가 다르기 때문에 어느 정도 절제 해 주고 존중 해 줘야 합니다. (아마도 60~70대 남성 어르신들에게는 대체로 무료 할 수 있고, 50~70대 여성 어르신들은 선호 하실 수 있다고 생각.) 템부룽 국립공원을 못 가 본 것은 상당히 아쉬우나, 여행사에서 사전 공지를 하여 양해를 구해주셨기에 문제되지는 않다고 생각합니다. 이외에 작은 몇 가지 사항만 개선된다면 더 좋은 여행 상품이 될 것 같습니다. 마지막으로, 4일간 '송하주 가이드' 님 더운 날씨, 급작스런 대체 일정에도 팀원들 잘 이끌고 케어 해 주셔서 감사했습니다. 여태껏 다녔던 패키지 투어에서 만났던 가이드 분들 중에 가장 재치있고 전문적으로 응대하셨던 분 이신 것 같습니다. 감사합니다.",싱가포르,6
276810,일정내내 알차고 즐거웠습니다.,2025-08-17,조**,APP1141,패키지 > 동남아,[노쇼핑/오차드 시내 중심 호텔 숙박] 싱가포르 5일 # 1일 자유,딸과 같이하는 행복한 여행이었습니다. 하루는 자유일정이라 여유롭게 싱가포르를 즐길수있어서 더욱 마음에드는 패키지 여행이었습니다. 싱가포르는 여러번 방문했던곳인데 이번에는 딸과 같이 방문했는데 다행히 날씨도 비가오지않아서 즐거운 여행을 할수있었습니다. 가이드분도 하나라도 더보여주실려고 하시는 모습이 고마웠습니다. 감사합니다.,싱가포르,6
276656,"""패키지여행 40번만에 처음!""",2025-08-15,안**,EPP500,패키지 > 유럽,"[천천히, 알차게] 스페인/포르투갈/모로코 12일 #바르셀로나/마드리드 자유시간","""송다정 인솔자님! 40번만에 드디어 밥을 제대로 먹었습니다 "" 2ㅇ25년 7월31일~8월11일스페인 포루투갈 모로코 여름 여행은 12일의 하루 하루가 스페인의 보물 가우디성당처럼 인상적이었다 그 중에 패키지 여행 40번만에 처음으로 겪은 체험은 앞으로도 참 좋은 여행을 계속 이용하리라 마음 먹게 하였다 송다정 인솔자님이 점심 식사 후에 햇 살 아래 서 있는 우리 부부에게 놀라셔서 와 물으셨다. ""왜 식사를 안 하셨어요? "" ""괜찮아요.여행오면. 일상 있는 일이에요 다른 분들께. 신경 쓰이게 하는 게 죄송해요"" 나는 또. ""저는고기를 못 먹어요. 아내는 닭고기를 못 먹어요""그러자 인솔자님은 다정하게 말씀하셨다. ""어머! 앞으로는 제가 채식으로 식단을신경 쓰겠습니다"" 그 후 우리 부부는 고기를 뺀 비빔밥과 고기 대신 생선요리와 오징어 튀김을 먹었다 밤에 호텔에 돌아와서 우리 부부는 그 동안 패키지 여행 40번 중에서 이런 배려를 처음 받아봐서 놀랐다고 서로 얘기 했다. ""송다정 인솔자님! 이번 여행에서 참 좋은 여행을 더 신뢰하게 되었어요"" ""또 멀미가 심한 어르신들을 위해서 버스 자리 앞 두 줄을 비우신 것도 감동이었어요!"" 우리 부부는 이번 추석 때에 참 좋은 여행으로 싱가폴 여행을 갑니다. '이번에는 또 어떤 감동이 기다릴까? 우리를'",싱가폴,4
276613,감사합니다,2025-08-15,이**,APP1141,패키지 > 동남아,[노쇼핑/오차드 시내 중심 호텔 숙박] 싱가포르 5일 # 1일 자유,이인영 가이드님 덕분에 잘 다녀왔습니다 딸기엄마라고 부른다고하시면서 인상도 좋으시고 하나라도 더 보여주시려고했어요 싱가포르는 자리와의 전쟁이라고 사람없을때 시간을 공략해서 저흐들을 데리고 다니셨어요 고맙습니다,싱가포르,6
276195,조혜미 가이드님 감사해요~^^,2025-08-12,조**,JPP016,패키지 > 일본,[조금 비쌉니다] 도카치가와 모르온천/비에이/소운쿄/북해도 4일 [프리미엄 온천 2박/ 털게 무제한/ 아시아나항공/ 팁포함],얼마 전 싱가폴에서 구입한 물건을 호텔에 두고 왔는데 가이드님의 다음 여행 일정이 본 상품과 같은 일정이어서 저의 잃은 물건을 찾아주셨어요~ 제가 집에 와서 한 주가 지난 후 택배로 물건을 보내주셔서 얼마나 감사했는지요~ 여행이 끝났음에도 가이드님이 도울 수 있는 상황에서 손님을 끝까지 도와 주셔서 감사했습니다~ 물론 일본 여행에서 가이드님을 통해 일본을 조금 더 알게되고 이해할 수 있어서 넘나 좋았지요~ 감사합니다~^^,싱가폴,4
275534,3박5일 싱가폴 여행,2025-08-10,고**,APP1144,패키지 > 동남아,[노쇼핑/센토사 5성급 아웃포스트 호텔] 싱가포르 5일 #1일자유,"인영 가이드님 덕분에 4박 5일 즐겁게 놀다갑니다. 싱가폴에 대한 자세한 안내 그리고 항상 밝으신 진행, 손님 응대 덕에 좋은 추억 많이 쌓고 힐링하다갑니다. 항상 친절한 모습 기억에 남습니다.",싱가폴,4
275524,기대 이상으로 즐거웠던 여행,2025-08-10,정**,APP5131,패키지 > 동남아,[노쇼핑/전일관광] 싱가포르 5일 #미식여행,"싱가포르는 처음 여행해보는 나라인지라, 사전에 여러가지 정보들을 듣고 나름 준비를 했었습니다. 무엇보다 개인적으로 더위를 많이 타는 체질이여서 날씨에 대한 우려가 가장 컸습니다. 그래서 더욱 기대없이 갔던 여행이였는데, 웬걸요~ 공항에 내려서 짐을 찾고, 관광 버스를 타고 이동하면서 마주친 싱가포르의 거리는 상상 이상으로 너무 멋졌습니다. 첫 인상이 좋아서였을까요? 호텔에서의 조식은 물론, 여행 내내 참 유쾌하고 즐겁게 여행을 하였습니다. 무엇보다 패키지 여행은 현지 가이드의 역할이 가장 중요하다고 생각하는 사람인데, 이성철(Jack) 가이드님 덕분에 싱가포르에 대한 이미지 마저 더욱 좋아지게 되었습니다. 마지막날에는 목소리마저 쉴 정도로, 정말 혼을 갈아넣어서 설명하시고, 여행객들의 조그마한 어려움들까지 다 해결해주시려고 동분서주하시는 모습에 감동까지 받았습니다. 가이드님의 위트와 배려는 여행 내내, 저를 비롯한 이번 여행에 함께한 분들에게 웃음 가득한 행복한 시간을 주었습니다. 마지막 날 공항에서 배웅해주시고, 아쉬움에 끝까지 남아주시는 가이드님의 한국에 대한 정과 여행객들에 대한 예의를 갖추신 태도와 존중해주시는 마음을 느낄 수 있었습니다. 다음에 기회가 된다면, 또 이성철 가이드님께서 리드해주시는 여행을 해보고 싶습니다. 많은 분들께 추천하고 싶은 마음이 넘쳐납니다. 이 자리를 빌어 감사 인사 드립니다.",싱가포르,6
275367,이인영 가이드님 덕분에 알차고 즐거운 여행했어요.,2025-08-08,김**,APP1141,패키지 > 동남아,[노쇼핑/오차드 시내 중심 호텔 숙박] 싱가포르 5일 # 1일 자유,싱가포르 극성수기 여행인데도 불구하고 친절한 베테랑 이인영가이드님 덕분에 자유시간 플러스 알찬 관광일정을 진행하였습니다. 노쇼핑 여행이라 옵션이 여러개 있었는데도 얼굴 하나 붉히지 않으신 모습도 너무 훌륭해보이셨어요. 이인영가이드님 정말 칭찬해드리고 싶습니다. 즐겁고 알찬 싱가포르여행 추억을 만들어주신 것 다시 한 번 감사드립니다.,싱가포르,6
274774,싱가포르 김정민 가이드님 최고~,2025-08-05,강**,APP1144,패키지 > 동남아,[노쇼핑/센토사 5성급 아웃포스트 호텔] 싱가포르 5일 #1일자유,"싱가포르 이번에 첫방문이었는데, 가이드님이 교육, 경제, 역사 등 싱가포르에 대한 다양한 이야기들을 들려주셔서 여행에 깊이가 생기고 나라에 대해 더 잘이해하며 즐겁게 다닐 수 있었어요! 또 여행 도중 필요한 부분이나 궁금한 부분 모두 놓치지 않고 꼼꼼하게 살펴주시고 챙겨주셔서 여행내내 걱정없이 편안한 마음으로 몰입할 수 있었어요~~.(하트) 사진도 명소에서 이쁘게 촬영해주시고, 자유여행 일정도 세심하게 추천해주시고 친구랑 즐거운 추억을 만들수 있게 이모처럼 따뜻하게 챙겨주셔서 감사합니다~ 가이드님 항상 건강하시고 싱가포르 여행 생각하시는 다른 분들께도 추천드립니다~~!",싱가포르,6
273978,(7/26~30)싱가포르 여행기,2025-08-02,유**,APP1141,패키지 > 동남아,[노쇼핑/오차드 시내 중심 호텔 숙박] 싱가포르 5일 # 1일 자유,허니문 이후 육아에 지쳤던 저에게 제가 셀프 선물한 싱가포르 패키지 여행이었어요. 20대부터 동경했던 싱가포르이지만 사는게 바쁘고 고되서 벼르고만 있다가 더 늙기전에 질러버리자고 덜컥 결제했는데 지나고보니 너무 흐뭇하고 뿌듯한 기억만 남는 패키지여행이었네요~특히 싱가포르의 힙하고 핫하며 부티나는 이미지와 찰떡이신 백영호 가이드님의 배려가 넘쳐나는 매너와 에티튜드를 포함한 세련된 리드 덕분에 3박5일을 질적인 풍성함과 유익하고 즐거운 추억들로 가득 채웠던 시간들이 되었습니다. 백영호 가이드님의 쉼 없는 안내와 아나운서 화법의 설명과 매끄러운 진행 덕분에 싱가포르의 역사와 사회 및 문화에 대해서도 깊이 있는 지식과 감흥을 얻을 수 있어서 좋았습니다~선택관광B코스를 선택한 것도 너무 만족스러웠어요~바샤커피의 달콤한 향기처럼 늘 마음 속에 영원히 간직될만큼 낭만적인 싱가포르 여행이 되었답니다♡♡♡관광지 명소마다 가족사진을 예쁘게 찍어주신 것도 정말 감사드려요!!!,싱가포르,6
273969,싱가포르 여행~~,2025-08-02,문**,APP1144,패키지 > 동남아,[노쇼핑/센토사 5성급 아웃포스트 호텔] 싱가포르 5일 #1일자유,3박5일 일정의 싱가포르 여행~~~ 새벽에 도착한 저희들을 잘 맞이해주시고 여행지마다 빠르고 신속하게 편안하게 여행할수 있도록 인도해주신 이인영 가이드님 덕분에 너무나 만족스러운 여행이었습니다. 잘못랐던 싱가포르에 대해 이해할수 있었고 가는 곳마다 깨끗하고 멋찐곳이었어요. 식사도 맛있고 차편도 편안하고 어느곳 하나 불편함 없이 착착착 진행되어진 여행은 싱가포르가 최오이지 않나 싶어요~~~ 세자매와 조카의 해외여행이어서 더 특별하고 좋은여해이었답니다. 돌아오는 마지막시간까지 저희들을 잘 인도해주신 딸기 딸기 딸기엄마 이인영 가이드님 넘 감사하고 고맙습니다. 다음에도 함께 하고 싶어요~~~,싱가포르,6
272755,가족여행 싱가포르,2025-07-27,박**,APP5141,패키지 > 동남아,[노쇼핑/월드체인 호텔]싱가포르 5일 #1일자유 #미식여행,"9년만에 떠난 가족여행, 기대반 걱정반 항상패키지는 무엇인가 부족하다는 느낌이고, 그냥 따라다닌다는 느낌이었지만 이번엔 정말 알차게다녀왔다 가족들이 너무너무 좋아했고 만족하며 여행을 마쳤고 거기에 이지현 가이드님의 친절과 다양한 설명으로 소중한추억을 만들어주어서 너무 좋았습니다. 이지현 가이드님 화이팅~",싱가포르,6
272644,차문성 가이드님 감사합니다!!,2025-07-25,이**,APP130,패키지 > 동남아,[대만 3일/4일] #노쇼핑 #핵심투어 #101빌딩,가성비 최고의 여행이었습니다!! 다시 한 번 간다면 미식여행으로 가고싶네요 홍콩이나 싱가폴처럼 화려하지도 중국이나 일본처럼 역사나 문화를 느끼기에도 조금은 아쉬웠지만 가이드님의 열정적인 안내에 대만을 이해하는데 도움이 되었습니다 이동하는 내내 친절하게 안내주신 차문성 가이드님 감사합니다!! 좋은 추억 남기는 여행이었습니다^^,싱가폴,4
272297,실속여행,2025-07-24,이**,APP1144,패키지 > 동남아,[노쇼핑/센토사 5성급 아웃포스트 호텔] 싱가포르 5일 #1일자유,싱가폴 3박4일 일정으로 다녀왔습니다. 한국만큼이나 덥고 습했지만 잘 짜여진 일정으로 알차게 보내고 왔습니다.,싱가폴,5
272234,싱가포르 여행을 다녀와서,2025-07-23,권*,APP1144,패키지 > 동남아,[노쇼핑/센토사 5성급 아웃포스트 호텔] 싱가포르 5일 #1일자유,새로운 경험 다양한 문화를 즐길수 있어서 참좋은여행이였습니다!,싱가포르,7
271982,이지현가이드님 너무 감사합니다.,2025-07-22,차**,APP5141,패키지 > 동남아,[노쇼핑/월드체인 호텔]싱가포르 5일 #1일자유 #미식여행,이지현가이드님~~ 덕분에 무더운 날씨였지만 너무 알찬여행과 추억을 남기고 왔습니다. 친절함과 상냥함으로 여행자 모두에게 신경쎠주시고 더구나 더운날씨에도 바닥에 앉아 낮춘자세로 개인 명품사진까지 찍어주셔서 감동이었습니다. 아마도 잊지못할 사진이 될것 같습니다. 무엇보다 자유일정 하루동안 먹을거리. 가볼거리 정보도 알려주시고 가이드님 쉬시는 휴일임에도 연락하며 도움을 주셔서 싱가폴 곳곳을 알차게 경험하였습니다. 지인에게도 꼭 참좋은여행사를 이지현 가이드님을 추천할께요. 더위에 건강하시고 많이 행복하세요,싱가폴,5
270934,싱가포르 정용우가이드님 감사합니다:),2025-07-17,김**,APP1141,패키지 > 동남아,[노쇼핑/오차드 시내 중심 호텔 숙박] 싱가포르 5일 # 1일 자유,"7/13(일)-7/17(목) 3박5일간의 싱가포르 여행기간동안 가이드해주신 정용우가이드님 감사드립니다. 일단 싱가포르 너무 좋아요! 역시나 왜 청정지역이 될 수밖에 없는지 직접가보니까 알겠습니다. 온통 길가에 파릇파릇 나무들,꽃들,풀들 너무 공기가 좋고 쾌적했어요. 길거리가 너무 깔끔해서 놀라웠고 거기 살고 있는 분들이 부러웠어요. 3일간 날씨도 너무 좋아서 여행하기도 너무 편했어요~ 숙고는 콩고드호텔이었는데 조식도 다양하고 맛있고, 직원분들도 모두 친절하십니다. 동,식물이 스트레스 받지않고 살기 너무 좋은나라 같아요! 여자혼자서도 여행 가능할 살기좋은 나라입니다. 무엇보다 여행내내 조금이라도 더 싱가포르에 대해 알려주시고자 쉬시지도 않고 자세하고 알기쉬운 설명으로 좋은 정보와 상식을 알려주셔서 감사합니다. 여태 패키지 여행이라함은 설명 후 개인관광 후에 다시만나 이동하고 설명듣고 개인관광 후 만나고였는데, 이번 여행은 다같이 가이드님과 동행하면서 더 재밌고 세세하게 설명들으며 처음본 분들인데도 불구하고 가족같은 분위기로 여행했던것 같아요~ 어느하나 놓치지않고 이해가 쏙쏙 되도록 유쾌한 입담과 센스있는 설명덕분에 지루할틈 없는 즐거운 여행이었습니다😊 섬세한 가이드님의 배려는 감동이었어요. 엉엉😭 또, 모두를 모델로 만들어주시고 함께한사람과의 추억을 남길 수 있게 수고로우신데도 싫은내색없이 작품사진도 많이 찍어주시고 가이드님 최고에요! ^^b 앞으로도 여행가게되면 정용우가이드님의 가이드속에서 여행하고싶어요~ 싱가포르가시는 분들께 강추!드리는 가이드님입니다.👍👍👍 3일간 좋은추억,행복한기억 마음속 깊이 간직하고 갑니다! 감사합니다??",싱가포르,7
270771,윤슉영 가이드님 감사합니다.,2025-07-16,이**,APP1144,패키지 > 동남아,[노쇼핑/센토사 5성급 아웃포스트 호텔] 싱가포르 5일 #1일자유,윤숙영 가이드님 너무 감사합니다. 이번 여행기간 내내 불편함이 전혀 없이 퍼펙트하게 진행해주셔서 싱가포르를 또 가고 싶은 관광나라로 만들어 주셨습니다. 역사에 대한 설명도 이해 잘되게 해 주시고 중가중간 위트있는 유머까지. 팀원들 자유시간도 개별적으로 팁도 상세히 안내를 주셔서 자유시간을 알차게 보냈습니다. 사실 여러번 방문이라 별 기대는 많이 안했지만 싱가포르는 엄청난 변화로 탈바꿈이 되어 있어서 처음 방문하는 나라로 여겨질 정도였습니다. 이게 모두 윤숙영 가이드님 열정과 어우러져 행복한 여정이었습니다. 공항에서 짐 정리하느라 팀원분들께 인사도 재대로 못했는데 후기로나마 함께한 여행에 감사 인사 드립니다. 윤숙영 가이드님도 팀원 모두도 건강하시고 여행 많이 즐기세요. 수고하셨습니다.,싱가포르,7
270298,3박5일 전일정 싱가폴여행,2025-07-14,한**,APP1140,패키지 > 동남아,[노쇼핑/월드체인 호텔UP] 싱가포르 5일 #전일관광,3박5일 전일정 싱가폴여행 저희부부동반8명포함(26명) 즐겁고 행복한 여행하게 해 주신 참좋은여행과 박혜련가이드님께 감사드립니다. 강력추천합니다! 번창하세요 ^^,싱가폴,5
268442,윤숙영 가이드님 과 함께한 8명의 환갑여행(4명만환갑),2025-07-03,이**,APP2123,패키지 > 동남아,[마리나베이샌즈1박 포함_노쇼핑/노옵션/노팁] 싱가포르 5일 # 유니버셜 포함,2025.6.29~7.3일 싱가폴 여행 4명의 친구들이 환갑여행준비하다 부부동반 여행으로 급변경 한달도 안남은 날짜지만 항상 믿고 다닐수있는 참좋은 여행사로 예약 여행가기전에 설레임은 항상좋다 4명의 절친과 4명의 와이프들에 처음 대환장여행 여행 이틀 남겨두고 급 프랭카드 제작하여 인천공항으로 떠났다 공항에서 처음 인증샷 신랑 친구들이 어색해 하며 한번만 찍고 출발 싱가폴 공항에 내려서 만난 윤숙영 가이드님 나이에서 느껴지는 연륜이 확 믿음이 가져졌다 싱가폴에서 첫날도 늦으막하게 나오니 여유롭고 좋다 조식 을 먹은후 알려주신 마트로 달려가 이것저것 사다쟁이고 첫번째 일정으로 보타닉 가든으로 출발' 구경후 머라이언파크에 머라이언상 앞에 서 인증샷 가이드님에 사진 찍는 솜씨가 남달라요 ~~ 많은인파가 몰린 와중에도 멋진 인증샷 성공 ~가든 바이더 베이에서도 멋진사진 저녁 식사후일정이 끝난후인데도 가이드님이 동행해주셔서 지하철타고 슈퍼트리쇼 감상 그리고 다시 지하철로 사테거리가서 포함안돼있는 칠리크랩과 블랙 페퍼크랩 사테를 맛보았다 너무 맛있고 행복했던시간 그렇게 둘째날이 지나갔다 3일차 유니버셜에서 또 인증샷 후딱 즐기고나와 대망에 마리나베이샌즈 호텔 일찍 얼리 체크인을 해주셨다 그런데 그덕분인지 너무멋진 방을 배정 거의 스위트급 방이 배정되어 너무너무 행복했다 늦은점심을 마리나 베이 호텔 푸드코트서 먹고 남자들은 휴식 여자들은 쇼핑을 하러다녔다 6시부터 수영장으로 직행 오롯이 호텔을 만끽하자 3시간동안 사진찍고 수영하구 너무너무 꿈같은 시간' 7시45분이 되니 슈퍼트리쇼를 수영장에서 구경 9시되어서방으로 직행 8명이 함께앉아도 넉넉한 의자와테이블 술한잔 얼큰히 마시고 넓고 안락한 침대에서 하룻밤 눈감고 자기가 아까울정도 새벽같이 일어나서 6시반 부터 다시 수영장 인증샷 찍고 놀다 머라이언파크 까지 다시 산책 사람없는 머라이언상에서 다시 인증샷 1시간에 산책을 마치고 호텔 조식뷔페 음식 퀄리티가 끝내줌 마지막 일정 센토사서 관광하고 오차드거리 자유시간 너무 여유로운 관광일정 이것이 힐링이네 마지막 식사후 공항으로 이동 가이드님이 열정적으로 창이쥬얼 가는 루트를 몸으로 설명 진짜열정적이시고 적극적으로 가이드해주신다 일정에도 없는 카야토스트 맛집도 델꼬가서 사비로 사주시고 또 공항가기전 맛있는 사과라고 하며 사주신 남아공 사과 너무 꿀맛이였습니 다 힘든 일정중에도 항상 웃음으로 대해주시던 가이드님 지금 도 웃으시던 그미소가 떠오릅니다 8명이수속마치고 다들어 가도록 뒤에남으셔서 마지막 까지 손흔들고 계시던 모습 감동이였습니다 8명의 단독 여행 여유롭고 너무 럭셔리하구 너무 힐링 됐습니다 윤숙영 가이드님 너무너무 감사드립니다 너무좋은 여행 다시 가고싶도록 해주신 윤숙영 가이드님 꼭 다시 뵙고 싶네요,싱가폴,5
268288,즐거운 여행으로 행복충전,2025-07-03,간**,APP1141,패키지 > 동남아,[노쇼핑/오차드 시내 중심 호텔 숙박] 싱가포르 5일 # 1일 자유,싱가포르 노쇼핑 3박5일 여행을 크리스탈 윤(윤숙영) 가이드님 덕분에 안전하고 즐겁게 잘 다녀왔습니다. 숙소 최고였고요.감사합니다.,싱가포르,7
268109,싱가폴여행,2025-07-02,이**,APP5131,패키지 > 동남아,[노쇼핑/전일관광] 싱가포르 5일 #미식여행,이번 3박5일 싱가포르 여행 다녀온 후기 남깁니다 가이드 이지현님과 함께한 일정 너무알차고 좋은여행 이었어요 싱가폴의 역사와 문화 경제등 현재의상황들 잘 설명해주셔서 이해하는데 도움이 되었어요 날씨가 습하고 덥긴했지만 가는곳곳마다 넘넘 멋있고 황홀했습니다 특히 가이드 이지현님의 센스넘치는 리더십에 감동 받았습니다 무더운 날씨에 우리팀 힘들지않게잘 이끌어주셔서 지치지않고 여행을 즐길수 있었어요 1일 5식을 먹으며 살은 많이 쪘으나~^^;; 특히 새우국수와 송파 바쿠테는 잊지못할 맛이었습니다 마지막날 클라키 리버보트 타면서싱가폴의 야경이 너무 아름다웠어요 참좋은여행을 통해 만난 이지현 가이드님과 함께한 우리팀께 다시한번 감사드립니다~^^ 내년 예정된 동유럽 여행도 참좋은 여행과 함께하겠습니다 참좋은여행 화이팅~~!! ♡♡♡,싱가포르,7
267843,아이와 단둘이 여행,2025-07-01,안**,APP1144,패키지 > 동남아,[노쇼핑/센토사 5성급 아웃포스트 호텔] 싱가포르 5일 #1일자유,아이 유치원 친구네와 함께 떠난 싱가포르 여행~~아빠없이 엄마와 아이만 가는 여행이라 걱정이 많았는데 베터랑 가이드님 딸기엄마님을 만나서 즐겁게 여행했습니다~아이도 마지막날 공항에서 가이드님과 인사할때 왜 선생님 같이 안가냐고 물어볼 정도였네요~~최대한 덥지 않은 시간에 많은걸 할 수 있도록 일정 조정 해 주셔서 신나게 다닐수 있었네요~~,싱가포르,7
267606,여행~>나그네처럼 다니는 것♡,2025-06-30,이**,APP010,패키지 > 동남아,[싱가포르 + 조호바루 + 바탐 5일] # 노쇼핑 # 3개국 관광,"어느날 떠나고싶다 ~ 하면 시작되는 여행♡ 예쁜 여우 여섯명의 언니들과 세나라를 함께 한다는 사실만으로도 좋다고 생각하였고, 공항부터 시작된 여정에서 왁자지껄. 동서남북 갈라치기 했지만, 결국은 창이공항입구에서 우리는 다시 만났고, 그 만남사이에 윤성윤(에이미)가이드님의 초롱초롱 밝은 목소리에 피곤함은 싸악 가시고, 바로 말레이시아로 넘어가는 길~ 가이드없이 우리끼리(까마악, 넘넘 신났었어용^^:;) 출국하고 입국하고 1시간을 넘겨, 드뎌 또 만난 말레이시아 가이드(쏘리:이름 까먹^^:;~>하지만 얼굴은 기억♡)만나, 담날 뜨거운 빛을 쐬가며 신나게 왕궁 담벼락 보고 시골마을 가서 묘지보고 밥먹고 (상추 더 안주는 한식당 ㅜㅜ)그리고 또 페리타고 출국하러 인도네시아 입국하고, 바탐에서 김만복가이드님 만나 1박 2일 휴양지가 되는 섬에서 25년만에 수영복에 바나나보트에 ㅋㅋㅋㅋㅋ 😂 여자들끼리 모여 우아하고 사랑스럽게 놀다보니 어느새~ 다시 출국장에 ^^:; 싱가포르 에이미가 우릴 반겨주네요♡ 가든의 나라에서 하늘에 떠있는 마리나베이에 후다닥 올라가 사진찍고 ^^(넘 뜨거뜨거~) 보타니가든을 휘리릭!!! 그리고 리버보트에 야경까지♡♡!! 제게는 알차고 꽉차고 아름답고 다양하고 풍부한 그보다 더 중요한 것은 언니들에 대해서 더 많이 알게 된 여행이었답니다. 참좋은 유쾌함과 함께 ~ 참좋은 여행다웠답니다.",싱가포르,7
263028,크리스탈윤 가이드님 짱,2025-06-09,연*,APP1141,패키지 > 동남아,[노쇼핑/오차드 시내 중심 호텔 숙박] 싱가포르 5일 # 1일 자유,3박5일간 4팀의 각 가족 총 14명을 책임져주신 크리스탈윤(윤숙영) 가이드님 덕분에 즐거운 여행을 보내고 공항에서 한국행비행기를 대기중입니다~ 싱가포르 방문이 2번째인데도 가이드님 덕분에 또 방문하고싶네요~,싱가포르,7
263017,박혜련 가이드님과의 싱가포르 여행 좋았습니다.,2025-06-09,진**,APP1141,패키지 > 동남아,[노쇼핑/오차드 시내 중심 호텔 숙박] 싱가포르 5일 # 1일 자유,시댁 식구들과의 싱가포르 여행 좋은 추억 많이 남기고 갑니다. 선택관광D를 선택하여 바쁘지만 모든 일정을 최상의 시간에 맞춰 보여주기 위해 분주히 노력해 주신 박혜련 가이드님 덕에 멋진 야경은 물론이고 다른 여행객들과 번잡하게 부딪치지 않도록 시간과 동선을 철저히 계산해 주셔서 여행하는 동안 편히 다닐 수 있었습니다. 적극 추천합니다. 즐거웠습니다. 감사합니다.,싱가포르,7
262561,눈이 즐겁도 입이 맛있는 알찬여행,2025-06-09,이**,APP1143,패키지 > 동남아,[노쇼핑/싱가포르 5일] #전일관광 #특식3회,십여년전 더녀간후 별기대없이 날짜 때문에 선택한 곳이였는데. 이인영가이드님 딸기맘 덕분에 참 즐겁고 마음 편하게 잘 구경 했네요 역시 가이드를 잘 만난 덕분이라생각합니다. 베테랑답게 기다리지도않게 모든일정이 순조롭게 아름답게 알차게 진행됐던것 같아 딸기맘님 감사하고 사랑해요. 매일매일 화이팅!!!!! 싱가포르 또가곳싶은 나라가 됐네요 6월 3일부터 7일까지 함께여행한 모든분들 행복하세요. 군산입니다 ^^,싱가포르,7
262252,3박5일 싱가포르 여행후기,2025-06-06,임**,APP1141,패키지 > 동남아,[노쇼핑/오차드 시내 중심 호텔 숙박] 싱가포르 5일 # 1일 자유,여고 동창들과 함께 한 여행에서 소중한 추억 가득 만들고 왔습니다. 윤숙영 가이드님 여행하는 동안 넘 고마웠고 감사했어요..길 잃었을때도 친절하게 챙겨 주시고 기다리는 사람들 한테도 미안하지 않게 말씀 해주셔서 역시 경력을 무시 못하는구나 싶습니다. 생각지도 못한 인연이 더해져 더 재미있었고 다시한번 갈때 가이드님도 또 또 만나고 싶어요..존경합니다^^.,싱가포르,8
262122,베테랑 가이드~~,2025-06-06,서***,APP1143,패키지 > 동남아,[노쇼핑/싱가포르 5일] #전일관광 #특식3회,더운나라이지만 상위권 싱가폴~ 늦은도착.늦은출발~까지 꼼꼼히 챙겨주시고 ~시크하면서도 정감있고.땀에흠뻑젖은 뒷모습보면서 부지런히 가이드해주시고 식당이든 관광입장이든 웨이팅없게.일정조율해주면서 덥고힘들었지만 알차게 여행다녀왔어요~~진짜 좋으신분들만 모였는지 울팀 쵝오였습니다.3일관광동안 비한방울도 안맞고~복받은 팀에 가이드님까지 진짜 짱이였습니다~역시 전일관광엔 가이드가 한몫합니다~ 인연되어서 감사했습니다.백혜련ㆍ가이드님~~,싱가폴,5
261509,김정민 가이드님 감사합니다,2025-06-04,유**,APP1143,패키지 > 동남아,[노쇼핑/싱가포르 5일] #전일관광 #특식3회,"간만에 친구와 부부동반으로 싱가포르를 다녀왔다 작지만 결코 작지않은 깨끗한나라, 알듯하지만 많은것을 몰랐던 나라에서 가이드 김정민(에릭카 김)님의 해박한 지식으로 상식을 키우며 순간 순간의 추억사진 선물에 진심으로 감사드립니다 건승하세요",싱가포르,8
261432,박혜련 가이드님 싱가포르 여행,2025-06-04,L*****,APP1143,패키지 > 동남아,[노쇼핑/싱가포르 5일] #전일관광 #특식3회,와 생각보다 너무 알찬 여행 패키지 였습니다. 박혜련 가이드님 덕분에 한결 즐겁고 상쾌한 여행을 할수있어서 너무너무 좋았습니다. 정말 감사드립니다. 저의 경우에는 일본에서 와서 합류하였으나 같이 여행 패키지로 정말 아주 편리하게 호텔이나 공항 터미날까지 안내를 받아서 아주 도움이되었습니다. 여러가지 배려와 좋은 정보도 감사드립니다. 특히 모든 일정이 끝났는데도 터미날 근처에서 마지막으로 Jewel 이라고하는 곳까지 추천해주셔서 사진도 더 찍고 지루함없이 비행기를 기다릴수 있었습니다. 정말 기대이상으로 고맙습니다.,싱가포르,8
259956,가길 잘했다. 참좋은여행으로,2025-05-28,김**,APP1140,패키지 > 동남아,[노쇼핑/월드체인 호텔UP] 싱가포르 5일 #전일관광,"참좋은여행 상품으로 5/16일부터 3박5일 동안 부부가 동반하여 여행을 다녀 왔다. 평소 가보고 싶은 마음은 있었지만, 이번에 가길 잘했다. 많은 것을 보고, 즐기고, 체험하고 하였다. 싱가포르가 적도 부근 도시라 덥지 않을까 생각했지만, 그리 많이 덥지도 않았고 인상 깊었던 것은 시티투어버스를 타고 본 각양각색의 도심 빌딩과 도시의 스카이 라인이 무척 아름다왔다. 가이드 분의 말에 의하면 싱가포르는 건축을 할 때 같은 모양의 건축물은 인가가 나지 않는다는 말을 실감할 정도로 각양각색의 빌딩이 스카이라인을 멋지게 한 것 같다. 그런 현대 건물빌딩 숲 속에서도 차이나타운, 아랍 스트리트, 인도마을 등의 다민족 문화를 보존하고 유지하여 여행객들의 볼 거리를 다양화한 것도 좋았다. 특히, 싱가포르강 크루즈 야경투어는 다른 어느 나라의 야경 못지않은 멋진 풍경이었다. 그외에도 보타닉 가든, 머라이언 공원, 밤 슈퍼트리가든 렙소디 쇼, 루지 타기 체험 등도 어른, 아이 할 것 없이 즐겁고 재밋는 볼거리, 즐길거리 였다. 이런 3박5일 일정을 40여년 체류하며 경험하고, 가이드하며 체득한 능력으로 바쁘지 않으면서도 일사불란하게 물 흐르 듯 잘 리드하고 설명해 주시고, 불편함 없이 여행할 수 있도록 전 일정을 돌봐주고 관리해 주신 최애영 가이드님에게 감사와 찬사를 보냅니다. 앞으로도 계속 싱가포르여행을 하는 여행객들이 즐겁고, 풍요로운 여행이 되도록 하여 주실 것이라 믿습니다. 최애영 화이팅 ! 마리나 베이 샌즈 머라이언 분수 수퍼 트리 싱가포르 스카이 라인 인도마을 벽화 센토사섬 저녁 노을 슈퍼트리 가든",싱가포르,8
259040,정용우가이드님과 싱가포르!!,2025-05-25,이**,APP1144,패키지 > 동남아,[노쇼핑/센토사 5성급 아웃포스트 호텔] 싱가포르 5일 #1일자유,"3박 5일 싱가포르 여행을 좋아하는오랜 지인과 가기로 하고 이 상품을 예약했는데 예약과정부터 변경내용이있고 이것 저것 알아 볼수록 걱정이 되었는 데 공항에서 정용우 가이드분을 만나고 나서 전체 일정에 대해 듣고 같이 다니는 일행이 호텔이 달라 일정이 힘들어지면 어떻하나 했는 데 다음 날 일정이 시작되면서 그런 우려는 전혀 할 필요가 없었다. 세심하게 숙박부터 챙기시고 싱가포르에 대한 역사와 어떻게 사람들이 살아가는지 재미있게 풀어내 주시고 일행들 각자에게도 즐거운 추억을 만들 수 있게 사진부터 만족스런 식사와 소소한경험들을 하게 해주신 최선을 다해서 오는 날 공항까지 마무리 잘하게 보살펴 주신 정용우 가이드님 정말 최고의 3박 5일 이었습니다. 선택 관광도 리버보트, 마리나샌즈 스카이공원. 불꽃놀이 공연등 감동이었습니다.작은 섬나라라 이번 한번이면 됬다 하면서도 12월 크리스마스에 다시 한번 더 오고싶은 마음이 들게하신 따뜻한 배려와 진심이 느껴진 정용우 가이드님에게 감사드립니다. 참좋은여행 상품을 다니며 가이드님분들이 좋은 분들이었지만 짧은 일정을 이렇게 만족하게 보낼줄은 몰랐습니다. 만족스런 여행 하게 해주신 정용우 가이드님 다시한번 감사 드립니다. 참좋은여행과 같이 다닌 일행분들 같이 여행와준 내 친구,모두 행복한 날들 되시길 기원합니다.",싱가포르,8
257859,이사벨여왕같은 여행과 알폰소왕같은 바보같은 여유~>참좋은 여행다웠답니다.,2025-05-20,이**,EPP553,패키지 > 유럽,[스페인 최다 송출_ NO.1] 스페인/포르투갈 9일 #바르셀로나 자유 #소도시 관광,"시작부터 복작거리기 시작한 20년지기 친구와의 여행~>참좋은 스페인.포르투갈 8박9일♡ 21시간의 긴 비행부터 저린 엉덩이를 들고 바르셀로나 공항에서 내리자마자, 내달리기 해서, 출국장에 도착하면 뭘하나, 좁디좁은 가드라인과 습하고 더운 긴 줄에서 1시간 남짓 기다리는 순탄치 않은 재미를 주는 1탄^^. 버스타고 또 내내 달리며 시작된 강태진 가이드님의 스페인 역사공부가 2탄^_^ 가우디 성당이라고 5분 후 마감이라고 32명의 한국 관광객이, 또 500미터 달리기를 선착순으로 하면서, 서로 먼저 들어가겠다고 아우성~ 입장을 시작하자마자 패스트푸드 먹는 기분으로 후다닥 둘러보고 제대로 된 사진 한장없이 20분 수박 겉핥기식 관광 3탄^~^ '세상에 이런일이 ~ 요렇게 보려고 21시간 2,140,000원의 돈을 지불하고 20분 가우디 성당 끝' 더 이상의 기대는 어렵겠구나~~~^^: 그렇게 시작된 달리기 여행은 귀가 멍멍할 정도로 마지막 날 똘ㄹㅔ도 대성당까지 지속되었다. 그나마, 집에서 하지 않던 운동은 실컷하고 간 기분으로 즐겨서 다행이랄까~~^^~~ 해박한 지식을 쉬지않고 들려주는 강태진 가이드님의 이론주의 투어는 별다른 불만은 없었지만, 성당 역사. 그림 역사. 왕국 역사... 그 중에 제일은 이사벨여왕과 봐아보같은 알폰소라는 기억이 강하게 남은~~~^^:; 말 그대로 관광을 온 나에게는 불편함에 몸부림치게 해주신 게 참 많아서, 유럽에는 다시 오지 말아야겠다~~~ 라는 생각으로 지쳐가게 하셨음^^:; 하지만 친구는 역사에 관심이 많다며 1등으로 쫓아 다니며 즐거워 하더이다♡ (역사는 나무위키에서~^^:;~~) ((왕국, 왕궁. 왕조보다는 그나라의 백성. 주민. 서민층의 경우 어떤 삶을 살았는가가 더욱 중요하지 ~~~>나는 서민이니까욤^^)) 🦊이번 참좋은 스페인. 포르투갈 8박9일 여행길위에 흐르는 내 기분은 참 좋은 유쾌함과 당혹감이 함께 한 길이었다. 🦊꾸준히 이용하고 있는 참좋은 여행사~ 담달에 언니 7명과 싱가포르. 말레이시아. 인도네시아 3국 여행은 어떤 경험을 주려는지~~~ 😎존귀감 뿜뿜 이명호 인솔자님의 소리있는 아우성~ 작게나마 재미를 더해서 위로됩니다!!!",싱가포르,8
256665,싱가폴3박5일 여행,2025-05-15,김**,APP1144,패키지 > 동남아,[노쇼핑/센토사 5성급 아웃포스트 호텔] 싱가포르 5일 #1일자유,임규원 알렉스 가이드님 친절하시고 꼼꼼히 알찬여행하고 돌아갑니다.가이드님의 열정에 감사하고 넘 행복한 여행이었습니다!!!,싱가폴,5
255843,아이비 가이드님을 만난건 행복 그 자체!,2025-05-12,김**,APP5141,패키지 > 동남아,[노쇼핑/월드체인 호텔]싱가포르 5일 #1일자유 #미식여행,"아이비 가이드님을 만난것 자체가 행복이었던 여행이었습니다 숙소인 머큐리 싱가포르 온 스티븐스 호텔은 접근성이 좋아 일출전에 머라이언공원까지 뛰어서 갔다올수 있었습니다. 12명의 인원이 45인승 버스를 타고 이동하는동안 언제나 즐거운 시간이었습니다 가이드님께서 열정적으로 찍어주신 사진 전부가 화보집 이었다 마리나 베이 샌즈호텔, 머라이언공원,보타니가든,스카이파크,센토사,버드파라다이스를 포함 자유일정으로 간 유니버셜 스튜디오 싱가포르는 환상적이었습니다. 12월에는 크리스마스를 맞아 아이들과 함께 하고 싶은 예정입니다 아이비 가이드님 정말로 감사합니다 인연이 된다면 또 뵙겠습니다",싱가포르,8
255138,딸기엄마 가이드님과 즐겁고 알찬 싱가폴 여행,2025-05-10,이**,APP5141,패키지 > 동남아,[노쇼핑/월드체인 호텔]싱가포르 5일 #1일자유 #미식여행,패키지 여행 위주로 세계 곳곳에 십년넘게 다니는 저는 좋은 가이드님 만나면 여행내내 행복합니다~~ 딸기엄마 가이드님 덕분에 우리팀은 기다림 거의 없이 다녔다는 사실! 가이드님 연세가 있으신데도 우리 젊은팀 보다 체력이 더 좋으셨어요 딸기엄마 덕분에 싱가폴 여행 두고두고 기억에 남겠네요 매우 알차고 재밌었어요,싱가폴,5
255046,싱가포르 여행은 이걸로 끝! 구미경 가이드님과 싱가포르 여행♡,2025-05-09,엄**,APP1141,패키지 > 동남아,[노쇼핑/오차드 시내 중심 호텔 숙박] 싱가포르 5일 # 1일 자유,"지난 5월 2일부터 5일까지 구미경 가이드님과 함께 싱가포르 여행을 무사히 마치고 일상으로 돌아온 "" 피클 ""입니다. 20년 지기 친구 4명이 각자 남편과 아이들을 두고 어렵사리 시간을 조율하여 온 여행이라 하나하나 모든게 소중했어요. 구미경 가이드님께서 이런 저희맘을 아셨는지 낭비하는 시간없이 아주 능숙하게 일정을 배치하셔서 편안하고 쾌적하게 여행을 즐길 수 있었습니다. 덥고 습한 날씨에도 버스로 돌아와 이내 시원하게 충전하고 가이드님이 설명해주시는 싱가포르와 주변국가 관계 이야기, 역사, 문화, 부동산(?) 설명을 들으며 즐겁게 다닐수 있었어요. 그리고 가이드님은 날씨요정이신듯! 일정내내 비예보가 있었지만 덕분에 비를 요리조리 피했습니다! 덕분에 그만큼 소중했던 저희의 시간을 더 알차고 귀하게 채워주셨고요. 그리고 특히 저희 친구들 모두 잘 했다고 생각하는게 선택관광입니다. 원래는 선택관광을 자유일정에 넣어서 개별진행하려고 했었는데 가이드님 믿고 진행해서 오히려 그 시간이 너~~무 좋았고 후회가 없어요. 2층 버스에서 가이드님의 건축물 각각의 특색에 대한 설명을 들으며 싱가폴 곳곳을 시원한 바람 맞으며 누비고, 클락키 보트를 타고 선상 야경 즐긴 기억이 아직도 생생합니다. 평소 후기를 남겨달라고 고객에게 요청하지 않으시는 것 같아 후기가 잘 없는듯 한데 구미경 가이드님 경험해보시면 진짜 만족하실거에요. 패키지를 선호하지 않았더라도 이런 퀄리티의 패키지여행이라면 선호하시게 될겁니다?! ^^ 여행지에 대한 좋은 기억, 평생에 남을 행복한 추억 남겨주셔서 두고두고 감사드릴거에요 ♡ 건강하세요! [시원한 바람맞으며 2층버스 씽씽] [리버원더스 방문] [노보텔 스티븐슨에서 휴식을!] [머라이언 공원♡ MBS를 배경으로 슬링 한잔! ] [센토사 케이블카와 루지 타기] [잊지 못할, 낮보다 더 빛나던 싱가포르의 밤♡] ""정말 행복한 시간이었습니다! 감사해요 ♡ """,싱가포르,8
254838,허윤선가이드님과 함께 한 싱가포르 여행 알차고 좋았어요!,2025-05-09,박**,APP1141,패키지 > 동남아,[노쇼핑/오차드 시내 중심 호텔 숙박] 싱가포르 5일 # 1일 자유,"이번 싱가포르 패키지 여행에서 허윤선 가이드님을 만나 정말 뜻깊고 만족스러운 여행을 할 수 있었습니다. 단순히 관광지만 둘러보는 것이 아닌, 싱가포르라는 나라에 대해 더욱 깊이 이해할 수 있었던 소중한 시간이었기에 이렇게 후기를 남깁니다. 허윤선 가이드님은 여행 전부터 일정 안내와 준비사항을 꼼꼼히 챙겨주셨고, 현지에서는 시간 관리부터 동선까지 빈틈 없이 진행해주셔서 전혀 지루할 틈이 없었습니다. 특히 좋았던 점은 싱가포르에 대한 깊이 있는 설명이었습니다. 마리나 베이 샌즈, 가든스 바이 더 베이 등 주요 명소의 역사와 문화적 배경을 쉽고 재미있게 알려주셔서 더 의미 있는 관람이 가능했습니다. 단순히 ‘보는 여행’이 아닌 ‘이해하고 느끼는 여행’이 되었다고 느껴져요. 또한 현지 생활 정보나 숨겨진 맛집, 현지인들의 문화까지 세세하게 설명해주셔서 마치 싱가포르에 오래 살아본 사람처럼 현지 분위기를 잘 느낄 수 있었습니다. 덕분에 여행이 끝난 지금도 싱가포르에 대한 이해와 애정이 훨씬 커졌습니다. 여행 내내 밝은 에너지로 팀 분위기를 이끌어주신 허윤선 가이드님 덕분에 전 일행 모두가 즐겁고 편안하게 여행할 수 있었습니다. 다음에도 기회가 된다면 허윤선 가이드님과 함께 또 다른 여행지를 떠나고 싶을 정도로 만족스러운 여행이었습니다. 진심으로 감사드립니다 :)",싱가포르,8
254745,싱가포르 여행 허윤선 가이드님 덕분에 즐거운 여행이었습니다,2025-05-08,김*,APP1143,패키지 > 동남아,[노쇼핑/싱가포르 5일] #전일관광 #특식3회,3박5일 싱가포르 여행 즐겁고 유익한 시간이었습니다 허윤선 가이드님 박식하시고 여행객인 우리들을 하나라도 더 보여주려고 늦은 저녁까지 친절한 안내와 역사 공부까지 참으로 즐거운 시간이 되었습니다 감사합니다,싱가포르,8
254712,허윤선 가이드님 칭찬합니다,2025-05-08,노**,APP1141,패키지 > 동남아,[노쇼핑/오차드 시내 중심 호텔 숙박] 싱가포르 5일 # 1일 자유,5월의 긴 연휴를 어떻게 즐길까? 고민하다가 아들과 마리나센즈를 보고 싶은 마음에 여행을 준비했습니다 아직 여름에 들어가지 않은 한국에서 싱가포르 날씨를 상상하기 어려웠으나 창이 공항 밖으로 나오자 마자 후끈한 공기로 먼져 마자주는 싱가포르 였다 페키지 관광의 장점은 단기간 핵심포인트를 구경한다는 점에서 매력적이다 허윤선 가이드님은 핵심포인트 마다 분비는 시간을 쳬크하셔서 많이 기다리지 않고 입장할 수 있도록 짜임새있게 안내하였습니다,싱가포르,9
254498,후기,2025-05-07,박**,APP1143,패키지 > 동남아,[노쇼핑/싱가포르 5일] #전일관광 #특식3회,이번 싱가포르여행 명소부터 맛집까지 완벽한코스 가이드님의 완벽한설명 덕분에 좋은추억 만들고왔습니다 정말정말 고맙습니다.........,싱가포르,9
253841,싱가포르 여행,2025-05-05,김**,APP1140,패키지 > 동남아,[노쇼핑/월드체인 호텔UP] 싱가포르 5일 #전일관광,엄마 이모들 모시고 이번 연휴 여행을 갔는데 너무 즐겁게 다녀왔습니다. 일정은 빡빡하여 힘들기도 했지만 허윤선 가이드님이 날씨와 현지 상황을 고려해서 일정을 배치해주셔서 즐겁게 여행할 수 있었습니다. 또 중간중간 자유시간을 주셔서 패키지 상품이라 못살거라 생각했던 기념품들도 살수 있었고 인기있는 기념품들 위치도가이드님이 알려주셔서 빠르게 쇼핑할 수 있었어요! 이모들이 향신료 때문에 음식 못드실까봐 걱정했는데 다행히 잘 드셔서 가져간 볶음 김치랑 김이 많이 남았어요ㅋㅋㅋㅋ 마지막으로 대한항공 4터미널이라쥬얼 창이는 폭포 못보고 떠나야 하나 싶어 너무 아쉬웠는데 깜짝 선물(?)로 쥬얼 창이에 들렀다가 각자의 터미널 데려다 주셔서 너무 좋았어요 허윤선 가이드님 더운 날씨와 피로로 투덜 거려도 항상 웃는 얼굴로 안내해주셔서 감사했습니다!,싱가포르,9
253826,개운하지않는 여행,2025-05-05,정**,APP0101,패키지 > 동남아,[싱가포르 + 바탐 5일] #노쇼핑 #관광+휴양,"5/1~5/5 싱가포르/바탐 여행 잘다녀 왔습니다 정원도시국가답게 깨끗한 도시환경과 개성있는 건물들이 눈길을 잡더군요 이애경가이드님 해박한 역사설명좋았고 고생하셨습니다 현지인가이드 만복씨 자르르르르르하시더군요 아주좋았습니다. 여행을 마치면서 개운하지 못한것을 몆가지 말씀드리면 라노섬 특성상 식당사정으로 별도로 한국반찬준비 따봉입니다.모든분들 맛있게 먹었습니다 아쉬운점은 -개인이 생수 지참(저는 500mm 생수 8병준비),바탐에서는가이드님이 1인1병/일 제공), 무더운 날씨에는 버스에 아이스박스 비치하여 시원한 생수제공이 필요합니다(필요시 실비제공) -라노섬 물때시간 문제로 행사대기발생문제 -선택관광 코스별 관광내용 불일치로 다툼발생 -한국행 비행기시간 다른일행 공항 케어 문제 본사에서 정리가 필요하다고 생각됩니다 좀더 발전하는 참좋은 여행사가 되시기를 바랍니다 함께한 참좋으신분들 반가웠고 즐거웠습니다.건강하시길 기원합니다",싱가포르,9
253692,허윤선 가이드님 덕분에 인문학과 관광을 동시에,2025-05-04,전**,APP1143,패키지 > 동남아,[노쇼핑/싱가포르 5일] #전일관광 #특식3회,허윤선 가이드님 덕분에 인문학과 관광을 동시에 누렸습니다. 현지인만이 알 수 있는 정보와 하나라도 더 알려주시기 위해 준비하신 내용에 알찬 여행이었어요. 여행객 중 다리가 불편하신 어르신이 계셨는데 가족보다 더 살뜰히 챙기시더라고요. 불꽃 감상 프로그램에선 어르신을 별도로 편한 자리로 모시고 함께 계시더라고요. 가이드님의 배려와 열정 덕분에 예상보다 100배 풍성한 싱가포르 체험하고 왔네요.,싱가포르,9
252084,싱가폴 이성철님 짱!!!,2025-04-26,류**,APP9167,패키지 > 동남아,[부산][노쇼핑/전일관광] 싱가포르/가든스바이더베이+센토사/칠리크랩 5일 안심여행,"2025 4월 21일 부산연합페키지로 참여했던 싱가폴 여행. 짧은 3박 5일이라 별로 기대없이 출발했으나 생각보다 기분좋은 시간을 보내고 돌아왔다. 8명으로 구성된 일행분들도 젊잖고 친절했으며 숙소나 식사도 만족스러웠다. 특히 현지에서 우리를 도와준 이성철 가이드님의 성실하고 세심한 안내는 칭찬받기 충분했다. 대한민국을 사랑하는 마음은 기본이고 싱가폴에 대하여 하나라도 더 설명해주려고 노력하며, 최선을 다하는 그의 부지런한 움직임은 여행하는 내내 우리 일행들을 편하게 해주었다. 현명하고 유능한 인재를 활용하여 여행자를 기분좋게 해 주는 참좋은여행사에 감사드린다.",싱가폴,5
251333,참 좋지 않은 여행,2025-04-22,고**,APP5141,패키지 > 동남아,[노쇼핑/월드체인 호텔]싱가포르 5일 #1일자유 #미식여행,"싱가폴 3박 5일 노쇼핑, 와 싸다. 이 가격에? 일단 질렀다. 선택관광이 있는건 알았지만, 개인의 자유라기에 그런 줄말 알았지.. 근데 선택관광 모두를 한다고 생각하고 가야 심신이 편하다. 사실, 선택관광 전부를 선택하더라도 가격 자체만 놓고 보면 절대 비싼 건 아닌것 같다. 근데, 자발적으로 하는 것과 시켜서 반강제로 하는 것은 천지 차이이다. 정말, 자유롭게 선택할 수 있도록 하려면 일정을 조절하면 될 것인데, 협조하지 않는 자(선택하지 않는)들은 땡볕체험을 하도록(이건 공짜다) 일정을 짜놓았다. 게다가 소신을 지키려면 왠지 눈치가 보이는 것도 사실이고... 참좋은 여행의 취지를 살리려면 선택관광이라는 용어를 쓰지 말고 전체금액을 제시하는 것이 좋지 않을까? 괜히 사람 무안하게 만들지 말고... 단체여행에서 가이드의 역할이 중요하다는 건 초딩도 안다. 그런데 이건 복불복이다. 뭐, 꼭 그 가이드가 성격이 나빠서가 아니라 그날(또는 그전날..)일진이 좋지 않다거나, 모두에게 잠재되어 있는 가학적 심리를 유발하는 일행이 있다거나 하면 그럴 수도 있을 것이다. 어쨎던, 내가 알기로는 일정을 보통사람의 수준에 맞추어서 어디에, 몇시에 집결하라는 말을 하는 것이 맞는 것 같은데, 그냥 '여기로 오세요' 해놓고 정작 '저기'에서 기다리다가 '여기'를 가보니 없어서 패닉상태에서 한증막 체험을 하다가 가까스로 찾았는데, 모든 사람 면전에서 대 놓고 퍼붓는 가이드도 있더라. 나도 남들만큼 배웠고, 고문관 소리 듣지 않고 사회생활 했는데, 그런 소리 듣고 보니 다 때려치우고 집에 가고 싶더라. 참기는 했지만, 이럴려고 신청했나? 싶더라. 혹시 가이드의 기분이 좋지 않은 것 같으면 찍히지 않으려고 노력하는 것이 일정을 잘 마치는 요령이다. 내 생각이니까 그냥 참고하시라. 특별하게 누구를 찍어서 비난하는건 아니다. 그래도 일행 중 좋은 사람이 있어서 마지막은 즐겁게 지냈다. 복받으실 겁니다.",싱가폴,6
250646,만남에복,2025-04-20,김**,APP1141,패키지 > 동남아,[노쇼핑/오차드 시내 중심 호텔 숙박] 싱가포르 5일 # 1일 자유,딸기님! 싱가폴여행 참즐거웠습니다만남에 복으로 편하고즐거운 여행이여습니다 진심을다해섬겨주시는 모습에 감탄 해습니다,싱가폴,6
250393,첫여행 싱가포르~~,2025-04-18,이**,APP9167,패키지 > 동남아,[부산][노쇼핑/전일관광] 싱가포르/가든스바이더베이+센토사/칠리크랩 5일 안심여행,해외여행이 처음인 세명의 일행과 함께한 싱가포르여행~ 부푼마음에 답하듯 연합팩임에도 총 여행객은 우리 일행뿐이였다 그야말로 럭키비키 ^^ 싹싹하고 친절한 안은정 가이드님 덕분에 여행의 즐거움은 배가 되어 돌아왔네요 여행하는 동안 잘 케어해주시고 감사했어요 항상 건강하세요,싱가포르,9
250162,마리나 베이 샌즈에서의 2박은 생애최고의 순간,2025-04-17,이**,APP0115,자유여행 > 동남아,[마리나베이샌즈 2박 포함] 싱가포르 자유여행 5일,"나이 칠십을 넘어서 부부 둘만의 여행은 조금은 두려운느낌도 없지 않다. 제대로 할 줄도 모르는 영어에다, 인터넷으로 이리저리 줏어들은 정보로 4일동안 여행을 한다는 사실에 약간의 겁을 먹은건 사실이다. 막상 창이공항에 도착했을때는 조금 막막했으나 미리 어느정도 준비된 자료로 숙소까지 가는데는 아무런 문제가 없었다. 출국전에는 MRT를 이용하려고 계획을 세웠지만 막상 이용할려고 하니 날씨가 너무 더워 옆에서 더위에 땀 줄줄 흘리는 아내를 보니, 안되겠다 싶어 여행 내내 택시를 이용했다. 라벤더 호텔까지 택시요금이 우리돈으로 4만원 남짓 나왔던 것 같다. 그 호텔은 솔직히 실망이었다. 주변에 볼거리도 아무것도 없었고 숙소의 상태도 영..... 어찌되었던 그 곳에서 하룻밤을 보내고 아침 일찍 마리나베이 샌즈 호텔로 이동했다. 택시 요금은 이만원 정도. 짐을 맡기고 머라이언 파크에 다녀온 후 체크인을 했는데 마리나베이 샌즈호텔은, 내가 상상하는 그 이상이었다. 여행사에서 예약을 할 땐 10층 이하의 층이라고 이야기 들었는데 호텔리셉션에서 면담을 할 때 운이 좋았던지 방을 무료 업그레이드 해 주었다. 35층의 객실이었는데 앞은 머라이언 파크가 바로 보이고 뒤는 가든의 전경이 바로 보이는 정말 마음에 드는 객실이었다. 자쿠지에다 초대형 TV, 커피머신은 물론, 우리부부가 좋아아하는 TWG차들이 종류별로 전부 다 있었다. 앞서 1박했던 라벤다호텔을 보는 순간, 이번 여행 망쳤구나... 하던 생각이 일순간에 날아간 순간이었다. 마리나베이 샌즈의 조식은 그냥...그저 그런 수준, 맛은 괜찮았지만 구색이 별로 마음에 와 닿진 않았다. 특이한 건,...한국사람이 싱가폴에 그렇게 많이 간다고 하는데 이번 여행에선 중국사람들의 왁자지껄한 소리들만 들었던 것 같다. 특히 마리나 베이샌즈에서 두어팀과 머라이언파크에서 서너팀...그 외엔 본 기억이 없다. 그래도 공항에 가니깐....꽤 많이 보이긴 했다. 다 들 어디에서 묵고 오는건지. 마리나 베이 샌즈는 확실히 매력있는 숙소임이 틀림없다. 그리고 싱가폴은 자유여행하기에 너무나도 좋은 나라임을 확인했고 앞으로도 우리 부부의 자유여행은 계속 될 것같다.",싱가폴,6
248119,싱가포르 여행후기,2025-04-06,신**,APP1144,패키지 > 동남아,[노쇼핑/센토사 5성급 아웃포스트 호텔] 싱가포르 5일 #1일자유,"싱가포르 4월3일. ~ 4월7일 . (노쇼핑) 최애영(에스더최. ,,,싱가포르 최고미녀가이드님^^♡) 너무감사드립니다! 어느 곳을 가든지 방문장소에 대한 깊은이해를 바탕으로 쉽게 설명해주셔서 인원 모두가 그 장소를 보고난 후 싱가포르에서 왜 그런 명소가 생겼고, 유명해졌는 지 공감할 수 있었습니다. 또 유명 장소, 식당 ,공연장은 으레 너무 붐비고, 오래 기다려 지치기 쉬은데 어디를 안내하시더라도 항상 세심하게 계획하고 신경쓰셔서 다른. 팀보다 편히 좋은좌석에서 공연 보고, 음식도. 즐길 수 있었습니다ㆍ 여행객의 연령대에 맞게. 눈높이 응대해주셔서 전윈이 즐겁게. 다녔습니댜 가이드님♡너무. 감사드립니다 ㆍ항상. 건강하세요 여러븐께. 적극 추천 드립니댜",싱가포르,9
247536,싱가포르,2025-04-03,오**,APP1141,패키지 > 동남아,[노쇼핑/오차드 시내 중심 호텔 숙박] 싱가포르 5일 # 1일 자유,만들어진 자연이나 건축물 모두 세계적이 되고 관광객을 유치한 멋진 나라 싱가포르~!! 발 딛는 곳마다 각국 사람들... . 3박5일의 아쉬움이 컸네요. 좋은 사람들과 좋은 가이드님 알찬 일정 참 좋은 여행이었습니다. 다음 여행을 기다리며... .,싱가포르,9
247352,싱가포르여행후기,2025-04-02,김**,APP1141,패키지 > 동남아,[노쇼핑/오차드 시내 중심 호텔 숙박] 싱가포르 5일 # 1일 자유,자매들끼리 싱가포르 여행을 가기로 결정을하고 더위에 취약한 관계로 걱정을 했는데 윤숙영가이드님의 열정에 더위도 잊고 빠져버렸네요 많은 정보 감사드리고 지칠줄 모르는 열정 본받고 싶네요 다음 여행오시는 분들이 가이드님을 만나면 행운이 될것 같아요 열심히 책임다하는 모습에 화이팅입니다,싱가포르,9
246667,싱가폴즐거운여행,2025-03-29,문**,APP1143,패키지 > 동남아,[노쇼핑/싱가포르 5일] #전일관광 #특식3회,"3.24.싱가폴여행은 구미경가이드님의 싱가폴의역사와 관광지마다 상세한설명과 친절하고 세심하게 보살펴주신 덕분에 편안하고 즐거운 여행이되었습니다, 좋은추억을 남기게되어 감사합니다 구미경가이드님의 건행을빕니다.",싱가폴,6
246610,싱가폴여행이 빛났던 또하나의 이유 정용우가이드와 함께,2025-03-29,김**,APP1142,패키지 > 동남아,[노쇼핑 / 마리나베이샌즈 호텔 1박 포함] 싱가포르 5일 # 1일자유,"설렘과 기다림으로 3박5일 싱가폴여행을 떠나던날. 창이공항에 현지인같은 정용우가이드님을 만나울때 크게 기대하지않았다. 이제 막 출소한듯한 외모와 우리를 의식하지않은듯한 옷차림,등등 그러나 왠걸 버스 오르면서 반전이 시작됐다. 김재동를 능가하는 말솜씨와 경험에서 우러나는 스케줄관리, 1일 자유여행을 걱정하는 6공주와 다른 팀에게도 각종 팁과 어드바이스는 여행의 정석을 알려주는 좋은길잡이가되었습니다. 또한 명소마다 인생샷을 직접 찍어주는등 넘 편하게 관람할수있어 좋았습니다. 특히 패키지일정이 마무리되어 늦은시간임에도 불구하고 창이공항 인공폭포와 식물원을 직접 데려가 설명해주시는 모습은 감동 그 자체였습니다. 싱가폴영주권자이지만 항상 우리나라를 자랑스럽게 생각하는 정용우가이드님 당신과 가족의 앞날에 항상 행운이 가득하길 기원하겠습니다.",싱가폴,6
